12 12 4 12 4 2 12 10 4 13 10 7 4 12 12 4 13 13 12 2 13 10 2 4 7 7 10 4 4 4 2 12 10 10 4 4 4 10 12 10 10 13 4 12 7 10 10 4 4 12 13 4 2 4 7 4 4 12 7 12 10 12 12 2 2 2 4 13 4 12 7 ,71
2 4 2 10 10 4 2 3 12 12 4 13 2 12 4 4 10 4 4 4 7 13 10 7 2 13 10 2 4 12 4 4 2 12 7 4 10 10 7 4 13 4 13 12 7 10 10 3 4 12 2 7 12 10 12 4 12 4 2 12 4 10 4 4 2 2 10 12 4 10 10 12 2 10 12 4 ,76
12 4 12 2 2 2 13 10 3 12 2 13 12 2 13 12 10 4 10 2 2 12 12 7 4 7 4 10 12 10 2 13 10 10 7 12 4 2 4 13 7 2 3 4 12 4 4 7 4 2 12 13 13 2 4 10 13 13 7 4 2 7 13 13 4 13 2 13 13 7 4 4 2 4 ,74
2 12 12 13 12 2 7 13 7 13 4 4 4 4 4 10 4 2 2 10 7 4 7 13 7 13 10 3 4 10 12 2 13 7 7 10 2 4 4 13 3 4 4 4 13 10 2 13 2 2 4 4 10 4 12 10 4 7 12 10 7 2 4 10 12 2 12 13 ,68
12 4 13 7 4 12 7 10 12 2 4 2 12 12 4 2 13 4 4 10 13 10 7 10 12 2 4 2 12 4 4 2 4 10 4 4 12 2 10 10 2 10 10 4 4 4 13 2 4 13 7 7 12 7 4 2 7 2 12 4 13 4 10 10 4 13 12 2 13 7 12 13 ,72
10 4 10 4 12 4 12 4 2 10 7 12 13 2 13 10 4 12 7 2 2 4 10 12 12 2 4 2 2 4 7 4 7 12 4 2 7 13 12 2 10 12 4 7 13 13 4 4 10 2 10 2 10 2 10 2 10 7 10 4 4 12 12 4 4 4 2 7 4 4 ,70
12 2 2 4 3 7 7 12 12 2 13 12 12 4 10 4 2 7 10 12 12 4 4 10 7 4 4 2 10 4 7 12 2 12 12 4 2 4 7 2 10 2 13 3 13 13 4 4 10 12 2 12 7 10 4 2 13 10 7 13 13 13 7 13 12 13 10 2 4 ,69
12 12 12 10 7 12 7 13 12 10 13 4 10 4 12 2 12 13 13 13 10 4 13 3 12 7 12 2 4 13 7 12 4 12 13 10 4 7 7 4 7 2 12 12 2 13 4 12 4 4 12 10 2 2 13 4 12 13 13 4 4 12 13 2 10 10 7 12 4 13 10 13 12 2 13 4 4 12 13 ,79
13 2 10 13 12 7 4 4 12 4 12 13 12 12 4 12 2 4 4 7 12 2 2 7 12 10 12 12 13 13 4 10 2 13 2 7 2 2 10 12 12 4 13 12 10 2 10 13 2 13 13 13 4 13 4 7 2 13 10 10 10 12 7 10 2 2 4 2 10 4 10 13 13 12 4 12 4 4 ,78
10 13 10 4 4 7 4 13 12 12 4 10 13 4 12 12 4 7 7 2 4 3 4 4 12 2 13 13 10 4 13 10 4 7 4 10 12 4 7 2 2 4 10 2 7 13 4 4 4 4 10 10 2 7 12 13 2 4 10 4 12 2 13 4 2 12 13 13 7 2 ,70
7 13 2 12 4 3 10 2 10 4 12 4 2 2 4 2 7 2 12 10 4 12 4 4 7 4 2 12 10 10 4 2 3 12 13 4 13 7 13 13 12 7 4 7 4 2 4 2 4 4 7 7 4 12 2 4 2 12 2 4 10 2 12 7 7 7 ,66
7 2 12 13 2 10 12 2 13 4 2 4 2 12 4 2 10 12 2 12 4 2 2 4 4 2 4 12 13 13 4 10 13 4 13 13 2 2 12 10 13 4 4 10 7 4 12 2 4 12 7 2 2 10 7 10 10 13 13 12 12 7 7 13 13 10 4 4 2 2 4 13 4 10 12 7 ,76
2 4 7 4 13 12 4 4 13 10 10 10 10 2 10 2 7 7 4 12 4 3 4 12 7 4 4 2 12 3 10 12 2 12 2 10 13 2 4 4 10 12 2 2 7 2 12 2 2 4 7 2 2 12 12 13 2 2 10 12 10 7 7 10 2 13 10 ,67
4 13 13 2 7 13 4 2 13 2 4 4 13 4 10 4 4 4 7 12 4 13 2 13 4 4 7 13 4 2 2 4 10 2 4 10 7 10 4 12 4 4 2 7 2 7 12 13 7 4 2 4 13 10 7 2 12 4 10 4 10 13 4 12 10 7 13 2 13 ,69
3 13 4 4 7 4 13 13 2 4 12 10 13 13 7 13 13 13 3 10 12 4 12 7 10 13 4 2 13 12 12 4 7 2 10 13 4 4 2 4 2 10 7 12 2 12 4 13 12 4 12 13 4 4 7 10 10 12 2 2 4 7 4 2 13 4 13 7 12 13 10 10 10 ,73
4 2 13 4 4 4 13 13 7 12 2 12 4 2 10 4 2 4 12 10 7 4 10 2 12 7 10 7 12 10 2 4 10 4 7 2 13 13 7 2 4 10 4 2 4 4 7 12 10 4 4 7 10 10 4 10 7 2 4 2 4 4 10 ,63
4 10 10 4 10 4 4 4 7 4 7 2 2 2 10 13 10 7 13 12 10 2 4 7 2 13 10 2 4 3 12 4 10 13 7 4 4 12 13 13 4 10 10 10 12 4 12 7 7 4 12 4 7 10 4 4 4 3 2 2 4 2 13 13 10 4 ,66
4 2 4 10 10 4 10 13 12 13 4 2 7 2 12 12 2 12 4 13 10 4 13 13 4 12 2 12 3 4 10 4 4 2 4 13 7 13 4 2 12 12 2 4 13 4 2 7 2 7 12 2 2 4 12 2 13 4 12 13 7 7 13 3 10 2 7 7 13 4 13 4 4 13 10 10 12 ,77
10 4 10 4 4 10 13 4 4 4 4 10 12 12 12 12 7 12 2 2 10 13 12 12 10 12 2 4 2 12 2 12 12 2 7 13 12 2 10 12 13 13 13 2 2 13 13 13 13 4 12 10 4 4 10 4 13 4 7 4 10 4 4 10 4 7 4 10 3 7 7 13 10 2 12 12 2 12 ,78
7 12 4 13 2 10 2 13 4 3 4 13 4 4 2 13 2 4 10 4 12 13 10 10 10 2 4 12 4 2 13 12 10 2 7 2 13 4 2 4 4 12 4 10 12 10 12 10 12 7 10 2 2 12 12 12 10 2 2 4 4 13 4 2 2 7 2 12 4 2 12 12 13 10 13 4 7 12 7 4 ,80
4 13 4 13 10 13 10 12 10 2 2 10 7 4 12 4 4 12 10 12 2 13 10 13 13 13 4 7 10 7 12 4 12 4 13 12 10 13 12 4 2 4 13 2 2 2 4 2 10 12 7 12 2 7 13 2 10 4 2 7 4 12 13 4 10 2 2 4 7 2 12 12 10 ,73
12 4 13 4 13 2 13 2 4 4 4 4 4 2 7 2 4 2 12 10 4 13 4 10 12 2 13 2 3 13 10 10 10 4 7 12 12 7 13 13 13 2 13 13 2 13 2 10 12 4 4 10 7 2 7 7 2 2 12 12 2 10 2 2 4 4 2 13 12 12 13 10 4 10 10 2 4 ,77
13 2 12 4 2 4 4 7 2 12 2 2 12 4 12 13 2 4 10 10 10 10 4 4 12 12 4 4 7 2 4 13 12 2 13 2 13 12 12 4 2 7 7 12 13 4 7 7 4 13 12 10 13 7 12 10 4 3 10 12 10 13 7 4 4 12 13 4 2 12 12 2 4 12 7 2 ,76
4 4 10 13 7 12 4 2 13 12 12 12 13 2 13 2 2 12 10 3 2 7 13 2 13 7 12 4 12 4 2 2 13 13 12 10 12 10 10 10 7 10 12 4 4 12 2 13 2 2 4 13 2 12 2 2 10 10 4 12 12 7 7 10 7 13 2 10 10 3 ,70
4 7 12 10 4 4 4 12 10 12 13 2 7 4 10 4 7 7 2 12 10 13 13 12 2 4 4 2 2 12 12 2 4 12 13 4 13 2 12 12 4 2 12 7 12 2 2 10 4 7 4 4 3 12 12 13 13 2 7 7 13 2 12 12 2 13 7 12 10 4 13 12 ,72
13 12 13 2 10 4 10 13 10 13 10 4 12 4 13 4 2 2 12 2 12 2 10 4 12 10 10 4 2 4 2 4 12 2 4 10 13 7 13 10 7 4 7 12 12 10 4 2 2 4 2 4 13 4 13 2 12 10 2 2 2 4 4 10 13 2 13 7 12 13 2 2 10 10 7 12 4 ,77
4 10 2 2 10 13 2 13 13 4 10 7 10 12 4 4 13 12 2 12 2 7 12 13 4 2 7 7 4 10 4 12 13 2 13 7 13 4 12 13 12 10 13 2 10 2 2 7 2 4 12 12 12 12 13 2 13 7 2 3 12 2 2 2 4 2 2 2 13 7 7 12 ,72
10 2 4 13 4 4 2 12 12 13 4 10 12 7 10 2 4 13 4 13 13 4 13 4 12 13 4 13 4 12 13 12 2 7 12 4 2 2 13 2 4 10 2 2 3 12 2 2 7 13 4 2 10 2 4 7 2 10 2 10 4 10 7 2 7 10 4 13 2 7 4 10 13 2 ,74
7 4 4 4 2 4 4 13 10 2 2 4 13 4 13 7 4 10 4 2 10 12 13 7 7 7 4 13 4 7 2 10 2 4 4 2 7 12 7 2 3 10 13 10 13 13 2 13 12 7 10 2 7 13 2 2 4 12 2 4 2 2 12 4 2 ,65
12 2 10 10 12 2 2 13 13 4 12 10 12 2 4 13 12 13 12 2 2 13 10 12 7 12 4 2 10 2 2 4 10 10 2 12 4 13 12 13 2 4 7 2 4 10 12 4 4 4 4 2 7 10 10 4 10 12 7 4 12 7 10 10 13 4 13 13 10 12 12 13 13 10 ,74
12 13 12 4 2 2 4 4 12 12 7 12 4 13 13 2 2 7 13 4 10 13 4 12 7 13 2 13 2 13 12 4 13 13 4 10 2 10 12 10 13 4 12 10 10 12 12 4 12 2 7 12 2 4 2 13 12 13 12 2 13 10 10 10 4 12 10 4 12 2 4 7 7 2 7 13 12 ,77
4 12 2 13 12 2 12 12 13 4 7 13 13 4 12 10 7 12 2 2 4 4 4 4 12 13 4 12 10 2 2 2 2 13 12 7 7 2 10 12 13 4 10 13 4 12 12 3 13 2 13 4 4 4 2 10 10 10 4 13 12 7 4 4 13 13 12 13 2 10 10 7 10 7 12 12 13 2 ,78
4 13 4 12 2 4 2 10 7 4 7 2 10 2 12 10 13 2 4 4 13 2 4 2 10 2 2 7 13 4 4 7 10 2 4 4 4 7 2 4 7 4 4 7 7 13 10 7 13 4 4 2 4 2 4 10 12 13 2 12 2 2 4 13 3 13 13 4 12 12 ,70
12 13 3 4 12 10 12 12 13 13 2 13 4 4 4 13 12 12 2 7 4 12 10 2 2 7 7 4 2 12 7 12 10 13 12 2 13 13 12 10 12 2 7 2 13 2 4 7 12 13 2 7 13 13 13 10 12 13 13 13 13 2 12 12 13 4 4 12 13 12 13 7 10 4 7 4 ,76
2 10 2 4 2 12 4 4 4 12 12 3 13 10 10 2 12 4 13 12 12 7 4 12 2 10 4 2 12 13 4 12 13 4 10 10 13 12 4 12 13 10 13 7 13 13 10 13 4 12 13 3 4 4 4 10 7 2 7 10 4 12 13 2 7 10 13 10 7 2 7 2 12 4 ,74
2 7 2 10 4 13 4 10 2 2 4 10 4 4 13 12 10 10 10 12 4 12 12 2 2 2 13 13 12 2 2 12 13 2 4 2 10 10 2 12 12 12 12 12 4 4 4 13 4 4 10 4 4 10 4 2 13 10 7 12 10 2 10 7 2 7 4 2 7 7 13 4 13 13 13 ,75
10 12 12 3 7 4 2 7 13 7 12 10 7 12 10 4 2 7 12 13 10 4 13 2 2 4 12 2 4 2 4 7 2 10 7 10 2 13 4 4 10 7 10 7 7 4 10 10 12 3 13 13 4 4 4 13 12 7 ,58
4 12 4 2 12 10 7 2 12 13 13 2 12 4 13 7 13 2 10 2 13 12 12 12 13 2 3 12 10 12 13 10 2 13 10 2 12 4 10 13 10 7 4 2 10 12 10 13 2 2 13 13 7 12 12 2 12 13 12 7 13 10 2 13 4 4 4 12 4 13 4 7 4 10 2 13 2 2 4 ,79
10 13 7 10 4 4 4 12 4 2 4 7 12 4 3 13 13 7 4 4 2 4 2 7 13 12 12 7 10 2 4 13 4 2 4 7 10 12 12 10 4 2 13 12 7 10 13 4 10 2 4 7 4 10 4 10 7 4 7 10 13 2 ,62
3 12 4 4 4 4 10 10 4 4 12 2 10 10 4 2 7 13 7 10 4 7 7 13 4 7 12 10 2 10 10 12 10 13 10 13 12 4 2 2 4 4 10 7 10 4 2 12 2 2 2 10 2 4 13 12 4 13 10 2 7 2 7 ,63
4 4 4 10 2 12 12 2 13 4 7 12 2 12 12 7 10 10 13 4 4 4 13 2 12 12 10 4 12 4 4 10 4 13 3 13 10 4 2 2 2 12 10 10 10 12 7 10 12 2 7 4 13 12 4 2 2 13 10 2 4 7 12 7 10 12 7 2 4 2 12 13 2 13 ,74
7 4 7 12 13 13 4 4 4 7 7 12 2 12 13 4 13 4 10 2 2 4 4 4 12 3 2 4 10 10 3 12 10 4 12 12 10 13 10 4 10 10 2 10 4 10 4 10 7 7 12 10 12 4 12 2 13 7 7 12 4 2 2 12 12 12 13 10 ,68
2 4 2 4 10 13 7 10 13 2 13 12 12 12 2 12 7 3 2 2 4 13 12 2 13 3 13 2 2 2 13 13 4 10 2 10 4 4 4 13 4 7 4 13 12 7 2 4 7 12 7 7 4 13 12 10 10 4 10 12 4 7 4 7 12 4 12 13 4 4 ,70
7 10 12 4 4 13 13 2 12 4 4 4 2 10 2 10 13 4 2 3 7 4 12 10 12 4 7 12 10 2 2 7 4 13 13 13 10 4 13 10 2 13 2 4 4 4 4 2 12 12 13 4 13 2 4 4 4 10 7 10 7 2 10 10 2 12 2 7 10 13 ,70
2 13 4 12 4 2 7 4 2 7 2 3 13 2 2 4 10 7 10 7 4 7 2 12 2 13 2 12 2 7 2 2 10 4 10 10 12 2 13 12 12 10 2 4 2 13 12 12 4 13 12 3 12 10 4 10 4 7 12 4 7 2 7 12 2 12 2 10 ,68
13 13 4 4 4 4 13 4 7 2 2 7 2 4 10 13 12 10 4 7 2 2 4 10 4 4 7 10 3 7 12 13 2 2 2 12 7 10 4 12 2 4 2 2 10 10 4 4 4 7 4 13 2 12 2 3 4 10 13 12 12 10 4 10 2 10 10 13 7 ,69
12 2 13 7 7 13 10 2 10 12 4 2 10 4 4 13 4 4 13 4 13 12 4 12 12 4 13 10 10 13 4 7 4 2 2 12 4 10 2 2 10 3 4 12 12 4 4 10 4 2 2 10 12 10 2 12 13 2 4 13 2 12 10 4 13 12 12 7 13 12 4 12 2 4 4 7 13 2 7 2 ,80
4 4 7 4 13 12 4 7 2 2 4 2 12 7 10 4 4 4 4 13 7 10 4 7 4 4 13 2 7 4 2 7 4 2 12 12 4 13 4 10 12 12 4 13 10 4 12 10 10 13 2 12 2 13 3 2 2 7 12 2 7 4 10 13 2 13 2 12 4 ,69
7 4 10 2 3 12 4 13 2 2 10 7 12 12 13 13 4 10 2 2 13 13 4 4 10 13 4 13 13 4 13 2 13 12 13 4 2 7 10 13 4 4 4 13 7 10 2 4 4 2 10 13 13 4 4 13 4 2 7 4 10 4 10 13 7 2 10 12 2 12 7 4 12 10 ,74
12 2 4 7 10 10 4 10 4 13 7 4 13 3 4 4 4 10 10 4 10 4 4 10 7 13 7 13 4 13 2 2 13 2 4 12 3 4 2 12 13 10 13 4 12 10 4 2 13 4 10 4 4 12 2 7 4 10 13 10 2 12 10 13 13 2 4 4 13 12 2 10 7 13 12 ,75
4 10 4 7 13 10 2 4 4 4 12 10 12 2 2 4 2 2 2 7 12 7 10 10 12 4 4 10 7 10 12 4 7 13 7 4 13 12 2 10 4 12 10 12 7 13 13 4 13 13 10 2 12 13 12 10 12 4 4 4 13 12 4 7 13 3 13 12 13 13 ,70
13 4 7 10 7 4 4 2 4 4 10 10 2 4 10 13 4 2 4 3 2 4 7 4 7 4 2 10 13 13 10 4 2 10 7 12 10 12 4 4 4 10 2 4 13 2 13 13 2 12 12 10 12 13 7 4 10 10 4 12 4 12 12 13 4 13 2 4 7 12 4 13 12 4 2 ,75
2 12 13 2 13 4 13 13 7 12 3 12 2 12 12 13 4 2 7 10 2 7 12 2 4 10 2 2 2 3 4 13 12 13 12 13 10 2 4 13 2 13 4 4 4 10 12 12 10 7 10 12 4 13 4 12 10 7 12 4 10 2 4 13 4 12 13 2 13 12 12 7 4 12 10 12 10 2 12 10 12 12 12 2 4 ,85
13 12 12 10 10 12 2 12 12 4 4 7 4 13 7 12 10 4 12 12 2 4 7 2 7 12 3 12 12 2 12 10 4 10 13 10 13 4 2 12 2 7 2 3 2 4 2 2 2 2 13 4 13 13 7 13 7 10 4 4 7 10 2 4 13 4 2 10 12 4 4 13 4 ,73
13 4 4 4 13 7 10 13 3 12 7 7 13 13 13 4 2 13 7 13 4 4 13 12 4 10 3 7 2 2 7 2 12 10 4 4 10 10 10 10 7 12 4 10 4 4 10 12 13 12 13 2 12 4 4 2 12 13 10 4 2 2 4 12 2 12 10 10 10 10 ,70
2 4 4 13 2 2 12 10 7 12 2 4 10 2 10 10 2 10 4 13 2 10 12 12 10 12 7 4 10 12 4 7 2 10 10 4 13 2 4 10 13 10 4 12 12 12 13 12 4 4 4 4 4 2 2 10 10 2 13 2 4 4 13 4 4 13 2 12 4 4 4 12 12 12 10 12 7 10 12 ,79
2 13 4 4 4 13 13 13 7 13 2 3 12 4 4 13 13 4 12 4 12 12 10 10 4 13 2 10 2 10 2 13 13 10 4 4 4 12 2 7 2 10 2 4 10 10 10 10 13 7 2 10 13 12 4 2 2 13 2 2 13 12 2 13 2 7 4 12 4 12 4 3 7 7 10 2 12 ,77
4 4 10 13 4 4 12 13 13 4 2 2 2 12 10 10 2 4 10 7 2 4 10 4 4 7 13 10 12 4 12 4 4 7 2 13 12 12 10 12 2 2 13 7 4 12 10 2 2 4 4 2 4 7 13 4 4 2 4 13 7 2 10 4 10 13 10 4 12 2 4 10 2 10 2 ,75
2 4 10 2 4 7 10 12 10 4 2 7 7 10 4 4 2 13 4 2 2 10 12 2 2 3 4 13 12 10 2 2 10 13 2 2 7 3 2 4 4 4 2 12 10 13 7 4 13 13 7 10 2 4 4 12 2 7 4 2 2 4 2 12 12 12 13 13 7 2 13 ,71
10 13 12 4 4 13 4 2 7 13 2 4 4 10 7 4 2 4 10 13 2 2 4 10 4 7 4 2 12 12 12 10 2 12 13 2 4 4 7 10 2 12 12 13 12 13 2 12 7 4 10 13 7 10 12 13 13 7 12 12 4 13 7 3 10 4 12 4 10 4 12 4 ,72
2 13 2 2 2 13 4 2 2 13 4 2 4 10 7 7 2 4 4 4 10 4 12 4 13 4 4 10 4 4 4 13 12 10 2 7 4 12 7 2 4 13 12 7 10 13 2 13 4 12 13 12 4 10 10 4 2 12 4 7 10 12 4 13 10 10 10 4 12 10 12 12 10 10 13 ,75
7 2 4 10 10 13 7 4 4 2 2 13 13 13 10 4 4 13 12 2 7 12 12 4 2 12 10 4 7 10 12 4 4 13 12 4 4 12 12 2 4 4 12 12 2 4 4 13 12 12 4 2 4 10 13 12 10 4 2 7 10 4 7 2 2 10 7 12 12 10 10 3 10 10 ,74
4 2 2 4 2 2 13 13 2 13 4 2 3 3 13 2 4 2 10 12 13 2 4 2 12 2 13 12 10 12 4 12 10 4 2 7 13 13 12 2 10 4 13 13 2 2 13 13 4 4 13 12 7 4 12 7 4 2 2 4 12 7 4 13 13 13 13 13 10 13 13 4 2 7 7 7 7 4 13 ,79
2 10 4 7 7 12 7 7 4 2 4 12 10 13 4 10 3 10 13 7 2 4 10 3 4 10 4 4 12 13 13 12 7 4 4 4 7 7 4 7 7 2 2 10 4 7 4 2 2 10 7 ,51
4 13 2 12 12 12 13 4 2 2 2 12 10 10 13 12 12 4 4 3 13 7 12 10 4 7 4 13 12 10 13 10 12 7 10 13 10 4 13 12 10 2 7 7 7 4 2 4 7 4 12 2 12 2 12 12 2 4 2 12 4 2 10 2 4 4 13 2 2 12 13 4 4 10 2 4 4 4 12 ,79
4 10 3 4 4 4 13 2 2 2 4 12 4 13 7 2 4 4 12 13 7 12 4 10 12 4 4 13 7 2 12 13 7 2 12 13 10 7 4 10 2 4 4 7 2 12 4 4 2 12 10 10 13 12 2 7 4 12 4 10 4 13 10 3 2 12 7 13 4 10 2 ,71
10 4 10 7 4 10 4 12 4 10 13 4 13 13 10 4 2 13 2 2 4 7 4 12 4 2 2 10 12 10 2 13 13 12 13 4 7 12 2 4 4 7 13 12 13 12 4 2 2 4 12 7 4 10 12 4 2 10 12 4 13 13 4 4 12 13 4 4 2 13 4 13 12 2 4 2 12 13 10 2 10 7 ,82
10 4 4 13 13 7 10 2 12 12 4 12 13 2 4 4 4 10 10 4 2 2 2 13 12 12 4 10 10 4 12 2 10 2 2 4 4 13 13 3 12 12 2 4 12 4 4 4 13 10 10 13 7 4 13 2 12 13 13 7 12 4 7 4 4 10 13 13 12 2 7 7 12 7 12 2 10 ,77
4 2 10 12 7 3 4 7 4 4 7 12 7 12 13 4 10 7 12 4 4 2 7 12 10 7 2 12 2 2 10 13 4 4 13 4 4 4 4 2 4 4 13 10 2 4 13 2 12 2 10 3 12 2 4 4 4 13 7 4 7 13 12 4 4 13 10 4 12 4 13 2 ,72
4 4 4 4 4 13 2 13 12 2 2 13 2 2 4 4 4 10 2 10 4 13 10 2 13 4 2 2 2 2 10 7 13 7 3 4 13 2 12 2 12 13 12 4 10 4 2 10 13 13 7 13 12 10 13 4 12 12 4 7 7 12 12 12 7 12 4 7 12 2 2 12 13 2 10 13 13 12 10 2 ,80
13 13 13 13 2 2 4 7 12 4 2 7 12 7 13 4 7 7 2 13 10 4 12 7 4 10 12 12 13 4 2 12 4 10 2 2 12 4 2 12 4 4 2 13 13 13 12 12 13 4 12 3 4 13 12 12 4 4 2 13 2 4 2 2 13 4 2 10 10 7 10 4 7 10 4 10 4 ,77
7 4 4 10 13 2 12 4 12 2 12 13 10 2 2 10 12 2 13 4 4 10 4 2 7 12 12 4 2 12 4 10 13 4 4 12 4 10 12 10 13 4 7 7 4 12 12 3 12 2 13 10 4 4 10 4 7 10 7 12 12 4 10 13 12 7 2 10 4 10 13 2 13 ,73
4 13 4 2 4 4 4 12 10 2 4 2 2 4 4 12 12 7 4 12 13 13 10 13 12 13 2 13 12 12 4 7 4 10 10 13 12 2 7 13 7 4 10 13 2 7 4 2 7 13 12 2 13 13 12 10 12 4 2 10 12 2 2 7 12 13 2 4 4 7 2 12 2 4 2 4 12 10 ,78
4 12 13 4 4 4 10 12 12 4 2 4 13 12 2 10 12 10 7 13 4 7 12 13 10 4 13 12 12 13 12 4 13 10 10 12 2 13 10 13 2 4 7 12 2 4 13 2 10 7 10 4 3 10 4 13 4 10 13 13 7 13 2 7 13 13 2 2 12 2 2 10 7 ,73
7 4 12 2 2 4 12 4 12 12 12 2 12 2 12 10 13 2 4 13 13 12 4 7 2 4 2 2 2 12 4 2 4 4 2 10 7 13 2 4 13 4 10 7 13 12 2 7 4 7 10 4 4 12 7 4 10 12 12 4 7 4 12 13 10 7 10 2 2 10 13 4 ,72
4 4 7 12 10 10 7 12 2 10 12 10 4 12 13 13 4 12 4 12 4 12 4 2 13 13 7 12 4 12 13 4 2 13 4 12 12 12 2 10 2 12 7 12 2 2 13 13 12 2 2 3 13 4 12 10 12 2 4 10 12 12 12 4 12 13 13 13 4 12 12 4 2 12 12 13 2 10 10 4 12 13 7 13 12 13 2 13 7 4 13 12 ,92
4 4 4 12 7 4 2 4 13 10 2 7 4 10 13 3 10 4 4 2 12 10 4 4 13 10 2 10 2 13 7 10 12 12 7 13 2 10 10 4 2 7 4 12 2 4 4 12 12 2 10 13 13 12 2 12 4 2 2 12 12 13 13 7 13 13 4 7 2 3 2 10 ,72
13 2 4 12 2 4 4 13 2 7 10 2 10 4 2 4 2 2 4 4 13 7 10 4 13 13 4 10 7 10 4 10 12 2 4 7 2 12 3 12 12 13 10 4 7 10 4 4 13 7 4 2 13 12 7 13 4 10 12 2 10 13 10 7 13 ,65
4 7 2 4 4 4 4 10 12 13 4 2 4 2 12 10 4 4 10 13 13 12 13 12 7 2 12 4 2 12 4 7 12 4 12 13 12 7 2 2 2 4 13 4 4 4 4 10 4 4 12 13 12 4 2 12 13 12 7 2 13 12 10 10 4 7 2 10 10 12 7 2 4 4 2 10 10 ,77
12 2 12 12 4 12 4 4 12 2 4 13 2 10 10 7 7 2 4 12 4 4 4 2 2 13 12 4 10 4 12 12 4 2 7 7 2 13 13 10 10 2 2 4 10 10 12 12 12 2 2 7 7 2 7 12 4 12 12 10 13 7 10 12 2 13 7 3 10 2 ,70
13 4 12 13 4 2 10 4 13 2 13 2 4 12 4 4 13 4 2 12 10 4 12 2 13 13 4 2 10 4 4 12 4 12 10 13 12 2 10 2 2 10 2 12 12 2 12 4 12 2 7 7 12 2 2 10 4 7 10 13 13 2 13 2 7 4 7 12 7 7 2 4 2 7 2 ,75
13 12 2 13 3 4 2 13 7 10 2 2 12 10 12 7 13 10 2 7 13 7 12 12 7 10 12 12 12 13 4 10 4 10 2 12 2 2 4 7 2 2 10 13 4 4 4 4 10 4 4 12 2 4 4 10 12 10 13 7 4 4 10 13 2 4 10 4 4 13 2 2 12 4 4 ,75
3 4 7 12 13 2 2 12 13 13 2 4 2 13 4 4 4 13 4 13 2 10 2 7 4 4 10 13 12 4 2 2 12 4 2 4 12 12 13 12 12 4 4 2 7 13 12 2 13 2 13 10 4 4 2 13 10 13 2 2 13 4 2 10 13 2 10 12 12 7 2 4 7 10 2 13 12 7 2 13 12 ,81
10 2 10 13 12 13 4 4 2 12 4 2 10 2 2 10 4 2 4 4 4 7 10 7 10 2 12 10 12 4 2 7 12 13 4 4 2 4 13 12 10 4 13 4 7 12 10 4 7 13 4 12 10 2 12 10 13 10 4 10 12 2 4 7 2 10 13 3 2 12 10 13 2 ,73
2 10 4 4 4 2 13 12 4 10 2 4 10 2 2 2 4 4 2 7 4 4 7 13 7 12 7 2 2 4 2 2 12 12 12 10 7 2 4 3 10 4 2 2 7 13 12 4 2 7 2 13 4 2 10 13 7 4 4 3 12 13 4 10 7 2 13 10 2 ,69
4 13 12 12 4 7 4 12 10 10 4 7 7 4 2 2 3 10 4 2 4 4 7 4 7 7 7 2 13 12 12 12 4 4 4 10 10 10 10 4 10 7 7 10 2 2 10 12 13 13 2 2 4 4 7 10 ,56
7 12 7 4 10 12 13 13 7 13 4 7 12 4 4 7 4 10 7 12 7 2 13 10 2 2 4 4 2 10 2 2 12 13 2 12 4 2 4 10 2 4 2 4 4 4 12 4 13 13 12 2 13 7 4 4 7 2 2 7 2 2 10 4 2 ,65
4 2 2 10 13 4 13 4 4 10 2 2 2 2 12 4 4 4 4 2 13 12 12 12 13 12 10 10 12 12 4 12 13 2 3 2 12 2 4 12 7 13 13 2 12 13 2 13 7 12 10 12 4 7 4 7 13 4 2 10 12 13 2 10 4 10 10 12 7 2 2 2 12 4 13 2 13 10 4 4 12 10 4 10 13 12 ,86
4 2 4 4 4 4 10 7 7 4 2 12 7 2 4 4 10 7 4 4 10 4 10 12 7 7 2 4 4 4 2 13 12 10 7 2 13 7 12 12 12 12 2 4 4 7 10 4 12 10 2 13 2 4 7 2 7 10 12 12 ,60
3 4 7 10 13 4 12 2 7 4 10 2 12 2 4 2 4 12 4 4 10 7 13 2 2 12 4 12 7 7 4 13 12 13 12 4 2 13 10 4 7 10 2 7 7 12 4 13 7 10 3 4 7 12 2 10 4 4 4 4 13 10 12 4 13 2 ,66
7 4 13 2 12 7 12 10 13 4 2 13 4 13 2 2 4 4 7 2 7 4 13 7 7 13 10 2 13 13 12 7 12 4 4 13 10 2 10 10 4 10 13 3 4 4 10 13 4 12 13 4 2 7 10 13 4 4 7 4 12 12 13 4 2 10 2 4 12 ,69
4 7 2 7 4 4 10 13 10 10 13 4 3 7 4 12 10 13 2 7 12 12 4 10 2 13 10 13 4 7 13 13 12 2 2 4 10 4 10 2 4 7 13 7 2 12 2 4 2 13 12 4 12 7 7 10 7 2 13 2 4 4 ,62
4 12 13 4 4 4 4 13 13 12 4 2 2 4 12 10 12 7 12 4 4 4 7 2 10 4 13 4 13 10 13 2 13 10 10 2 12 4 2 12 7 3 13 7 2 4 10 4 2 12 10 12 4 13 12 2 4 7 3 12 13 2 2 2 4 10 10 10 2 10 12 13 7 13 7 13 13 12 ,78
10 2 2 13 2 10 13 2 4 2 13 12 4 2 4 12 13 4 12 4 4 2 4 12 4 4 4 13 4 10 3 10 2 7 2 10 10 4 2 4 12 12 4 2 7 10 10 4 2 12 10 13 10 12 13 4 13 13 12 7 2 12 13 2 13 4 4 10 12 2 13 4 4 10 13 4 12 13 7 4 2 7 ,82
4 2 4 10 2 12 4 4 13 4 13 2 7 7 4 4 13 13 12 12 2 13 4 7 4 10 2 4 12 4 12 10 2 12 10 7 13 2 2 4 10 13 13 13 12 12 4 4 2 10 4 4 12 12 13 4 12 2 7 13 10 12 10 2 4 12 13 2 4 4 7 4 4 4 10 7 4 10 12 12 ,80
4 13 4 10 12 13 7 4 10 4 4 7 10 7 10 10 10 4 7 7 4 3 2 4 12 10 12 4 2 10 13 7 13 4 12 13 13 2 13 2 12 4 13 13 2 13 4 13 3 7 2 4 7 13 10 4 12 7 7 12 2 10 ,62
2 10 13 13 4 12 7 10 10 4 4 2 7 13 4 4 13 4 4 4 13 7 13 2 10 4 7 4 13 7 12 10 12 4 7 7 4 2 3 12 4 7 10 2 2 7 4 13 7 2 7 4 12 13 2 4 2 7 ,58
13 10 2 10 7 7 12 12 10 12 12 4 4 2 4 10 4 4 4 4 10 2 2 7 4 7 10 4 10 12 10 2 2 10 2 4 13 2 4 2 4 7 3 4 13 10 12 2 13 4 2 10 12 4 4 4 12 13 4 7 12 2 2 4 4 12 12 4 4 12 10 2 12 12 13 12 12 4 ,78
10 4 4 4 12 4 4 10 4 2 2 10 10 7 4 2 13 4 3 4 4 13 13 4 13 10 13 13 12 12 12 7 2 4 4 12 13 13 2 12 10 13 13 12 12 12 7 4 7 13 3 7 2 10 7 2 13 7 4 13 13 2 13 2 13 10 2 2 2 4 10 7 ,72
10 10 7 2 10 2 4 12 10 4 4 13 12 7 2 13 10 10 3 4 4 13 2 10 2 10 13 7 4 13 12 10 4 13 2 12 2 2 2 7 4 13 7 2 4 10 13 4 7 4 4 10 4 3 13 12 2 4 4 12 4 4 7 7 2 4 4 10 ,68
10 10 7 13 12 2 4 2 2 4 4 2 10 7 4 4 4 2 2 12 4 13 13 13 3 12 13 13 7 2 2 2 7 4 7 4 10 2 12 2 10 4 4 13 2 2 4 10 10 4 4 10 4 4 10 4 13 12 13 12 13 10 13 12 2 2 12 7 4 10 7 10 ,72
4 10 3 10 7 4 12 10 13 4 10 4 10 2 12 13 2 7 2 4 4 12 7 4 7 10 2 4 10 2 13 13 10 12 12 4 12 10 12 4 12 2 12 2 2 13 10 2 10 2 4 4 13 7 10 4 4 2 7 4 10 13 2 4 2 2 12 12 4 2 4 13 3 2 ,74
2 10 13 10 2 7 4 13 2 13 4 2 4 2 12 4 3 13 2 2 2 2 4 4 4 10 2 7 10 13 4 10 12 13 13 10 2 7 2 13 7 2 4 13 12 2 4 2 10 2 7 7 12 12 4 12 7 4 4 12 12 12 2 10 2 4 13 12 12 4 7 2 2 ,73
13 2 13 4 2 12 7 4 10 10 12 2 12 12 4 12 2 12 10 13 12 13 2 10 4 2 7 10 2 4 4 7 2 4 12 2 7 2 4 7 13 12 12 7 4 12 4 7 4 2 13 13 10 4 13 13 12 13 4 10 10 3 13 4 12 4 12 4 4 10 7 3 ,72
2 4 10 13 2 2 13 13 4 2 13 12 4 13 2 4 2 12 10 12 7 10 12 10 4 7 4 13 4 13 12 12 7 13 12 2 2 4 13 2 4 12 4 13 10 4 10 12 12 12 10 13 10 7 12 13 13 12 12 4 2 12 10 12 12 13 10 7 2 12 4 10 4 2 12 7 2 ,77
10 4 3 7 10 4 4 2 13 10 13 10 7 2 2 4 4 2 13 4 2 4 4 13 7 2 4 4 7 2 2 12 4 4 2 12 12 4 10 2 10 7 12 13 10 10 7 7 12 7 4 7 7 10 7 4 ,56
13 10 2 13 2 2 12 12 12 4 13 13 2 4 2 4 13 4 7 10 4 10 2 7 7 13 4 7 10 12 10 12 13 7 2 3 12 2 10 12 7 4 4 4 12 7 13 4 2 4 12 10 7 12 4 4 3 10 2 4 4 13 10 4 10 4 10 ,67
4 7 4 13 7 4 13 2 10 2 7 4 2 4 2 2 7 4 13 10 4 12 2 4 12 2 4 3 2 4 7 13 2 12 4 10 4 12 7 4 10 4 2 7 2 7 4 4 10 10 4 12 10 7 13 7 12 10 4 7 ,60
4 12 7 12 4 7 4 10 4 7 7 12 2 3 2 4 12 10 4 2 13 12 4 12 13 12 4 4 10 10 7 4 4 13 13 4 2 4 4 4 4 10 13 10 12 4 4 12 7 13 2 12 2 10 4 10 12 12 4 13 2 13 7 7 10 2 4 10 7 2 ,70
7 4 4 4 2 10 4 2 7 7 4 13 2 7 7 4 4 10 4 4 4 4 4 2 4 12 7 2 12 10 2 10 7 2 7 10 13 2 13 4 2 13 10 7 10 10 2 10 3 3 2 4 12 13 12 12 10 2 10 ,59
7 13 12 13 12 13 7 2 2 13 4 2 4 4 4 2 4 4 12 4 12 10 7 12 12 2 2 12 10 4 13 10 3 2 10 13 2 10 4 12 7 10 4 4 2 4 4 4 2 13 2 10 10 2 13 13 2 2 13 4 10 4 10 7 7 7 12 10 13 4 13 4 ,72
7 7 2 13 4 12 4 4 4 7 4 13 2 2 4 2 13 12 4 4 13 4 7 10 7 10 10 13 10 2 2 10 12 10 13 4 7 2 2 2 10 2 7 12 10 2 4 2 10 12 7 13 12 4 2 7 2 4 2 4 4 ,61
4 4 4 2 12 10 4 7 10 2 13 4 13 2 10 2 4 4 13 4 10 10 4 4 4 3 10 4 4 12 7 10 13 3 4 10 13 7 2 4 13 12 10 13 12 12 13 7 12 10 13 2 7 2 4 12 12 10 4 7 10 2 2 4 13 13 10 2 2 12 4 4 2 12 12 13 ,76
2 13 10 12 4 12 13 10 10 4 13 2 2 4 4 13 3 13 7 12 10 13 12 13 13 12 4 7 2 7 4 4 12 12 10 4 12 2 13 4 2 4 2 4 4 2 10 12 12 13 10 10 2 7 2 4 10 13 4 12 2 2 10 2 2 10 10 4 13 10 13 4 12 4 10 12 4 12 3 10 4 13 13 12 13 ,85
10 2 12 7 4 4 10 4 4 12 12 13 4 10 13 12 13 12 4 4 7 4 4 10 2 2 12 4 4 4 7 13 12 3 10 10 4 13 10 10 2 12 10 7 4 13 7 7 4 7 12 4 2 2 4 7 4 2 2 7 12 4 4 4 4 2 7 ,67
2 4 3 4 12 4 13 10 13 4 12 12 4 7 2 10 2 13 10 4 4 12 4 4 13 13 2 2 7 13 10 13 7 2 7 10 7 12 2 12 12 13 7 13 4 12 13 12 2 4 10 4 12 2 4 12 2 13 10 13 12 7 2 12 2 10 10 12 4 4 12 2 2 2 10 2 12 ,77
13 12 4 12 4 13 4 13 4 12 7 4 12 12 12 2 4 12 13 13 12 2 13 13 4 10 12 10 7 2 4 3 12 2 10 2 10 7 2 4 4 12 2 4 4 2 12 2 12 10 2 13 13 2 13 13 7 4 2 2 13 13 12 10 10 10 10 12 10 10 2 2 2 2 12 12 10 7 10 4 12 13 ,82
13 12 10 4 4 4 4 12 10 10 12 10 4 10 13 12 12 12 2 10 2 10 4 2 10 13 10 4 4 13 12 4 10 12 2 13 10 4 12 12 13 12 10 2 13 10 4 10 2 4 4 13 10 2 13 7 2 10 4 2 2 2 10 4 7 13 7 4 2 13 3 2 10 7 4 ,75
13 7 4 2 10 4 2 4 10 13 2 13 7 4 2 10 12 13 4 13 2 10 12 12 12 13 10 4 13 10 4 2 2 4 4 3 12 4 4 12 10 10 4 7 2 4 7 2 12 7 10 10 4 12 10 12 2 13 2 13 4 13 2 12 7 2 10 2 13 12 2 7 ,72
2 13 12 4 4 2 2 10 12 4 10 10 12 10 4 4 4 2 12 13 2 10 2 7 12 10 12 13 2 2 4 2 4 2 4 12 2 4 10 4 4 7 4 13 2 4 13 10 10 12 7 10 4 4 13 12 12 13 7 13 2 7 10 4 7 4 10 2 4 10 10 12 13 4 ,74
3 4 4 4 10 10 7 13 12 13 10 7 2 4 2 4 7 12 10 13 4 4 4 12 7 4 10 2 10 2 13 4 7 2 10 2 7 2 4 2 13 7 7 10 13 12 4 12 7 10 2 12 12 7 2 2 2 13 10 4 ,60
4 7 12 13 12 4 10 10 10 10 12 4 4 4 7 10 4 7 4 12 2 4 13 4 7 10 4 2 2 7 7 13 2 4 13 2 4 4 4 10 4 12 3 13 12 10 4 2 10 4 2 2 10 4 12 13 2 12 10 2 10 13 10 10 2 13 4 10 12 10 ,70
12 4 4 13 10 4 12 2 7 13 7 2 7 2 10 13 7 12 4 13 4 4 2 13 4 4 7 2 4 7 4 2 2 4 10 10 10 7 10 4 7 4 12 2 4 12 12 2 2 4 7 4 10 13 2 2 2 4 10 2 7 3 12 4 13 ,65
12 4 4 4 2 2 13 10 13 4 12 13 12 2 4 2 7 2 4 2 13 2 2 4 7 13 7 4 12 7 13 4 4 12 12 12 2 2 7 13 12 2 13 4 13 4 10 10 13 7 4 12 4 10 10 7 10 2 7 7 3 2 12 13 10 4 4 12 ,68
13 4 12 13 7 12 10 2 12 4 12 4 4 13 10 13 10 2 4 7 12 10 10 2 4 2 12 4 10 10 13 4 7 13 2 10 12 4 13 3 12 2 13 12 4 10 12 12 2 2 2 4 2 12 7 13 13 10 2 4 13 12 12 2 12 4 13 4 2 2 10 10 2 3 13 2 2 12 12 13 4 12 2 10 2 13 4 12 ,88
10 4 10 2 4 13 12 13 4 4 13 7 12 4 10 4 4 12 4 12 12 2 2 12 7 4 10 13 2 2 13 10 2 4 10 13 7 4 13 4 3 4 13 2 13 10 12 10 4 10 2 4 2 10 2 4 2 13 10 7 4 10 10 13 13 12 12 13 10 10 4 12 2 4 4 10 12 10 13 ,79
13 10 7 2 10 10 2 4 12 12 10 4 4 12 4 2 13 4 2 10 3 4 4 13 12 12 4 4 4 4 2 12 13 2 13 2 2 10 4 7 7 7 2 13 2 13 2 13 2 12 10 7 10 12 4 7 4 12 13 7 7 12 4 7 4 10 2 12 2 ,69
4 13 12 2 4 4 10 4 12 12 13 7 4 12 4 7 10 2 12 4 4 2 2 13 4 10 4 12 12 12 4 10 3 10 2 12 4 3 4 10 10 13 12 12 12 13 10 7 13 2 10 10 13 7 2 10 13 7 2 7 7 12 10 2 13 10 12 13 13 10 4 4 ,72
4 4 2 3 2 10 2 2 12 10 10 10 7 2 10 13 7 10 10 2 12 10 2 12 4 4 10 10 4 4 2 2 2 4 7 4 10 2 13 4 7 7 12 10 2 12 2 7 12 4 12 4 7 4 4 4 7 10 13 12 10 4 4 12 ,64
13 2 4 13 4 13 2 4 12 12 10 13 10 2 12 12 10 12 12 2 4 4 12 4 4 10 10 12 2 12 4 2 12 2 4 4 13 7 10 10 4 10 2 10 4 2 12 2 2 4 4 7 12 10 13 10 2 4 13 12 4 2 7 7 13 13 13 2 10 10 7 2 10 4 13 12 10 ,77
3 4 2 10 2 4 2 4 7 12 4 12 12 2 7 12 2 10 10 12 10 4 4 12 4 13 4 2 13 2 12 2 4 13 2 4 13 4 13 7 7 13 7 13 10 12 4 2 4 12 12 2 2 2 13 12 12 13 12 12 13 4 4 13 13 2 4 7 4 13 12 2 10 12 2 2 3 4 2 2 2 13 10 4 2 7 ,86
4 12 10 12 7 4 4 4 7 2 4 12 2 4 10 2 7 4 7 4 4 13 13 13 10 13 10 2 2 4 2 2 4 10 10 4 4 2 12 10 10 4 10 12 2 2 4 2 7 4 10 12 7 2 13 7 4 4 7 10 7 ,61
12 4 4 10 7 13 13 10 3 7 2 4 13 2 4 4 10 4 13 2 2 10 4 4 4 4 12 10 4 7 2 12 12 4 10 4 12 7 13 4 12 4 7 12 10 10 12 10 13 10 2 2 2 10 4 12 4 12 7 12 12 2 12 10 12 13 7 7 13 10 ,70
3 2 13 4 13 10 10 4 7 10 10 13 7 12 2 4 4 10 4 4 4 2 13 2 7 10 10 10 10 2 10 2 4 4 13 10 2 4 2 2 10 10 4 4 10 4 7 13 7 12 4 13 13 2 4 13 13 10 2 2 4 2 4 13 7 12 4 ,67
2 10 2 12 4 4 4 12 7 2 4 13 13 2 10 4 4 13 13 7 13 10 12 2 4 2 7 12 12 4 13 13 10 4 10 13 13 7 3 13 2 10 4 13 4 4 13 12 10 2 13 13 12 12 10 13 2 7 12 4 10 12 2 2 2 4 4 10 4 2 7 4 13 2 12 2 12 4 12 4 ,80
4 10 4 2 4 12 4 12 10 10 4 7 13 2 12 4 4 12 4 7 12 2 7 2 13 2 4 10 13 12 7 13 12 13 10 3 13 4 13 12 12 13 13 13 2 4 4 13 2 2 2 2 2 13 13 2 2 10 4 2 13 12 10 2 10 10 4 4 12 10 2 2 7 4 12 2 2 7 ,78
12 2 12 13 12 4 13 12 3 2 2 4 13 4 4 4 4 12 12 4 4 12 10 2 4 2 2 10 2 2 4 7 13 7 12 10 13 13 13 10 4 2 3 4 7 4 2 13 4 4 12 12 12 10 13 2 4 4 13 4 2 12 10 10 10 7 4 4 7 4 10 12 2 7 12 4 2 12 7 4 10 ,81
2 7 3 10 4 7 12 10 2 4 2 12 3 12 4 10 7 2 4 10 7 13 4 10 4 4 4 2 4 7 2 10 12 10 13 10 13 7 2 10 10 10 4 10 2 2 12 12 13 7 4 13 2 2 4 2 10 4 13 12 12 7 4 2 2 ,65
4 2 4 4 4 2 4 7 4 4 10 7 10 13 2 4 10 10 12 4 2 10 7 10 2 4 4 10 10 12 7 4 7 2 10 13 7 2 13 2 4 4 12 7 2 2 13 4 7 2 2 4 7 13 4 4 7 4 2 ,59
4 4 12 2 4 13 4 12 10 4 13 4 4 10 13 2 12 13 4 4 3 7 13 4 13 2 4 4 10 12 2 7 10 3 2 10 4 4 13 2 10 2 13 4 12 4 12 12 10 4 4 7 4 4 10 2 13 13 7 12 12 13 7 7 12 2 12 13 12 13 7 10 7 13 4 12 12 ,77
10 2 7 7 4 10 4 13 12 10 12 10 2 4 13 4 13 13 12 10 10 4 12 4 2 10 13 2 2 13 13 13 2 13 4 13 7 4 2 10 2 12 12 10 13 13 13 10 12 10 4 2 12 4 12 4 10 4 4 7 3 4 12 2 12 4 13 2 4 2 12 2 2 2 2 10 12 12 10 12 12 13 12 4 10 ,85
4 7 2 7 4 2 4 3 10 10 10 4 7 13 4 4 4 4 10 3 2 2 7 4 7 2 4 4 12 13 2 4 12 10 4 10 7 4 7 4 2 2 10 7 13 4 10 12 4 2 13 12 13 7 10 13 7 4 12 ,59
10 4 2 13 4 2 13 4 4 10 12 4 13 10 10 12 4 13 4 4 2 3 10 13 12 4 10 4 10 12 13 2 2 2 4 13 4 12 13 10 3 10 12 4 12 12 7 2 7 12 13 10 13 13 2 7 2 13 4 10 4 2 4 7 7 2 4 4 2 13 2 12 4 12 2 12 10 2 10 4 2 4 ,82
2 2 7 7 7 2 4 13 4 4 2 10 10 7 4 2 7 4 2 10 12 10 3 2 2 4 13 2 7 13 10 4 7 12 7 12 4 12 10 10 12 4 4 13 4 12 4 4 4 4 13 12 10 7 10 13 2 4 2 13 13 7 4 4 ,64
4 7 12 10 4 2 12 12 13 13 4 4 4 12 10 13 4 7 4 4 7 7 4 12 10 2 4 2 7 13 2 4 13 2 4 12 12 4 2 2 4 2 12 13 10 10 7 4 3 10 13 10 2 2 7 12 4 13 13 2 13 7 7 12 2 13 13 12 13 ,69
13 2 12 4 4 4 10 4 4 7 7 2 2 10 10 13 13 7 10 4 4 10 2 2 4 12 2 2 4 12 13 3 10 4 2 13 10 2 2 4 4 12 4 7 13 2 7 7 12 2 2 4 4 4 4 7 13 12 4 13 4 12 10 7 12 12 13 13 12 13 4 2 13 12 10 ,75
7 12 10 10 7 4 13 2 12 13 4 7 2 13 13 12 13 2 12 3 10 2 13 4 13 12 2 10 12 10 10 2 4 4 12 4 13 13 12 12 10 2 2 4 2 4 12 2 7 12 10 4 2 2 2 2 4 7 4 13 10 13 4 12 10 7 12 4 4 4 12 10 10 13 10 4 4 12 ,78
7 12 12 2 4 2 4 2 13 2 2 2 12 4 4 2 13 2 7 2 13 7 4 3 10 4 4 4 13 4 2 13 7 7 4 13 10 2 4 7 2 13 12 2 4 10 4 10 2 4 12 13 13 2 4 4 12 10 12 10 10 4 13 7 12 2 2 7 10 2 10 ,71
4 10 12 7 4 12 12 4 2 12 4 7 12 10 2 3 13 13 4 7 2 7 7 10 13 7 4 10 2 3 2 13 4 4 10 2 4 7 10 10 2 13 4 2 7 12 13 2 4 10 12 2 13 4 13 2 4 4 4 4 10 7 10 13 2 4 ,66
2 10 10 10 12 4 7 12 13 2 4 4 4 10 13 4 13 12 2 12 4 4 2 13 13 10 13 2 4 4 4 2 10 7 12 3 10 7 4 10 10 12 13 7 4 12 4 4 4 13 4 10 12 10 12 13 2 10 12 12 10 2 12 2 7 4 12 7 7 12 4 10 ,72
4 4 7 2 12 12 2 4 4 4 10 2 13 4 10 2 4 7 4 10 4 13 4 2 13 10 12 10 12 4 13 12 12 10 12 12 7 13 2 4 12 2 2 4 10 4 12 12 4 10 12 2 4 2 4 12 2 13 2 4 13 10 10 10 7 3 2 2 10 12 7 4 4 13 7 4 13 ,77
2 2 4 4 4 2 2 7 10 4 12 4 13 4 10 2 12 7 12 2 10 7 4 2 13 10 7 13 7 13 2 13 4 13 13 13 13 12 10 10 12 2 2 4 4 13 7 10 4 12 4 4 13 4 4 12 2 12 4 4 7 12 10 13 10 4 10 4 2 13 10 10 ,72
7 12 4 4 7 13 4 10 4 12 10 12 4 2 4 4 13 13 2 2 4 10 12 7 4 12 10 2 2 7 4 2 2 4 7 7 13 10 10 2 13 7 12 12 7 4 2 4 12 2 13 7 10 2 4 4 10 10 4 12 3 2 7 4 4 ,65
13 2 4 7 4 2 7 13 12 2 12 10 4 10 10 12 13 10 12 12 2 12 4 7 2 4 12 10 10 13 7 2 13 2 13 10 4 13 2 10 4 4 2 2 4 10 10 12 4 4 4 13 13 2 4 4 13 13 4 10 4 12 4 12 3 4 13 10 2 2 12 12 2 4 13 13 2 13 12 2 12 2 13 2 ,84
10 7 10 2 2 4 10 7 4 4 13 12 13 4 12 2 2 12 4 4 4 7 13 4 13 12 4 13 10 13 2 2 2 4 10 7 13 4 10 13 10 13 12 12 12 13 4 7 13 10 7 13 10 2 2 10 2 2 4 7 2 13 10 12 7 13 4 ,67
4 13 4 10 7 4 4 13 4 2 2 12 10 2 13 10 10 12 7 2 2 4 13 2 12 13 7 12 12 13 4 13 10 10 13 4 2 2 4 12 4 2 12 10 13 2 12 12 4 13 10 4 13 13 13 2 13 13 12 4 7 13 13 13 12 3 4 2 2 13 4 13 10 7 4 12 7 13 2 12 12 ,81
2 12 12 4 2 4 7 4 13 13 4 2 13 10 10 2 13 13 12 13 10 13 4 12 3 2 4 10 4 13 4 2 2 13 2 13 4 13 4 4 13 2 7 7 10 4 4 12 10 13 13 13 2 10 4 12 2 13 13 12 12 10 10 4 2 10 10 10 4 4 4 4 13 13 4 4 4 12 12 13 12 7 10 ,83
3 12 7 10 12 13 10 12 10 4 13 10 2 10 4 2 2 10 4 4 4 13 10 4 7 12 4 12 12 4 10 4 7 4 4 13 12 12 10 2 2 2 2 2 12 12 10 13 4 2 4 2 3 2 10 13 10 13 2 13 4 4 4 2 12 4 13 13 10 10 7 2 13 13 13 4 12 10 4 4 13 ,81
2 2 4 13 10 7 12 4 12 4 2 4 2 7 13 3 4 13 13 13 13 12 2 2 12 13 13 7 12 4 4 13 12 2 7 2 10 4 13 13 4 10 4 12 4 12 7 2 2 2 2 7 2 4 13 2 4 4 2 7 13 2 13 12 12 13 4 13 12 13 13 12 2 2 12 12 10 2 10 12 13 13 13 ,83
12 12 10 4 13 12 4 2 4 7 4 4 13 4 13 10 4 2 7 4 10 4 3 10 2 4 2 13 7 10 4 4 4 10 7 13 10 7 4 10 7 13 7 10 10 13 4 4 10 10 4 2 7 10 2 13 10 7 ,58
2 7 3 2 13 10 4 2 4 12 2 4 2 10 7 12 4 12 4 10 4 13 10 12 4 10 2 4 7 4 7 12 10 4 7 7 4 12 13 2 13 4 13 10 4 13 13 10 4 4 7 2 10 13 2 13 12 4 7 10 4 4 7 12 12 2 ,66
2 13 12 4 4 4 7 4 4 4 2 13 4 7 12 4 2 13 12 4 2 4 4 12 4 10 2 2 4 13 2 2 10 13 7 7 2 13 12 10 4 13 12 2 10 4 4 12 7 10 7 7 4 13 13 13 13 4 4 13 2 2 13 4 10 7 12 13 13 13 12 12 12 ,73
13 13 10 10 10 12 4 4 4 2 12 12 7 10 4 13 2 13 13 7 2 13 2 10 2 13 12 7 12 12 13 13 12 12 2 12 4 10 12 2 13 13 13 13 12 7 2 10 7 7 13 13 12 2 2 10 2 4 13 4 2 10 4 13 2 12 10 4 4 13 12 13 7 12 ,74
3 10 4 13 12 10 4 2 2 10 12 12 2 2 4 13 12 13 4 2 4 12 10 12 4 13 2 2 7 2 7 12 10 12 13 13 13 10 12 2 4 4 2 12 4 10 4 7 2 7 4 12 7 13 4 12 4 13 12 10 2 12 13 10 4 4 12 12 13 7 4 10 13 2 2 13 13 13 4 12 10 2 ,82
7 10 7 2 13 2 4 13 10 12 7 4 4 10 2 4 4 10 2 12 13 7 4 10 13 2 2 10 13 13 12 12 2 13 2 7 10 13 10 12 13 4 12 2 13 2 2 12 3 10 2 7 13 4 12 12 2 7 4 4 13 4 2 12 2 4 2 7 12 3 12 10 ,72
2 2 4 7 4 12 4 2 4 2 4 4 2 7 10 10 2 4 13 4 12 4 13 12 4 10 4 2 10 2 12 12 13 13 7 13 10 12 4 2 12 3 4 13 10 10 4 7 2 4 10 12 4 4 12 2 2 12 13 7 10 4 13 12 7 13 12 13 2 13 13 4 13 10 7 13 4 2 ,78
10 10 7 10 2 2 2 4 4 13 10 13 4 7 4 2 4 4 13 2 2 12 10 4 7 2 2 3 4 4 12 12 7 10 12 4 4 10 7 2 2 12 10 13 3 4 7 4 10 4 10 13 4 4 2 12 4 7 2 7 10 13 7 ,63
4 4 7 4 4 7 13 4 2 10 12 12 2 4 3 10 12 13 4 4 2 12 10 10 10 2 4 2 13 4 2 10 4 10 4 13 13 4 7 4 12 4 4 2 12 13 13 12 10 12 13 4 13 13 12 13 10 4 7 4 12 4 4 2 2 7 7 7 10 12 4 12 10 12 2 4 12 13 12 ,79
2 13 13 13 7 4 12 2 4 12 12 10 10 4 2 12 10 13 7 13 13 3 12 2 4 7 12 4 10 12 4 4 7 12 12 2 4 7 10 13 4 13 10 4 2 13 12 12 7 13 13 10 4 13 10 10 2 4 2 10 2 12 13 12 13 10 4 7 12 2 10 4 10 ,73
13 3 4 10 7 4 10 4 4 7 13 10 2 13 12 4 10 7 7 7 7 4 4 4 4 13 10 4 7 10 12 13 2 13 7 7 4 13 2 2 3 13 7 13 12 10 2 4 10 13 10 10 4 4 12 12 13 2 2 12 2 ,61
2 2 3 7 10 4 12 10 12 2 10 2 10 13 4 10 4 4 2 13 4 4 2 2 12 4 4 4 13 10 4 4 4 10 13 10 13 7 4 4 13 7 2 10 3 2 2 12 10 13 13 4 12 12 7 12 12 10 10 7 7 4 4 10 4 4 4 10 10 4 4 4 4 12 ,74
13 13 12 2 7 3 7 13 12 10 2 4 12 12 4 12 2 4 10 12 13 13 12 12 12 2 12 2 13 2 2 10 4 2 4 13 2 12 10 4 12 2 10 13 12 2 12 2 2 10 12 4 12 4 12 4 12 10 4 2 12 10 7 2 13 10 13 12 2 10 4 13 2 10 7 10 4 2 13 12 4 7 ,82
10 10 13 12 7 2 12 4 4 2 12 13 2 12 12 10 13 12 13 4 13 13 12 13 13 2 4 4 2 13 13 10 2 4 4 12 7 7 2 13 7 12 12 4 2 12 12 4 10 10 13 12 4 13 2 13 13 10 2 12 7 10 4 12 4 13 13 13 4 7 12 12 12 2 7 2 13 2 12 13 12 13 ,82
10 2 12 12 4 10 13 13 12 13 7 12 2 2 7 4 4 4 2 13 13 13 7 10 12 2 13 4 13 12 4 13 4 13 4 2 13 10 2 2 12 4 4 2 12 13 2 4 4 12 10 4 10 2 10 12 4 13 7 13 13 3 4 10 13 7 13 7 12 2 7 2 10 4 ,74
12 2 12 10 10 2 2 13 12 2 12 12 12 4 12 12 12 2 10 13 2 2 4 13 2 10 13 4 13 12 12 4 13 2 12 13 12 13 10 12 12 7 10 7 10 12 7 7 13 10 4 4 12 2 13 12 13 4 2 13 4 4 7 10 13 10 13 2 4 4 4 10 2 13 4 2 13 2 10 12 2 10 ,82
13 7 4 7 12 4 4 7 4 13 13 10 10 13 4 12 7 10 3 12 2 12 2 4 13 13 12 4 7 2 10 2 4 4 10 7 2 4 12 12 10 4 4 4 2 4 10 12 13 2 2 7 2 12 7 4 3 7 2 10 2 7 10 ,63
4 10 13 7 4 13 13 12 2 2 13 12 2 2 13 12 7 2 2 13 12 4 4 13 2 13 7 10 2 2 10 4 4 4 13 7 13 2 12 10 10 4 2 2 10 4 10 2 2 12 2 4 12 4 13 3 4 4 12 13 2 2 10 2 12 13 4 4 12 4 7 4 7 4 3 13 7 ,77
13 13 7 4 4 4 10 4 7 10 10 13 2 4 4 10 4 4 13 2 4 12 13 2 7 3 2 7 2 12 2 10 4 4 12 10 12 4 13 4 13 12 4 4 4 4 4 4 10 2 2 7 12 13 7 2 13 2 4 13 13 12 2 12 2 4 2 7 12 4 10 7 13 ,73
2 13 4 7 13 4 10 10 7 10 12 12 2 2 12 10 12 13 12 2 2 12 12 13 4 3 12 4 12 4 4 7 7 10 2 10 4 13 10 10 7 4 12 4 7 13 13 12 13 4 13 13 4 7 4 10 10 2 4 2 10 10 2 4 4 12 4 4 10 4 13 12 12 ,73
4 12 13 2 4 4 4 2 4 4 12 7 4 10 13 12 2 4 12 4 10 4 13 2 12 4 10 4 10 13 3 12 4 2 7 2 10 10 10 12 12 7 10 2 2 4 7 13 13 12 7 7 10 13 4 12 2 4 4 10 10 4 2 7 12 12 2 7 2 2 ,70
10 12 13 12 13 13 10 4 4 12 4 12 2 3 4 13 13 4 12 2 4 2 12 13 2 12 10 13 12 4 10 12 4 13 13 7 2 4 2 2 7 2 13 7 12 13 4 4 2 4 2 7 12 4 2 13 10 4 10 2 10 7 13 13 4 4 4 4 4 2 12 4 2 12 13 4 12 10 13 7 7 ,81
7 13 2 2 4 4 4 7 3 4 12 2 13 7 10 4 4 12 4 4 12 12 13 2 12 13 2 7 12 2 12 2 7 4 12 4 7 12 2 13 2 4 4 2 10 7 12 2 13 4 12 3 12 4 7 12 4 2 10 4 7 13 2 13 2 13 2 13 12 7 12 12 10 12 13 ,75
13 10 10 13 4 4 7 4 2 10 7 13 4 4 10 13 13 10 4 13 13 12 12 12 4 2 4 4 7 10 10 4 12 10 2 4 10 13 2 12 2 2 2 13 4 2 2 4 4 10 4 10 10 2 3 4 12 13 2 10 2 12 10 10 2 12 2 13 7 2 13 2 10 13 13 ,75
7 4 12 10 7 4 10 2 2 4 7 4 2 4 10 13 10 12 2 4 10 10 4 2 4 7 10 2 4 12 4 2 10 13 4 4 4 12 4 2 7 12 10 13 4 10 4 2 4 13 7 7 4 12 2 4 12 12 4 4 7 2 10 2 12 7 ,66
2 4 12 2 10 10 7 12 7 2 12 10 13 4 4 13 2 2 12 12 4 10 2 4 4 13 4 13 2 13 13 13 4 4 4 10 13 4 2 3 4 7 12 4 4 2 12 4 13 4 2 12 2 7 13 13 4 13 13 4 10 13 2 12 4 10 12 4 2 13 2 10 7 2 4 7 13 4 2 7 ,80
4 10 12 13 13 4 2 4 13 2 10 4 12 13 7 4 4 12 12 4 13 13 2 4 4 4 12 12 4 4 4 13 12 12 2 4 13 7 4 13 12 4 4 2 4 12 7 4 4 2 10 13 2 4 13 2 4 10 4 7 10 12 4 12 2 13 7 10 10 7 7 7 7 12 ,74
12 2 12 2 2 2 4 10 4 2 10 4 4 7 4 13 4 4 10 13 2 12 10 12 12 13 10 13 4 12 4 13 10 10 12 13 2 2 12 7 4 7 7 10 4 4 12 4 13 2 2 2 10 4 4 4 13 12 2 2 13 10 4 4 10 2 4 12 2 4 4 2 7 12 2 10 12 10 ,78
10 4 7 13 13 4 7 2 4 2 12 4 13 13 2 13 4 3 4 2 10 12 7 2 12 10 12 12 7 2 4 7 13 12 10 2 7 2 13 13 2 13 4 7 2 4 4 13 12 4 4 13 4 3 10 13 10 13 4 12 4 7 13 12 13 4 4 4 12 10 2 4 7 ,73
4 13 10 7 7 13 4 10 4 12 10 4 13 10 4 4 4 2 10 10 4 10 13 2 12 4 2 13 7 10 4 2 12 2 3 12 4 4 2 13 2 4 2 2 4 4 13 2 10 13 10 4 7 10 10 2 2 10 4 13 10 4 13 7 13 4 4 2 10 7 12 ,71
12 4 13 12 2 10 2 13 12 4 12 7 13 12 12 7 10 2 2 13 2 4 10 2 7 13 13 2 4 12 2 13 12 7 12 13 12 4 4 4 2 2 13 4 4 4 4 12 12 12 12 3 7 12 4 2 13 10 12 2 4 4 13 13 10 2 13 10 12 13 2 4 12 10 13 12 7 4 13 7 4 13 ,82
4 7 13 2 2 4 2 2 10 7 2 13 2 4 7 2 4 4 12 2 7 13 2 2 10 7 10 7 12 4 10 2 4 4 2 2 3 4 2 4 3 10 12 10 2 7 4 4 10 10 12 10 2 13 10 7 10 4 4 13 4 7 ,62
12 2 13 4 13 4 13 4 10 4 7 2 4 2 7 10 4 10 12 10 2 4 13 2 12 12 10 13 4 10 4 10 10 10 12 2 10 13 7 12 13 4 13 4 4 10 7 12 4 13 4 12 4 12 3 13 4 13 12 4 10 10 13 4 7 10 12 12 7 12 7 3 12 13 ,74
4 12 10 12 7 4 4 2 2 7 10 12 4 2 2 13 7 10 13 13 2 2 4 10 12 12 13 4 2 13 2 10 2 4 2 2 12 2 4 4 13 13 12 4 12 7 13 12 4 12 2 13 7 10 7 7 7 2 2 10 4 7 10 12 2 10 2 4 ,68
4 2 13 2 13 7 13 13 12 4 4 4 10 12 4 4 4 4 10 4 4 12 4 12 10 7 10 2 4 7 13 12 2 4 4 4 4 13 4 10 3 7 13 7 10 12 4 13 13 7 2 7 4 2 2 12 12 10 12 4 13 10 13 12 2 4 4 2 4 2 7 12 13 4 10 13 ,76
2 4 7 4 12 4 10 4 12 2 4 12 4 13 12 2 7 4 10 12 4 13 12 13 2 12 2 10 10 13 2 13 4 12 2 4 2 10 10 4 4 13 12 4 13 2 12 7 13 10 4 2 4 3 4 10 4 4 7 12 13 2 10 10 12 10 13 7 4 2 7 4 12 13 10 12 12 13 13 ,79
2 12 12 4 12 10 2 2 7 13 10 12 13 3 4 2 13 2 4 7 2 4 4 13 10 10 4 2 2 4 13 10 13 10 2 7 12 4 4 2 7 2 13 2 4 2 13 4 7 10 12 4 10 10 10 13 4 7 4 2 7 12 2 12 4 13 7 13 4 4 12 ,71
10 4 2 4 4 2 4 12 12 4 4 12 12 12 12 12 12 2 2 12 13 13 2 4 4 2 13 7 12 13 7 7 13 4 12 10 13 4 13 10 2 12 13 2 4 13 2 12 7 10 7 2 10 4 2 12 13 12 12 7 10 2 12 2 12 12 4 2 4 4 12 4 2 2 13 13 13 12 12 10 4 2 7 2 10 ,85
12 12 10 4 3 4 12 13 13 4 13 4 12 13 4 4 12 4 10 2 10 12 7 4 10 13 4 7 7 13 10 2 2 12 2 13 2 4 7 4 4 10 7 13 13 4 10 4 12 4 4 4 10 12 4 13 2 4 2 13 4 10 4 13 13 4 10 7 13 12 7 10 13 12 13 12 12 2 ,78
4 4 10 10 2 7 12 13 13 7 4 2 4 12 7 4 7 10 10 2 4 4 12 2 4 2 12 13 10 10 2 4 2 10 10 4 10 2 13 4 13 13 2 10 4 12 13 7 3 4 7 4 4 2 4 13 13 2 2 4 12 13 13 10 13 7 10 13 2 10 ,70
2 10 12 2 4 10 4 13 4 7 10 2 4 13 10 4 7 7 4 7 4 4 7 13 12 3 12 4 4 10 12 7 4 13 13 7 13 10 12 10 4 2 7 4 2 4 7 7 4 7 10 4 4 12 7 13 4 ,57
10 3 13 2 7 12 7 12 4 7 2 2 4 4 4 2 12 12 12 4 13 10 4 4 4 10 4 12 7 12 13 2 12 10 12 10 4 4 7 13 13 13 4 2 4 7 3 10 2 2 2 12 7 4 2 4 4 7 12 12 7 13 10 7 7 ,65
2 12 12 4 4 2 4 10 4 2 13 10 7 12 13 12 12 10 4 2 7 2 4 13 10 13 13 12 13 13 10 4 12 10 4 12 12 3 2 2 10 13 7 12 12 4 7 2 12 2 7 4 10 13 4 7 13 12 13 2 13 2 10 4 2 10 12 7 10 4 2 13 4 13 ,74
2 7 10 4 2 10 10 12 7 13 4 10 4 13 4 2 2 12 2 4 12 4 7 13 2 7 12 4 12 4 7 10 10 12 13 2 13 4 4 2 12 7 10 4 2 4 2 12 10 10 12 4 2 4 4 4 13 4 13 10 2 7 4 4 12 10 12 10 7 ,69
13 12 12 10 12 2 12 10 4 2 12 7 2 7 2 10 12 12 12 13 13 10 13 13 2 2 2 7 13 2 2 2 12 7 7 4 4 13 12 2 2 13 12 4 12 13 13 4 7 2 4 4 10 2 7 2 4 13 2 4 4 12 10 10 13 4 12 10 4 12 4 4 7 13 ,74
2 7 10 4 4 4 10 10 2 2 10 12 2 12 7 13 4 4 13 12 4 4 2 12 10 12 12 12 2 2 12 7 12 12 13 2 4 4 10 2 13 13 13 2 12 10 10 13 4 13 12 12 13 4 4 2 10 4 13 10 2 4 10 4 13 4 3 7 12 10 2 4 2 2 4 7 13 12 12 4 10 13 2 ,83
13 13 10 10 12 2 2 7 2 10 4 2 13 4 4 10 13 4 4 12 12 13 7 10 12 2 12 10 2 12 2 7 12 4 13 2 7 3 13 4 4 10 10 10 7 12 12 10 2 2 2 2 4 12 12 13 10 12 4 3 13 2 2 13 10 4 10 13 4 13 4 10 12 7 ,74
10 12 12 7 13 12 2 13 4 13 3 4 12 4 7 12 4 2 12 7 10 4 12 4 13 4 4 2 4 4 4 13 13 12 10 2 4 4 10 7 2 12 3 2 2 2 12 13 12 12 7 12 2 10 10 4 7 2 10 10 10 4 2 12 13 2 4 10 7 2 4 4 13 2 4 4 10 4 ,78
10 2 4 4 4 4 13 13 13 4 10 2 7 4 10 7 4 13 7 2 4 4 4 12 12 7 10 13 4 4 12 10 7 4 13 13 10 2 12 7 4 2 4 7 10 7 7 2 7 4 4 4 2 2 7 4 12 10 ,58
12 4 12 4 12 4 12 2 4 13 13 2 2 4 7 4 4 13 12 12 4 4 2 7 13 7 12 4 2 2 4 4 4 2 13 10 13 7 13 12 7 7 2 10 4 4 12 2 4 12 4 12 13 2 4 7 12 13 7 12 10 12 2 10 7 4 4 13 13 13 10 2 ,72
10 4 12 4 4 4 2 12 10 7 13 4 4 2 10 12 7 13 4 4 10 7 10 3 4 12 13 10 4 12 7 2 12 12 12 12 12 2 2 13 4 4 4 2 10 4 13 7 4 13 7 13 2 13 10 4 4 2 7 2 4 7 2 4 4 2 2 10 10 12 13 2 ,72
7 12 12 4 12 4 13 13 4 4 12 10 2 12 2 12 2 2 10 2 13 10 12 2 12 12 12 7 13 2 2 10 2 10 2 13 10 10 12 2 4 2 2 12 4 13 10 13 13 2 13 10 13 13 10 4 7 7 4 13 12 4 10 10 10 13 4 12 13 7 12 12 10 10 10 ,75
4 12 2 10 2 2 2 7 7 4 7 13 13 7 4 4 2 12 13 2 12 4 12 4 12 4 12 2 4 12 7 2 7 12 4 4 12 2 13 4 10 7 4 7 4 4 4 7 12 13 2 4 2 4 4 12 10 13 13 10 13 4 4 2 7 2 4 10 13 10 ,70
7 2 4 4 4 4 7 10 2 7 12 12 4 4 7 10 3 10 10 4 2 4 4 4 12 2 4 4 7 13 10 12 10 13 10 4 12 13 10 13 2 2 13 7 10 7 4 2 10 4 2 13 4 2 2 2 4 10 2 2 10 12 4 2 13 12 ,66
2 7 4 4 12 4 13 4 10 4 10 13 10 10 7 13 4 12 2 12 4 13 2 12 4 3 2 7 10 12 13 2 4 13 13 7 10 10 10 4 4 4 12 4 12 12 10 2 2 12 4 10 13 12 2 10 4 12 2 4 13 4 10 4 7 7 10 10 2 13 ,70
2 12 4 7 10 10 2 13 7 13 10 4 7 10 4 2 2 4 13 4 10 13 2 7 12 12 10 7 4 10 12 7 13 4 10 7 2 13 4 7 10 4 2 4 4 4 7 7 10 10 4 3 4 13 ,54
4 12 12 12 2 4 7 2 10 2 4 13 13 2 4 2 13 13 2 4 7 12 3 10 12 4 2 7 13 7 13 2 13 4 4 2 2 10 4 10 2 12 10 10 4 2 7 10 12 4 7 12 4 2 7 12 10 2 13 7 12 13 7 2 2 4 4 10 ,68
10 2 12 10 4 13 4 2 2 2 3 7 10 13 2 7 13 3 4 13 4 10 2 7 4 13 13 13 2 4 4 4 4 7 4 4 12 2 12 4 4 13 4 10 4 12 13 2 7 2 7 13 7 2 13 4 2 4 4 4 13 4 13 2 7 2 13 7 4 4 12 7 ,72
4 2 7 4 12 2 13 4 2 12 10 10 4 10 10 7 2 2 4 4 12 4 7 2 7 4 4 10 13 13 12 4 4 13 4 12 2 4 2 4 12 2 2 2 12 10 2 4 4 7 12 10 7 4 7 2 10 13 4 10 2 2 12 10 7 4 4 13 12 4 ,70
13 12 3 13 4 7 10 12 13 12 2 13 4 13 12 12 13 13 4 13 13 12 7 13 2 10 7 2 12 12 2 13 13 2 13 2 4 13 12 2 2 13 4 4 10 12 12 10 2 10 10 4 7 2 13 10 2 4 4 10 13 4 2 2 2 13 12 4 7 2 12 10 7 13 4 2 2 2 12 10 ,80
10 4 2 4 2 4 2 7 2 4 4 13 10 12 2 13 4 12 12 13 13 12 10 2 13 2 2 10 4 4 7 10 12 12 2 10 2 2 13 4 12 2 13 4 2 12 2 13 10 7 7 4 10 10 4 13 12 12 13 4 12 13 13 2 7 7 12 3 4 2 2 10 2 13 12 13 2 2 2 ,79
10 12 3 2 10 2 2 2 4 12 12 2 2 10 4 2 10 13 4 12 4 2 12 12 4 13 13 13 7 13 13 12 12 13 10 4 13 4 12 12 4 4 2 2 4 4 7 12 10 10 10 2 10 2 7 10 12 12 7 13 13 4 2 4 2 13 13 13 7 4 12 13 10 4 2 13 13 7 12 ,79
10 4 4 12 4 2 2 2 3 2 4 4 13 2 12 10 2 4 10 7 4 7 4 7 10 7 4 4 10 4 10 7 2 12 4 4 7 7 12 7 13 13 13 4 2 10 2 13 7 13 4 13 4 12 4 13 2 2 12 2 4 12 2 4 4 4 7 13 ,68
4 2 7 12 2 4 4 2 4 2 10 10 4 12 10 4 4 13 10 4 12 13 2 2 4 7 12 4 13 10 10 7 4 7 4 12 4 2 13 13 4 2 4 2 2 12 7 4 7 4 12 4 4 12 10 7 7 12 2 3 4 4 7 7 2 12 10 ,67
2 2 4 12 4 2 10 4 2 13 4 4 10 10 10 2 10 13 7 2 4 4 10 7 13 4 12 13 2 2 10 7 10 4 12 2 4 12 10 4 4 4 4 4 12 4 13 12 7 10 13 12 2 12 12 13 4 4 4 13 12 10 7 13 2 7 13 4 4 13 10 13 2 13 13 ,75
7 4 10 2 10 4 7 4 12 12 2 4 12 2 13 10 2 10 2 4 12 4 4 4 2 2 2 13 4 12 4 7 2 12 4 4 12 10 13 13 10 13 3 4 12 12 13 2 13 2 12 7 7 7 7 10 12 2 7 4 4 4 13 2 13 12 12 2 4 13 12 10 10 12 4 13 ,76
10 12 10 4 4 2 4 7 13 4 13 12 13 12 13 13 12 4 12 4 12 4 13 12 4 12 12 7 4 10 7 13 7 4 12 2 10 2 4 13 10 4 12 13 10 2 10 2 12 10 12 4 7 10 12 12 10 4 12 2 13 10 4 7 13 13 10 12 12 13 12 13 10 3 4 2 7 ,77
4 3 2 12 4 12 10 2 13 12 2 12 4 4 7 4 10 13 7 12 2 12 2 12 13 10 12 13 4 10 2 13 12 2 4 10 2 12 13 12 12 4 2 4 2 2 10 13 2 7 12 4 10 4 7 2 10 13 7 2 12 4 7 13 13 4 12 4 2 12 10 4 2 7 10 10 4 4 ,78
4 2 4 2 12 13 10 4 4 4 13 7 3 13 3 13 2 12 10 12 12 12 2 2 4 2 7 2 2 7 13 13 12 4 7 7 7 12 2 10 12 12 2 7 13 13 4 4 13 10 13 4 2 4 2 10 13 12 4 12 2 7 13 2 4 12 13 4 13 4 2 13 2 12 4 4 10 10 ,78
13 2 13 10 3 13 10 4 2 7 10 12 7 10 12 2 2 4 10 12 13 13 12 10 10 4 12 4 13 2 4 13 12 10 2 7 12 13 4 12 13 2 4 13 13 12 12 4 7 13 10 10 4 4 4 12 4 12 10 13 12 10 2 13 4 4 2 2 13 13 7 12 4 7 10 10 ,76
4 12 13 12 4 10 2 13 4 4 4 13 2 2 3 7 4 10 2 12 10 10 12 12 10 2 10 4 12 10 10 10 13 13 13 10 2 7 2 4 13 4 13 7 13 4 4 4 2 2 13 10 10 4 4 12 10 2 4 12 10 2 13 4 2 10 12 13 10 10 7 4 2 2 2 12 2 12 ,78
4 2 2 13 10 2 4 2 12 13 2 7 13 4 2 13 13 2 10 10 2 12 13 13 12 2 7 4 4 12 4 4 4 4 7 2 13 7 13 4 13 7 10 2 10 7 12 2 12 4 2 2 13 4 2 12 2 12 2 4 13 2 13 12 7 13 2 7 2 12 13 10 13 ,73
7 7 4 7 4 4 12 13 13 4 4 2 10 12 2 2 12 3 10 2 13 4 12 10 13 13 13 2 12 4 3 2 4 7 4 12 12 10 2 2 4 4 10 7 7 4 2 2 13 13 10 10 4 10 7 12 12 4 2 4 7 13 4 4 4 12 2 2 4 12 10 ,71
4 7 4 10 10 10 2 13 4 12 10 10 7 2 4 4 10 2 7 13 10 4 12 10 2 10 12 7 2 4 7 13 2 12 4 4 4 7 10 4 2 7 13 10 4 2 4 10 3 12 13 2 4 12 2 12 2 10 12 4 2 13 4 7 4 13 ,66
13 2 12 10 7 10 13 2 4 13 4 10 10 2 13 10 4 12 4 4 10 12 13 12 12 12 4 4 4 12 10 10 2 12 2 7 2 10 13 13 4 10 10 4 4 10 12 4 13 7 2 2 10 2 2 4 4 7 4 2 12 12 12 13 12 2 12 4 10 12 10 12 13 10 4 2 10 13 ,78
12 12 12 2 2 13 4 4 10 2 12 12 4 10 10 13 4 2 4 7 2 4 13 10 4 3 13 13 12 2 4 4 2 13 4 4 13 10 10 4 10 12 13 2 4 13 4 2 13 4 12 13 7 7 4 4 13 12 4 4 2 12 13 2 10 4 10 10 2 13 4 2 10 4 4 10 7 7 4 ,79
10 4 13 2 12 2 7 4 2 12 10 4 12 10 13 12 13 13 12 10 13 2 12 4 12 4 2 4 2 4 7 4 2 13 10 12 10 10 4 3 3 13 4 7 4 10 4 13 4 12 2 7 2 4 7 4 10 4 13 13 13 4 2 10 4 13 2 12 2 2 7 2 7 4 12 ,75
4 4 7 4 13 13 2 10 4 2 4 10 4 4 13 2 12 4 2 4 4 7 12 13 4 4 2 10 13 3 2 10 4 13 7 10 10 10 13 12 4 4 7 12 13 12 13 7 2 7 2 10 13 7 12 10 4 2 4 10 2 4 2 10 4 12 4 4 13 4 4 13 4 13 12 ,75
12 12 4 2 4 2 12 12 7 13 7 4 12 7 10 4 4 7 7 2 4 7 7 10 4 10 12 7 7 13 13 10 7 4 12 2 2 7 13 2 7 7 12 4 4 10 10 3 4 7 ,50
10 4 4 4 7 4 13 13 13 10 10 12 2 7 4 3 10 4 4 12 4 4 10 13 4 12 12 10 4 7 2 10 12 12 2 2 4 12 10 12 12 4 2 7 4 13 2 4 12 2 12 12 4 13 2 13 4 2 4 13 12 4 13 7 4 4 7 12 12 12 12 12 13 10 7 13 10 12 13 13 10 ,81
2 12 3 13 2 3 4 4 13 2 7 10 12 4 2 4 2 12 7 10 7 12 12 2 4 4 7 10 4 10 4 4 10 7 4 2 12 4 2 2 4 4 7 2 7 13 4 10 10 12 13 7 12 10 7 4 2 4 2 10 4 10 10 ,63
10 10 4 13 4 2 4 4 10 7 2 13 4 10 10 12 2 12 13 2 4 4 2 4 4 10 4 10 10 12 2 10 4 7 2 12 10 4 10 13 4 4 3 10 4 4 10 12 4 7 4 4 13 7 13 13 4 10 7 10 13 13 10 4 13 7 12 2 2 12 2 ,71
12 4 4 12 12 4 4 4 4 12 12 7 12 10 4 2 3 13 4 4 4 4 12 4 13 13 12 10 12 2 7 4 13 10 12 2 7 13 4 12 2 10 2 4 4 2 4 2 2 4 2 4 12 13 7 10 4 13 13 2 7 4 2 4 12 10 13 7 13 13 13 10 10 2 13 10 4 4 7 13 13 ,81
4 2 2 12 2 4 2 4 10 10 2 13 4 13 10 7 7 10 4 13 7 7 4 10 7 4 7 13 10 12 13 12 2 2 13 2 4 2 4 10 4 4 2 10 13 12 2 10 4 12 7 10 2 12 12 13 2 10 2 12 4 7 12 10 3 12 2 ,67
12 4 4 7 12 2 2 4 10 4 12 13 13 13 10 10 4 12 12 10 2 7 7 12 2 13 13 12 12 13 4 12 4 12 2 13 2 2 13 2 12 10 10 13 4 4 10 2 12 2 4 2 12 4 7 12 2 13 2 2 10 13 13 13 10 13 2 2 12 12 13 2 12 2 4 10 2 13 2 4 7 2 2 13 13 ,85
4 10 4 10 2 2 4 4 3 4 12 4 7 12 13 12 12 2 13 2 10 7 4 10 12 2 12 4 2 13 7 7 12 4 10 7 4 12 7 10 10 2 12 7 12 13 2 4 4 4 13 7 13 12 12 2 12 13 10 10 10 13 10 12 4 2 7 ,67
7 13 4 10 4 13 2 4 4 10 7 4 13 13 12 4 4 4 2 4 4 10 4 2 4 10 4 10 12 13 12 7 4 7 12 7 4 13 12 2 2 12 4 4 13 10 10 12 13 4 13 10 13 12 10 10 12 2 12 12 13 13 7 7 12 12 7 2 4 2 10 2 ,72
4 2 7 12 7 12 4 13 12 4 10 2 13 10 12 4 2 4 12 13 4 4 2 10 13 12 4 10 10 2 10 2 4 7 4 13 13 10 13 12 7 12 12 13 4 2 4 12 12 13 4 4 2 10 2 12 12 4 4 10 10 13 2 4 10 13 2 7 10 10 12 7 10 ,73
13 2 4 13 4 4 10 12 4 2 10 13 2 12 13 2 13 12 7 2 10 10 3 2 2 4 10 4 13 10 10 13 10 12 2 4 13 2 13 13 12 4 7 4 4 4 4 3 2 4 10 4 4 2 7 4 13 2 12 10 10 10 4 12 10 13 13 2 2 10 12 12 13 7 12 4 4 2 7 12 13 ,81
4 10 13 4 7 4 2 13 10 13 4 4 4 12 4 7 4 4 4 7 2 10 4 2 12 4 2 10 4 7 10 12 13 4 13 13 13 2 7 10 2 12 10 12 10 12 4 13 13 4 2 2 4 13 10 4 4 12 10 4 2 2 10 2 10 4 12 7 4 10 7 ,71
13 7 7 2 4 4 10 7 4 4 4 2 4 12 10 4 2 13 13 12 12 12 7 13 10 13 13 4 12 2 7 10 4 13 4 2 12 13 12 12 10 12 2 4 4 2 12 10 4 4 4 12 12 4 12 10 4 10 4 13 13 4 12 3 2 10 2 12 4 4 12 4 4 7 13 3 10 2 12 13 13 7 ,82
12 4 4 13 4 7 13 13 13 4 4 12 12 4 4 4 7 10 13 12 7 7 4 4 12 2 10 12 10 13 7 10 7 4 13 13 2 4 2 2 12 4 13 2 10 4 2 7 12 10 10 2 13 10 4 12 12 12 13 2 13 12 10 13 13 13 12 3 10 13 10 4 4 4 ,74
12 13 4 7 4 4 4 2 2 2 12 10 4 2 4 13 4 2 13 13 7 4 7 10 10 12 7 3 2 4 4 13 2 4 4 12 13 13 4 2 13 10 13 13 12 4 2 4 4 10 12 13 13 2 7 12 7 4 2 13 10 12 2 10 12 10 12 12 12 10 10 10 2 13 12 2 4 13 4 13 ,80
10 4 13 13 10 4 12 12 13 7 2 13 4 4 2 13 4 4 2 7 4 7 4 4 4 13 12 4 2 13 10 3 2 13 4 2 10 7 7 4 10 2 12 10 4 13 2 2 4 4 2 2 7 2 4 13 12 12 13 12 4 2 10 7 4 4 13 13 10 4 4 4 4 13 2 12 2 4 ,78
4 12 13 4 12 4 4 2 4 4 4 4 13 13 2 10 4 2 12 7 13 12 10 4 10 4 10 7 10 7 10 10 2 13 13 7 12 4 4 4 12 7 4 13 10 12 3 4 2 7 7 2 4 7 4 2 12 10 4 4 12 13 10 13 13 10 7 ,67
4 7 4 4 10 4 4 12 12 13 2 7 2 10 4 13 7 10 13 10 4 10 2 12 13 4 4 4 2 10 12 10 4 13 4 4 2 4 4 10 13 12 2 12 12 2 10 2 4 3 7 13 13 13 2 2 2 7 10 13 4 2 4 2 7 10 4 4 7 4 ,70
7 4 13 7 4 4 4 7 2 2 4 7 2 7 3 4 7 10 10 7 2 12 13 12 4 7 2 2 10 12 12 4 12 12 13 13 3 4 4 4 4 13 4 4 13 4 4 10 10 13 2 2 12 4 4 10 4 13 4 10 7 4 2 13 13 7 2 12 ,68
2 7 7 7 10 2 4 3 2 12 4 4 4 7 13 10 10 4 13 7 2 10 13 10 12 4 2 12 10 13 2 12 13 2 2 10 12 4 2 7 4 4 2 10 13 7 10 2 10 4 10 4 4 12 7 13 13 12 4 12 2 13 4 4 4 4 ,66
2 13 12 4 12 12 4 4 10 4 7 7 2 4 10 12 2 4 7 12 7 10 4 12 10 12 4 2 12 2 10 2 4 12 4 12 12 7 2 13 4 12 4 2 10 4 12 10 7 13 10 10 2 13 12 12 13 4 10 2 7 12 13 10 4 10 4 12 4 12 13 2 4 2 4 12 12 ,77
10 2 4 13 4 4 13 12 12 2 2 12 4 7 13 4 4 10 4 10 12 4 7 2 7 13 7 7 2 3 4 12 4 4 7 13 12 13 12 7 4 10 12 4 12 7 4 2 13 12 2 13 4 2 4 7 4 4 2 13 7 7 7 ,63
2 13 12 2 2 2 12 7 4 12 10 12 2 12 4 4 12 12 12 4 4 12 12 12 4 2 10 2 4 7 2 13 10 4 13 4 10 13 12 2 12 4 2 13 4 12 13 12 2 4 13 7 13 13 12 13 4 10 4 4 4 2 7 12 10 7 7 4 4 12 4 10 4 13 10 13 2 4 7 4 2 2 2 12 ,84
4 4 4 4 12 7 13 4 10 2 2 2 10 4 2 2 4 10 2 4 4 4 4 2 13 13 7 10 13 13 2 4 13 4 4 13 7 13 10 4 2 2 13 10 13 12 13 4 3 2 7 2 10 7 10 12 12 4 12 7 4 10 12 13 4 10 13 12 13 13 4 10 12 4 10 ,75
13 4 2 4 13 2 13 13 2 7 4 4 10 10 2 3 7 4 2 4 13 4 3 13 10 4 13 2 13 12 4 7 10 12 7 4 2 2 12 13 7 13 13 10 13 7 4 13 10 4 4 2 10 2 4 10 10 13 10 2 4 10 2 12 7 2 13 2 13 12 4 ,71
12 7 7 4 13 13 2 4 13 13 12 12 2 4 10 10 4 12 2 7 13 13 2 10 2 4 2 12 12 4 2 2 10 4 12 13 13 4 13 10 3 12 2 7 7 4 10 2 13 4 4 4 4 10 4 12 12 4 2 10 13 2 12 2 12 10 4 7 4 4 10 12 13 7 ,74
4 10 12 4 4 10 2 10 7 2 4 13 2 4 13 13 4 13 10 3 10 12 7 10 10 4 2 10 2 7 4 4 4 2 4 12 2 10 7 4 4 4 2 7 2 4 10 4 7 2 12 12 12 10 4 13 4 10 10 13 4 12 7 4 4 13 2 2 12 12 ,70
2 7 4 4 12 7 7 4 7 4 7 4 4 2 2 10 4 7 4 10 12 13 2 2 2 7 4 3 12 4 13 4 13 4 4 10 4 4 10 10 2 12 10 7 7 13 13 10 4 13 2 2 4 12 2 4 4 13 12 13 4 2 4 7 ,64
10 4 2 4 4 2 7 10 4 13 7 4 7 4 4 4 2 2 2 13 4 2 4 10 13 10 7 2 13 4 2 12 13 4 12 2 2 10 4 7 13 4 12 4 2 7 13 2 7 12 10 4 13 2 2 4 12 2 3 2 7 12 10 12 10 13 4 13 12 12 4 10 ,72
4 7 12 13 2 2 2 2 10 4 13 10 13 10 10 4 7 4 10 4 2 4 10 13 3 4 2 10 4 10 7 12 4 12 12 4 4 7 4 13 13 13 13 12 4 13 2 2 4 12 4 3 10 2 12 4 7 12 7 4 4 10 2 12 12 10 2 2 2 13 13 4 7 2 4 4 ,76
2 13 12 2 12 13 13 4 10 12 2 13 4 4 13 13 13 7 12 3 2 7 4 12 4 2 13 13 13 4 2 2 2 2 13 4 7 12 12 10 4 12 12 2 2 12 4 13 13 4 2 2 4 12 2 13 13 13 4 10 12 2 12 10 2 13 12 2 12 4 10 4 7 13 12 2 4 10 7 4 7 7 10 ,83
7 2 10 4 2 7 2 4 13 13 4 4 2 12 4 10 7 12 7 12 12 12 10 4 12 7 13 4 13 4 10 4 10 4 10 4 2 3 2 13 13 12 13 4 7 12 7 13 13 12 10 2 13 7 2 10 2 4 4 7 10 13 12 3 12 7 ,66
13 4 10 4 2 2 7 13 4 4 4 2 12 7 13 4 10 2 10 3 13 4 7 10 4 13 10 12 7 4 2 2 7 4 2 4 13 13 10 2 10 13 7 4 4 4 7 2 3 2 7 7 12 13 12 7 7 2 ,58
4 4 2 10 12 7 7 13 10 12 4 10 4 4 2 4 2 4 4 2 10 2 13 10 13 4 10 13 2 2 7 12 4 12 7 4 4 4 7 4 10 13 12 7 13 7 7 7 13 10 13 7 12 4 13 12 2 12 12 10 4 2 ,62
2 12 13 2 7 4 4 4 12 12 4 13 2 2 2 7 10 13 4 2 10 7 4 12 4 2 4 2 12 10 4 4 10 4 12 13 2 12 10 4 13 2 12 7 13 2 12 10 13 4 2 4 7 2 4 10 4 12 13 13 2 10 13 13 12 4 2 4 7 2 2 3 13 12 7 10 12 13 2 3 ,80
2 12 10 2 2 10 7 4 12 4 13 13 12 12 4 4 2 12 10 4 2 2 4 4 12 2 4 7 13 4 12 2 13 4 10 13 12 7 3 10 12 10 12 10 10 7 12 12 12 12 13 13 4 13 4 4 13 13 10 10 12 12 7 4 13 10 10 4 13 2 12 10 13 10 12 12 13 13 12 4 ,80
2 13 13 12 13 4 4 13 10 12 13 10 12 7 12 4 4 12 2 13 2 4 2 2 13 7 7 2 13 12 4 12 2 2 12 2 13 10 2 13 7 10 2 12 3 13 10 10 2 2 12 7 4 12 10 12 4 13 7 13 10 4 4 13 13 4 4 13 12 13 2 2 4 12 2 10 4 13 2 13 13 10 ,82
2 2 12 12 7 4 7 4 12 10 13 13 3 2 4 12 10 13 10 12 7 2 7 2 2 4 13 12 4 13 2 12 2 12 2 12 10 4 4 13 12 4 13 12 4 13 10 13 13 4 2 2 3 4 4 4 12 12 13 12 7 4 2 13 7 10 13 12 12 12 7 13 13 10 7 4 ,76
12 7 4 4 4 13 10 13 2 13 4 2 3 10 13 4 2 7 13 12 2 2 13 4 12 4 4 12 10 13 4 7 10 2 13 4 12 13 2 4 4 4 2 10 7 10 4 10 13 4 10 12 10 2 2 12 4 13 4 7 10 7 10 10 2 7 4 4 12 12 13 13 ,72
13 2 2 12 4 13 13 2 2 4 10 12 10 4 2 4 13 10 13 4 13 12 4 10 10 4 10 2 7 3 2 3 12 10 13 13 7 12 2 4 7 13 13 4 2 2 4 4 10 4 4 12 12 4 2 10 2 7 2 13 7 10 4 10 12 13 13 12 2 4 10 12 13 2 4 13 12 4 2 2 4 2 ,82
10 10 4 10 13 13 13 13 4 4 10 4 13 12 4 4 12 2 2 13 10 12 10 4 13 12 10 12 2 13 13 13 7 10 4 12 2 10 13 13 4 13 2 2 13 2 7 4 10 10 2 2 2 12 10 4 4 10 13 2 3 4 7 7 13 7 4 12 7 4 12 2 10 4 ,74
13 12 13 13 10 4 2 12 13 4 10 4 4 2 4 12 2 2 4 13 7 7 10 12 13 10 4 4 13 2 7 12 12 2 2 12 2 12 12 13 13 7 2 4 2 10 7 2 13 13 10 10 12 13 2 13 2 2 2 4 7 2 13 10 4 10 13 12 10 10 4 2 2 10 4 ,75
4 7 4 4 2 2 2 2 13 4 13 4 4 7 10 2 2 10 4 13 13 4 2 10 2 4 10 4 12 2 2 10 10 13 10 13 2 10 4 2 7 4 4 4 7 4 7 3 2 2 10 10 10 12 12 4 7 4 10 7 10 2 4 2 ,64
7 4 13 4 7 13 12 10 4 13 2 12 10 3 4 10 2 4 2 4 12 2 2 4 10 7 10 10 10 4 13 13 12 10 4 12 10 2 2 10 2 4 12 10 10 4 12 4 4 2 12 7 4 4 12 10 7 7 10 13 2 4 7 4 13 10 13 ,67
3 2 12 12 4 10 12 4 4 2 4 2 2 13 7 4 4 7 12 2 7 4 4 7 10 10 12 10 12 2 4 4 2 12 7 4 4 4 2 10 2 10 10 4 10 4 13 4 12 7 13 2 4 13 12 3 2 13 13 4 2 10 13 7 2 10 2 10 10 4 10 ,71
4 13 4 12 4 10 13 2 10 13 12 2 3 7 10 10 2 13 12 13 4 2 4 10 2 7 10 10 12 4 4 4 2 4 7 12 12 4 4 10 4 7 4 13 10 2 10 4 12 4 7 4 13 7 12 2 13 13 12 13 2 12 12 2 7 4 4 4 2 4 13 12 10 12 13 10 ,76
12 4 13 13 12 13 4 12 2 2 13 10 2 13 10 13 12 7 7 12 4 4 12 4 4 2 12 7 4 2 4 12 13 2 4 2 10 2 4 2 10 13 13 13 2 7 7 12 2 12 12 4 7 2 10 4 7 10 4 4 13 7 2 10 13 10 10 2 4 3 2 12 ,72
7 2 7 7 12 4 7 10 13 12 4 10 2 4 10 10 12 2 4 10 7 4 13 13 10 7 12 4 4 12 4 2 4 12 13 13 13 12 7 2 2 4 10 13 3 2 12 13 12 4 13 12 7 7 2 3 4 2 12 2 12 7 2 2 4 4 4 12 12 12 12 ,71
12 12 12 10 2 12 12 12 12 13 13 13 7 12 4 4 13 7 10 4 10 13 4 2 4 2 4 2 12 2 10 4 13 10 12 4 7 2 4 13 13 12 4 7 2 4 13 13 12 3 2 4 7 12 2 13 10 2 2 4 2 2 4 2 4 4 10 2 13 10 13 12 7 10 4 2 7 10 ,78
12 7 2 12 13 13 4 7 12 10 13 2 4 2 10 2 3 10 12 7 4 7 10 4 4 4 2 2 2 2 7 3 10 4 2 7 4 10 13 12 13 12 13 4 12 10 10 13 4 10 13 4 4 4 10 10 4 4 2 13 12 2 4 13 12 4 7 13 12 13 12 7 ,72
10 10 12 4 4 10 4 12 2 12 2 4 4 10 10 13 13 10 12 12 4 13 2 2 13 2 12 4 2 12 12 4 10 12 13 2 4 7 13 2 12 7 7 7 4 12 12 13 10 10 3 13 13 4 10 7 4 4 4 2 7 2 12 2 2 4 10 2 2 10 4 2 ,72
4 7 10 3 2 4 2 2 4 4 12 7 7 12 7 7 4 10 4 4 10 12 12 12 4 4 4 4 4 13 4 7 4 2 2 2 10 4 10 2 2 12 4 12 12 2 12 12 13 10 13 12 13 10 4 7 4 13 12 7 10 7 10 10 7 ,65
7 7 4 3 10 4 7 4 10 4 13 2 2 4 2 13 13 10 3 10 13 2 13 13 2 4 12 7 12 2 12 7 12 4 13 4 10 13 12 13 7 13 7 10 10 12 4 4 12 4 2 10 12 10 10 4 13 4 4 12 7 7 10 13 4 13 4 ,67
13 4 10 10 7 13 13 7 4 10 10 12 10 4 4 12 4 7 2 2 13 12 10 2 4 10 4 12 13 2 7 13 13 2 12 4 4 2 13 12 4 2 10 7 2 2 2 2 12 2 12 13 13 4 10 3 12 12 12 4 2 2 4 10 10 4 2 7 4 2 7 ,71
10 4 13 12 10 4 13 2 12 7 2 4 12 12 10 2 3 10 10 4 4 7 2 4 12 13 10 12 4 13 4 10 4 2 10 2 4 13 7 7 7 2 2 4 13 4 12 4 13 2 4 2 2 2 13 13 4 2 7 10 10 13 12 2 12 13 12 12 12 2 12 10 4 10 12 4 13 4 13 ,79
10 4 4 12 12 10 4 4 4 10 12 10 12 7 12 7 4 4 2 13 13 4 2 4 2 4 4 10 4 12 13 13 13 13 13 2 4 7 7 2 2 12 4 4 3 2 12 10 12 3 12 10 10 2 12 4 7 12 13 2 12 2 2 4 4 13 4 13 7 12 13 13 2 10 7 2 13 10 2 13 ,80
2 2 2 4 2 2 2 13 2 2 12 4 10 12 13 4 7 2 7 4 12 10 10 13 13 2 13 7 12 12 13 10 2 12 10 12 13 4 4 13 13 13 2 4 4 2 4 4 2 10 4 13 4 10 10 10 4 2 12 12 4 13 4 4 10 12 12 4 4 13 13 2 13 4 12 12 13 12 4 10 12 7 10 2 ,84
2 12 7 3 2 2 10 4 12 4 13 4 10 4 7 2 12 7 13 4 4 12 10 10 4 10 2 7 10 2 10 4 2 4 10 2 7 4 2 10 4 7 2 7 12 4 4 2 4 7 4 13 7 4 4 12 2 4 3 13 12 13 13 7 4 ,65
12 2 4 4 12 4 2 4 12 13 13 12 13 3 2 13 10 10 2 12 7 13 10 2 10 12 12 10 2 7 13 4 2 7 7 7 2 2 13 12 4 12 4 4 10 10 4 13 4 10 2 12 7 12 4 2 2 13 12 7 2 4 2 7 12 2 13 12 13 4 2 4 2 13 12 ,75
12 2 10 12 2 2 10 7 4 12 12 10 2 10 10 2 4 10 7 4 7 12 2 4 12 12 12 10 4 13 7 7 4 10 2 4 13 10 10 4 12 4 13 2 3 10 2 13 7 2 2 13 4 2 2 2 4 12 4 4 2 4 4 4 7 12 2 12 2 10 13 13 2 ,73
7 2 7 3 10 4 12 4 4 10 4 4 7 4 10 10 4 13 4 7 10 2 2 4 7 12 3 10 7 4 2 4 12 13 13 2 13 12 12 7 12 12 13 12 13 10 4 12 7 12 12 2 2 10 4 7 4 13 13 2 7 2 12 2 4 4 13 ,67
4 12 2 10 2 10 13 7 4 4 4 13 2 2 7 12 10 4 10 4 12 10 10 13 7 7 4 13 12 7 4 4 13 4 4 7 4 13 10 13 13 4 10 2 13 13 13 2 2 3 7 2 7 12 12 4 7 10 7 4 4 4 13 ,63
4 10 7 4 7 2 13 4 4 4 7 4 10 4 2 4 4 13 10 7 7 4 4 2 13 4 2 4 10 7 2 12 7 10 13 12 12 4 10 7 4 4 13 4 7 13 12 13 13 2 12 7 4 3 10 10 13 12 2 4 13 13 12 2 10 ,65
7 13 7 2 2 2 2 4 10 12 10 13 4 2 4 13 3 12 4 2 10 4 13 2 10 12 4 13 13 2 7 12 4 7 12 2 4 12 2 4 2 4 12 4 10 7 4 2 10 2 4 12 2 7 7 13 4 7 4 2 4 10 2 10 4 13 13 10 4 12 ,70
13 2 12 4 4 12 13 13 4 7 10 7 12 2 10 3 4 10 12 4 4 2 4 7 2 13 13 13 10 12 4 4 12 12 12 13 12 4 10 7 2 12 12 2 12 10 4 10 12 4 3 2 4 4 12 2 7 12 4 7 7 7 10 13 4 7 4 10 13 13 ,70
12 4 7 10 4 2 10 4 2 4 12 12 4 10 12 2 12 13 7 3 10 13 12 2 13 2 7 4 12 7 4 4 10 2 4 13 4 12 13 4 4 10 7 4 4 2 2 7 10 10 2 12 13 10 7 4 12 2 13 4 4 12 2 12 13 4 2 13 2 13 4 7 ,72
13 2 2 10 12 2 4 4 10 13 2 10 4 2 10 7 13 4 13 2 13 13 2 7 12 13 4 12 2 12 4 12 4 4 2 10 4 13 2 12 12 10 2 12 12 7 7 4 2 13 4 12 4 13 4 2 10 10 13 12 4 7 2 2 10 7 12 12 4 13 4 12 4 12 12 3 12 2 13 13 10 12 2 ,83
13 2 10 12 4 4 4 10 12 2 12 4 2 4 4 4 12 4 2 4 13 10 4 4 7 13 10 10 10 10 2 4 4 4 12 12 7 10 12 4 2 4 13 10 2 2 2 7 7 4 13 7 10 13 2 10 2 12 4 12 12 13 7 13 4 10 4 13 4 4 2 10 ,72
12 4 4 12 4 13 12 13 12 3 13 10 4 13 13 13 4 12 13 13 10 4 7 2 3 4 12 4 10 13 10 4 10 13 7 2 13 10 13 13 13 4 12 4 12 4 4 4 12 10 7 13 13 13 2 12 10 2 12 10 10 13 10 10 10 13 4 2 13 10 4 2 7 2 2 10 2 10 2 ,79
2 13 13 13 13 2 4 13 4 10 4 2 12 13 13 3 4 2 4 13 12 12 10 10 4 10 2 12 10 4 10 13 10 4 4 13 3 13 12 12 13 2 13 13 10 12 12 13 12 10 12 4 13 4 13 7 2 4 12 2 12 10 2 4 4 12 2 7 4 13 2 12 7 12 10 10 2 7 7 12 10 13 ,82
2 12 2 4 12 13 2 7 2 13 12 4 10 4 12 4 4 4 13 2 7 7 10 4 10 4 7 4 10 4 13 13 4 10 2 13 13 7 3 2 13 4 4 2 13 12 4 4 10 7 13 12 12 10 2 13 4 7 12 13 12 2 10 4 4 12 4 13 10 12 4 2 2 10 12 10 ,76
4 12 13 13 2 10 10 4 13 10 12 7 3 4 4 13 13 4 4 12 12 12 2 12 13 10 4 12 2 2 2 7 2 2 2 2 12 13 4 4 12 13 7 13 12 2 10 2 7 13 13 13 10 4 4 12 12 2 7 4 4 4 4 2 10 2 13 2 12 10 7 7 12 7 2 ,75
4 2 2 10 10 4 2 4 12 10 7 12 10 12 4 12 10 2 13 13 2 13 7 13 13 4 4 7 13 10 7 4 13 12 4 12 12 12 2 2 2 13 10 4 4 4 10 4 13 13 13 4 4 12 4 10 10 4 2 10 10 13 2 4 13 10 12 12 4 12 2 13 2 4 10 10 4 10 ,78
12 4 4 12 12 4 12 4 2 12 2 13 4 2 4 2 2 13 10 7 7 4 4 12 13 12 13 2 13 2 4 13 7 7 13 4 10 10 4 4 10 10 13 10 3 2 13 12 13 12 7 13 2 7 4 4 3 2 4 4 2 12 2 2 2 10 7 13 13 10 10 13 2 7 ,74
13 13 2 2 4 4 7 2 13 4 4 10 2 12 2 10 4 7 12 12 2 13 13 13 12 4 7 10 2 13 13 7 2 4 10 7 3 4 4 4 2 2 12 13 2 4 2 3 7 10 12 2 10 13 10 4 2 7 10 2 4 10 4 4 12 4 7 2 2 12 2 4 13 ,73
13 3 7 4 12 4 13 2 2 12 10 10 4 4 10 4 7 12 13 2 13 13 2 12 13 13 4 4 7 13 4 10 12 2 7 4 7 10 2 4 4 4 12 12 10 4 13 2 10 7 12 13 10 2 10 12 4 4 4 2 10 4 2 13 4 4 2 7 4 10 3 13 13 13 2 ,75
4 2 3 4 4 4 10 4 4 13 10 2 2 10 4 13 12 4 13 12 2 4 2 7 12 4 7 2 7 4 4 12 4 4 7 2 10 13 2 2 12 4 2 10 4 7 10 12 4 10 2 12 2 4 2 4 2 10 4 2 10 2 7 13 2 13 7 2 7 10 ,70
12 10 2 4 12 10 4 10 4 4 3 10 2 12 10 13 13 2 13 13 4 4 2 7 12 2 4 7 12 2 3 12 12 2 10 4 2 2 10 13 13 4 4 13 7 4 12 4 12 12 7 4 2 2 7 4 13 4 4 10 2 10 12 10 4 4 4 13 7 10 10 10 4 10 4 4 ,76
7 4 2 7 4 4 4 2 2 2 7 4 3 7 13 13 4 4 12 13 12 4 13 13 7 10 13 2 7 13 7 10 7 12 4 13 7 2 13 4 4 12 12 4 7 13 12 7 12 4 7 10 10 2 2 12 10 4 4 10 ,60
2 7 4 2 4 4 4 4 7 2 4 4 10 12 10 7 4 10 13 2 13 2 10 10 10 2 13 4 4 12 4 10 12 13 4 2 13 2 4 10 4 2 4 2 4 10 3 4 13 12 7 12 13 12 4 13 7 13 13 2 2 2 13 2 4 2 13 7 2 7 13 10 2 2 4 ,75
13 7 2 4 12 10 2 10 10 2 12 4 12 12 4 13 2 7 12 10 13 2 2 12 12 2 2 7 12 4 2 13 13 13 2 2 4 13 13 12 10 10 10 7 4 4 2 7 10 2 10 4 4 12 12 12 2 4 2 4 7 10 2 2 2 4 4 13 13 10 3 2 10 12 13 13 ,76
4 12 4 3 10 12 2 3 13 10 4 4 13 2 13 4 13 2 4 10 4 2 4 2 12 12 13 12 10 13 10 10 12 2 10 4 13 4 7 2 2 12 2 7 10 2 4 4 4 12 2 13 2 10 4 2 2 10 7 2 4 12 12 7 12 12 4 4 10 10 12 13 10 2 4 4 13 10 4 13 ,80
13 2 4 2 7 7 2 12 4 10 4 12 10 13 4 4 12 12 12 4 12 7 7 4 4 2 12 12 12 13 4 10 10 13 13 12 4 4 13 2 12 13 13 2 2 4 4 4 13 12 12 10 10 13 4 13 12 4 2 3 10 13 2 4 2 7 2 10 10 13 2 2 13 4 2 10 2 13 13 12 7 ,81
13 12 2 13 4 4 2 4 12 12 12 2 2 2 4 12 12 4 12 12 3 10 10 13 4 2 2 4 13 12 4 10 2 13 13 4 13 7 2 2 12 7 4 12 13 12 13 7 2 4 4 4 2 12 13 10 10 13 7 13 10 12 4 2 13 2 13 7 4 10 13 4 13 2 7 4 10 10 ,78
12 2 4 4 7 12 10 4 13 7 12 12 13 13 7 10 12 13 12 12 10 12 7 12 10 12 4 4 13 4 10 4 10 4 12 2 7 7 4 4 2 4 2 4 7 4 10 4 2 10 10 12 4 4 13 12 2 12 10 10 4 4 10 2 7 12 ,66
4 12 12 10 10 13 2 4 12 4 4 13 12 7 13 12 4 7 12 13 4 2 13 2 2 2 12 4 12 7 12 10 2 12 7 4 4 4 10 4 4 10 4 12 4 4 2 12 4 4 7 10 2 12 4 4 2 4 7 7 2 2 10 2 13 2 4 13 2 4 12 12 12 10 2 4 12 12 12 10 12 10 ,82
2 4 2 13 2 4 2 10 13 4 2 2 13 12 2 12 13 13 12 10 12 13 13 13 13 10 13 10 12 10 4 7 7 10 2 7 4 4 4 2 7 10 13 12 2 12 7 12 2 4 10 13 2 4 12 12 12 13 13 2 3 2 4 13 10 4 12 12 2 12 12 13 4 10 13 2 10 2 4 12 10 13 ,82
4 2 4 10 2 10 4 10 4 12 13 10 10 4 12 13 10 2 4 2 10 7 13 13 10 10 2 13 12 4 13 4 12 2 10 2 3 2 13 13 2 12 4 13 13 12 4 2 13 12 10 2 4 7 13 13 13 12 7 2 12 4 10 2 7 12 7 4 12 10 13 4 12 12 13 12 4 12 2 13 13 4 ,82
4 13 13 10 4 4 7 2 13 7 13 10 2 4 12 4 4 4 12 10 4 2 13 12 4 12 2 13 4 4 4 4 7 2 10 2 4 7 12 7 2 10 10 12 10 13 7 2 13 4 2 13 12 2 12 2 13 4 10 12 4 12 7 10 13 7 4 2 4 2 2 3 12 4 ,74
4 12 4 2 2 2 4 12 4 7 2 12 10 13 7 10 2 10 13 4 4 4 4 2 2 4 13 4 4 7 10 4 12 7 2 13 2 4 10 13 12 2 2 13 7 7 4 13 4 12 4 13 2 2 4 12 2 2 7 12 4 4 4 10 4 13 13 13 7 10 2 2 12 10 4 ,75
13 10 4 12 4 10 4 13 10 12 4 2 12 10 10 4 4 13 4 13 7 4 13 2 12 4 2 7 2 10 10 2 10 4 10 3 10 4 10 12 4 4 4 2 12 13 12 7 2 13 13 13 4 13 4 2 7 13 4 4 7 2 13 3 10 7 4 4 7 10 4 4 ,72
4 13 7 12 13 7 7 12 7 4 12 12 2 13 4 4 12 2 4 7 2 13 13 12 4 10 4 4 12 7 4 3 4 2 7 13 13 2 12 7 7 13 12 2 12 4 4 12 10 12 13 4 12 13 12 2 7 12 12 10 13 12 13 12 10 4 4 2 10 7 ,70
2 12 10 12 2 13 4 10 2 2 10 7 13 12 4 10 7 4 13 12 10 13 4 4 4 10 4 4 7 2 7 12 2 4 13 3 12 2 2 12 10 2 4 2 12 10 4 12 13 4 12 10 10 7 2 13 2 12 13 12 12 13 7 4 3 2 4 10 2 12 12 4 2 4 4 4 ,76
4 4 7 12 4 10 4 12 2 12 13 10 12 13 2 7 4 2 10 4 13 4 13 7 4 4 12 10 10 2 13 2 13 10 10 13 12 2 12 12 2 7 2 12 4 12 12 12 4 13 4 7 4 13 4 12 10 12 13 10 2 13 13 2 10 7 4 3 7 3 10 13 10 13 13 ,75
12 4 12 4 4 13 12 2 7 10 13 10 4 13 7 13 4 10 10 12 13 13 10 7 12 12 4 13 4 4 12 4 12 10 13 4 7 13 2 2 4 13 4 10 2 12 2 10 12 4 2 2 12 12 4 4 7 2 2 10 4 2 2 4 12 13 10 10 4 12 7 2 2 2 13 4 12 ,77
10 4 10 2 13 12 4 2 2 10 4 4 13 12 7 13 4 2 7 12 2 4 13 4 2 12 12 12 12 2 7 12 4 3 12 2 2 13 3 4 13 2 2 4 7 7 4 7 4 10 12 4 4 2 4 4 4 13 13 7 10 10 13 4 13 12 12 4 4 13 12 4 2 12 4 13 4 4 2 12 13 4 13 4 13 ,85
4 7 4 2 12 4 4 13 4 13 13 10 2 2 4 2 13 7 7 13 10 12 13 4 4 12 13 2 12 2 13 4 13 12 12 10 12 10 4 4 7 4 2 12 3 13 10 12 12 2 10 4 13 4 10 13 2 2 2 4 7 13 13 2 13 13 4 2 2 12 13 4 4 12 10 2 10 12 7 ,79
2 2 2 7 4 13 4 13 7 10 4 4 4 2 10 10 12 10 7 12 10 7 12 4 10 7 13 4 4 13 4 7 12 13 4 12 10 7 2 2 2 4 12 7 10 4 4 13 4 4 7 4 7 12 4 4 2 4 7 ,59
12 4 12 2 4 12 4 2 4 10 13 4 10 3 13 7 4 4 10 4 13 4 13 4 13 2 2 4 4 2 7 4 10 12 2 13 4 10 2 10 7 2 4 12 12 4 4 10 4 4 2 12 2 7 4 12 10 13 4 12 2 10 10 10 7 12 12 4 4 2 4 4 10 13 10 13 2 2 ,78
7 13 12 4 4 12 2 2 2 4 12 10 13 7 4 10 12 2 4 10 4 4 10 7 4 4 7 4 7 10 4 4 2 3 12 13 7 10 12 7 13 13 12 4 2 2 4 4 4 7 10 7 12 12 4 10 10 13 4 7 ,60
2 12 10 4 4 3 12 2 7 13 2 13 10 4 2 12 4 12 4 10 2 7 2 12 12 13 2 13 12 4 4 10 10 7 12 12 12 4 7 7 4 13 4 13 10 12 4 12 2 4 12 10 13 10 13 2 13 13 4 4 4 2 12 10 12 13 12 13 4 4 2 10 2 10 7 4 4 4 4 2 4 13 12 2 ,84
10 7 7 4 2 2 4 2 7 12 13 4 12 2 7 13 7 10 4 4 4 7 4 4 13 2 2 13 7 4 4 13 2 4 12 4 10 10 13 4 7 12 7 13 10 4 10 2 10 13 2 13 12 7 4 13 10 2 13 4 ,60
10 4 4 10 13 4 7 4 7 7 2 4 7 12 7 7 4 4 7 13 10 10 7 7 10 2 4 4 4 2 2 7 2 12 10 13 7 10 13 13 7 4 7 7 ,44
13 7 4 7 13 2 12 4 4 4 7 2 12 10 2 2 7 2 10 4 13 4 12 12 10 4 10 2 2 13 4 7 4 12 2 10 4 10 2 13 2 10 10 10 2 2 10 7 4 7 12 4 4 12 2 2 3 4 4 10 4 13 7 13 4 13 10 ,67
4 12 7 13 12 13 2 4 4 2 13 7 7 4 10 4 7 2 10 2 12 4 4 12 4 2 12 10 2 2 4 13 12 2 13 12 13 4 4 13 7 2 10 13 2 12 13 12 12 10 4 4 4 12 12 4 4 2 2 10 2 12 4 4 4 2 10 10 4 4 12 7 13 13 10 10 13 4 2 12 10 ,81
2 10 10 10 2 7 12 4 10 10 4 2 2 3 2 7 2 12 2 2 4 4 13 10 4 12 10 7 4 13 10 7 3 12 12 12 12 10 4 12 13 4 4 4 10 13 4 2 4 4 2 2 10 4 4 2 13 2 10 7 13 4 13 13 4 4 10 2 2 10 2 12 12 12 13 10 13 ,77
13 2 10 4 7 12 4 10 12 2 7 2 13 4 4 4 4 12 4 12 2 2 13 4 10 12 12 10 13 13 10 4 2 12 10 4 7 2 12 10 4 10 10 2 2 2 7 4 10 4 4 2 2 12 2 12 13 12 10 7 2 2 12 13 10 4 13 4 13 12 13 10 2 7 2 ,75
4 4 4 10 2 4 7 13 12 4 10 2 2 2 12 2 13 2 7 4 4 4 4 10 4 10 12 7 4 2 12 7 2 2 12 4 12 2 10 4 12 7 12 4 10 7 13 4 7 12 4 7 7 2 2 10 13 12 3 13 2 13 13 13 2 4 13 4 10 13 ,70
3 12 12 4 4 2 4 12 10 4 13 12 7 2 4 12 2 2 12 13 2 10 13 13 2 4 2 10 4 2 10 2 10 2 2 13 10 10 10 2 12 12 7 2 2 10 12 2 12 2 4 10 4 7 4 4 13 12 12 12 2 12 4 10 12 7 2 12 4 12 4 13 2 2 12 4 13 7 2 2 7 4 ,82
2 13 12 2 4 13 10 4 2 7 7 2 10 2 4 12 4 4 13 2 2 7 4 12 12 13 12 13 7 13 13 13 4 2 2 4 2 4 12 12 10 10 2 12 4 2 10 12 10 12 4 7 4 12 13 12 12 2 4 3 4 4 10 12 7 12 3 13 4 4 7 4 13 4 13 2 10 10 4 10 ,80
2 2 10 2 12 4 12 4 4 12 4 13 7 2 4 10 2 12 10 4 4 10 3 2 10 12 2 12 7 2 4 2 12 12 4 10 7 7 13 10 12 10 4 12 13 13 4 4 2 12 2 12 13 2 2 12 4 2 10 13 12 10 10 2 4 2 13 13 12 12 7 2 4 7 12 4 2 2 2 10 ,80
4 4 7 4 10 4 10 7 7 12 7 10 12 10 4 13 2 10 3 7 4 13 4 7 12 3 2 2 13 10 7 13 7 13 2 12 10 13 2 2 4 13 10 10 4 4 10 4 4 7 13 7 12 12 4 7 ,56
2 2 4 2 2 13 10 4 2 7 4 7 10 12 4 7 4 13 13 10 2 4 4 2 13 13 4 10 2 12 7 7 13 12 10 12 2 4 13 4 2 4 2 4 7 4 10 2 2 12 4 13 2 2 7 13 4 2 7 4 13 7 3 7 10 2 ,66
2 12 4 12 13 4 4 12 10 10 4 4 12 13 13 13 2 4 13 4 2 4 4 4 10 12 13 12 7 2 4 13 2 12 4 13 4 13 2 4 4 12 10 10 4 12 4 10 10 7 7 2 4 13 7 10 4 12 4 12 4 12 7 10 7 3 12 2 10 4 4 3 7 4 12 13 13 2 10 ,79
10 12 12 12 10 2 10 4 4 4 4 12 2 2 4 12 10 2 4 4 13 13 12 2 4 4 4 10 10 12 12 13 13 13 4 12 12 7 10 10 12 7 4 13 2 10 10 13 2 12 2 7 12 4 12 7 2 13 2 2 2 12 7 2 2 4 10 13 10 4 4 13 4 13 10 7 2 ,77
12 10 10 13 10 13 13 12 10 13 12 4 10 13 4 12 7 7 12 12 10 2 13 13 4 13 4 7 12 4 4 2 12 13 4 13 10 4 10 12 3 12 10 4 10 2 10 7 2 7 10 13 4 4 4 12 12 2 4 4 4 10 12 2 4 7 2 12 4 13 13 4 10 ,73
10 4 4 4 2 13 12 4 3 13 12 10 7 13 10 2 7 7 10 13 7 4 4 7 7 10 13 7 2 2 10 13 4 4 7 2 4 2 4 4 2 2 2 7 4 7 10 4 10 4 10 4 3 10 10 ,55
4 13 4 12 7 10 4 13 4 13 12 4 4 2 4 13 2 4 7 2 2 7 4 7 4 12 7 4 2 12 4 7 10 10 12 2 13 10 4 4 13 2 10 4 12 2 7 2 10 13 13 10 12 4 4 10 7 13 2 7 7 4 13 2 ,64
4 10 7 13 4 7 7 2 10 2 13 3 2 7 13 7 13 12 10 2 4 13 10 4 10 4 10 10 7 7 4 2 2 7 4 4 12 12 7 2 12 4 7 4 13 10 13 7 4 12 10 7 ,52
7 10 2 4 7 2 7 7 4 2 12 4 7 10 10 7 10 4 12 4 10 2 13 2 4 4 10 4 12 4 4 4 7 10 10 7 10 4 10 2 4 13 13 10 2 13 4 4 4 2 4 13 2 13 4 2 7 4 13 2 10 ,61
2 4 10 10 4 4 4 2 10 4 12 7 12 13 7 13 4 13 12 7 2 10 13 2 13 4 2 12 4 7 10 10 4 4 13 2 4 2 10 4 12 12 13 2 7 10 2 13 4 3 4 4 10 7 13 2 7 12 13 12 13 4 2 12 7 4 12 2 10 4 12 ,71
2 10 12 4 4 4 2 4 4 13 4 4 4 2 12 2 10 13 2 12 10 4 2 2 2 10 10 10 12 2 4 2 4 12 7 10 13 7 12 13 10 4 2 12 2 2 4 4 2 12 4 12 10 4 10 10 10 7 7 13 7 13 13 12 2 2 4 13 2 10 12 2 7 4 3 ,75
12 12 4 2 4 12 4 10 12 4 13 12 4 10 4 2 10 4 2 2 2 4 12 13 2 7 12 13 2 4 13 12 2 2 13 2 12 2 7 4 4 4 13 4 2 7 10 4 13 13 7 2 10 12 7 4 7 13 2 2 12 4 2 10 12 10 10 7 7 4 12 3 10 4 ,74
10 7 13 4 4 4 4 10 4 2 10 12 12 12 2 2 12 4 4 2 2 2 3 4 7 13 4 2 4 2 4 10 4 7 7 2 12 7 2 12 12 4 2 12 2 13 13 4 13 7 4 13 4 7 4 7 4 10 10 10 2 7 10 7 13 ,65
12 12 10 2 4 3 4 4 7 12 2 10 4 13 2 7 4 12 13 4 12 13 2 4 4 12 4 7 7 2 10 4 12 10 2 12 13 13 12 7 7 4 2 2 2 7 13 13 13 4 13 4 7 4 13 2 10 12 7 4 4 4 13 4 2 4 10 13 12 12 2 2 12 4 4 ,75
4 4 13 12 2 13 4 4 12 12 4 4 4 13 4 4 2 13 4 2 10 13 12 2 2 2 2 13 4 7 12 2 2 4 4 12 13 7 2 12 13 2 12 10 4 2 3 13 7 10 7 13 13 13 13 10 13 10 2 4 12 4 2 13 10 4 4 4 12 12 2 10 2 12 10 4 10 4 2 4 2 13 4 13 7 13 ,86
10 4 4 13 12 4 2 12 10 4 13 4 4 4 2 2 10 2 4 10 10 10 13 10 4 12 12 10 13 4 12 10 13 4 13 4 10 12 7 7 2 10 2 4 13 4 13 4 4 4 10 4 7 13 7 13 12 12 13 2 7 12 10 10 12 10 13 13 3 10 4 2 4 4 10 ,75
4 10 4 3 12 2 10 10 2 7 10 7 13 4 13 12 12 10 12 4 4 4 7 12 2 4 2 10 13 3 12 12 4 2 4 12 13 4 2 10 10 2 2 10 7 2 4 4 13 12 2 7 4 4 4 12 2 10 4 2 2 7 13 13 7 2 13 4 2 4 13 7 ,72
4 10 4 10 4 2 2 2 13 7 13 4 3 12 13 7 12 13 2 4 2 2 13 4 4 13 4 4 7 4 12 4 3 13 4 13 13 4 7 2 13 2 7 7 7 10 2 13 2 13 4 13 10 12 4 12 2 10 13 10 4 10 2 2 2 10 4 13 13 10 4 4 12 10 12 ,75
10 2 4 7 13 2 4 10 3 2 10 10 7 4 4 7 7 2 2 13 13 2 4 4 13 13 10 7 7 4 12 2 7 4 4 10 7 13 12 4 4 10 4 10 13 10 4 13 2 10 12 10 13 4 13 7 4 ,57
4 10 13 10 12 2 12 10 2 3 13 12 10 2 13 4 7 4 13 4 4 12 12 13 2 2 2 4 4 12 2 10 4 7 10 12 4 10 13 12 2 12 12 4 13 13 2 10 12 7 4 4 2 13 13 2 10 4 10 10 13 3 4 13 4 4 7 12 12 4 2 10 7 2 7 2 ,76
4 4 4 12 12 4 10 4 13 4 2 2 10 10 3 12 2 4 12 4 10 2 10 13 13 13 10 4 10 4 7 4 13 4 2 13 4 2 4 13 4 7 7 4 4 4 13 10 12 12 2 7 7 2 2 7 10 2 12 13 10 4 7 7 7 4 ,66
2 4 13 4 10 2 12 2 12 12 2 4 13 10 2 10 4 13 13 12 10 12 2 12 12 12 12 13 4 4 2 7 7 4 4 2 12 10 2 12 4 4 12 4 2 12 12 12 2 13 10 3 2 4 10 4 4 2 10 10 7 12 13 2 13 12 13 7 13 12 12 12 7 2 2 10 10 13 12 12 7 12 2 4 2 ,85
7 13 12 2 2 13 7 10 4 13 10 7 12 2 2 4 4 10 10 4 7 4 3 4 7 4 4 4 13 13 13 4 13 2 12 2 12 7 4 10 4 2 2 12 2 10 4 4 2 2 12 12 7 2 10 2 4 2 3 13 7 13 4 10 12 4 13 7 ,68
4 13 4 10 7 10 2 2 2 13 4 10 10 2 12 13 4 4 13 13 7 10 4 10 4 13 2 12 13 13 4 13 4 4 7 12 4 4 10 12 4 10 4 2 12 13 12 7 13 4 4 13 12 12 4 12 12 13 2 12 12 3 4 4 13 4 2 13 12 13 2 4 7 2 2 4 2 2 10 2 7 10 ,82
10 10 13 12 7 2 10 12 7 7 4 12 10 10 4 13 4 12 3 10 13 7 13 12 10 4 4 10 4 4 12 12 7 4 12 12 2 7 2 4 7 2 12 7 2 4 12 4 13 7 7 2 4 2 13 4 4 7 4 2 13 4 4 ,63
2 12 2 4 3 2 12 7 7 13 10 2 4 7 4 2 13 4 4 13 2 12 12 2 12 2 4 4 4 4 2 10 4 10 10 4 13 12 12 7 12 4 2 12 13 12 7 12 13 13 13 13 2 2 4 4 13 12 4 7 2 10 13 12 13 12 13 10 4 2 13 7 2 12 4 10 7 10 ,78
4 4 4 12 2 12 4 4 13 4 4 2 12 4 12 7 13 2 2 4 2 4 4 7 4 13 13 12 2 13 2 10 4 7 2 7 12 13 2 7 7 7 13 7 2 10 10 7 12 3 10 7 10 13 7 4 2 2 7 ,59
2 13 4 4 10 4 10 4 4 2 4 13 2 4 12 4 4 7 4 13 12 7 4 4 2 4 7 10 10 12 2 13 12 2 4 2 10 2 7 4 7 7 12 7 7 2 10 7 7 10 10 10 12 2 10 12 2 2 2 ,59
4 7 10 4 4 2 2 7 3 2 13 4 4 2 4 4 10 2 7 12 13 4 2 7 7 4 10 12 13 12 10 10 4 4 4 2 4 13 7 2 12 4 2 7 7 7 4 4 4 12 12 12 10 2 7 2 10 10 13 13 12 13 4 2 ,64
2 10 13 12 4 10 13 2 13 2 2 10 13 4 12 10 13 10 12 7 2 10 2 4 4 4 2 12 12 10 12 13 4 13 7 4 4 4 13 13 4 2 12 12 12 4 13 12 10 2 4 10 10 10 13 10 4 7 3 4 2 13 7 7 7 4 13 12 10 4 12 13 12 ,73
12 4 2 4 13 12 4 4 2 7 2 4 7 4 2 10 4 13 13 13 4 4 7 2 7 4 10 12 13 13 7 2 7 2 13 4 4 10 12 13 4 2 4 10 10 4 7 10 13 2 2 4 13 12 4 12 12 4 7 7 13 7 2 ,63
2 2 4 4 2 10 7 10 4 10 12 12 13 4 4 4 12 7 10 4 13 4 4 2 2 12 2 10 12 7 4 10 2 4 10 4 2 13 10 4 12 7 4 7 10 4 7 10 2 13 7 13 2 4 4 12 10 4 2 12 4 10 13 12 4 12 2 10 10 ,69
10 12 10 7 3 13 4 10 4 13 4 4 7 10 2 2 12 7 4 2 7 2 4 2 10 10 13 13 10 10 3 13 13 10 4 4 2 13 7 4 7 4 4 7 4 10 7 4 4 4 2 10 7 7 2 4 ,56
4 2 13 2 10 7 12 13 4 10 10 4 13 10 7 2 2 10 12 12 4 3 2 12 13 12 13 4 4 3 12 10 13 4 4 4 2 4 10 4 10 4 10 4 12 2 13 12 12 2 7 7 12 13 4 10 10 7 12 12 2 2 12 7 4 12 13 4 12 4 12 2 4 12 13 4 10 13 4 ,79
4 4 13 2 4 2 2 10 2 2 4 12 13 4 4 7 3 10 4 13 13 10 4 10 4 12 13 2 13 2 10 7 7 13 2 4 10 12 2 4 12 2 12 12 12 13 12 10 12 2 2 2 12 2 2 4 10 12 4 10 2 13 13 13 2 13 7 12 12 13 7 12 12 2 13 3 2 4 2 4 4 12 4 10 2 12 12 4 2 4 ,90
13 10 10 4 2 13 4 4 4 2 4 4 12 4 10 2 4 12 12 12 12 4 4 2 13 10 2 4 10 4 7 2 13 12 12 10 4 7 2 12 4 12 7 13 13 10 13 4 10 12 2 12 4 10 13 4 13 13 13 2 12 12 12 4 10 2 13 4 10 7 4 7 13 7 2 4 2 2 4 4 2 ,81
7 4 12 13 12 4 4 13 2 7 4 2 12 10 2 4 2 7 12 10 2 7 4 7 12 10 3 12 13 2 2 4 12 4 2 3 13 13 12 4 10 4 13 12 12 7 10 7 2 10 4 4 2 10 2 2 4 10 7 7 2 10 4 4 12 2 ,66
4 12 12 4 4 12 12 7 12 10 7 4 13 12 7 4 12 4 12 10 10 13 12 2 2 13 7 13 12 4 3 12 12 13 10 13 13 2 10 13 13 4 12 10 4 4 4 13 2 10 4 10 12 2 2 13 2 7 7 4 4 7 2 13 4 13 12 13 2 7 4 2 7 ,73
13 10 4 4 4 12 10 10 12 12 4 4 4 12 13 12 13 4 10 2 4 4 12 13 7 4 10 3 10 7 12 12 12 2 4 10 4 12 4 13 13 13 2 13 4 3 4 2 10 7 13 10 4 4 2 10 4 13 2 12 13 13 12 7 7 12 10 2 10 13 4 13 7 10 4 4 12 4 2 ,79
7 2 4 7 2 4 13 2 4 12 4 7 4 12 10 3 4 2 12 2 4 2 10 10 13 10 12 4 10 2 7 4 12 13 7 7 4 10 4 4 13 4 3 4 7 2 13 4 2 10 2 2 10 4 4 4 12 10 10 13 7 2 7 ,63
4 13 13 2 12 4 13 10 2 7 12 7 13 10 4 4 4 13 2 4 12 12 7 4 2 4 2 12 4 7 13 4 13 13 2 2 4 2 4 10 10 2 3 12 12 4 12 4 13 12 2 12 13 10 7 2 10 7 13 4 13 10 12 2 2 10 12 13 4 4 12 10 12 10 13 2 2 4 12 13 10 ,81
7 13 12 3 4 2 4 2 2 10 4 12 4 7 2 12 2 4 13 4 4 2 2 4 4 10 13 4 4 2 12 4 13 4 7 12 12 12 7 12 12 10 13 13 10 10 7 2 3 10 13 2 4 13 12 13 2 2 4 13 4 4 13 13 2 7 4 2 10 7 7 13 2 12 12 13 ,76
12 3 10 13 13 2 7 4 10 2 7 12 10 4 4 2 13 10 12 4 10 4 4 13 4 12 7 10 13 4 12 2 4 12 10 10 12 13 12 4 10 4 4 10 10 2 2 2 4 4 13 10 10 10 2 12 4 4 12 4 2 2 4 7 2 13 4 2 12 2 7 4 3 2 10 13 12 4 13 ,79
4 13 4 2 13 12 13 12 7 13 4 12 4 13 13 7 12 4 10 7 10 2 2 12 10 12 13 4 12 13 7 13 2 10 2 10 4 4 12 2 10 7 7 13 10 13 3 7 2 10 10 2 4 2 4 13 2 10 2 2 13 7 2 13 4 12 10 12 2 ,69
13 13 4 12 2 2 2 10 4 7 2 4 2 13 10 10 13 4 7 4 12 13 10 2 2 10 12 4 13 12 7 4 4 4 13 4 2 4 4 12 10 12 7 4 4 2 4 10 4 12 4 10 10 13 10 7 7 4 12 4 10 12 2 2 12 13 12 7 2 7 ,70
7 2 4 10 13 4 3 4 7 2 13 4 7 4 13 7 10 12 2 13 10 12 10 4 7 4 4 7 4 12 2 10 13 13 10 7 12 2 2 2 13 4 7 13 10 2 7 4 2 3 4 12 4 12 4 12 4 10 12 2 2 2 4 13 4 12 12 4 2 ,69
4 2 7 2 4 4 4 4 4 4 7 4 2 4 13 7 7 12 3 13 13 10 7 12 4 4 4 7 12 13 10 13 4 13 13 4 12 7 13 10 12 10 13 10 4 12 4 10 12 2 13 13 2 10 2 12 4 4 2 4 4 12 12 13 13 10 2 13 13 13 2 10 10 7 ,74
13 12 7 4 2 7 10 4 4 2 4 4 10 2 2 10 12 4 4 2 12 2 4 7 12 13 10 2 12 2 2 7 13 4 4 13 2 7 10 10 2 2 4 10 7 4 10 7 3 3 4 2 4 12 2 7 7 10 12 7 4 4 ,62
13 4 4 2 4 2 10 3 12 4 7 4 7 7 7 7 4 7 2 4 4 2 10 7 2 2 10 10 13 7 4 12 7 4 10 4 10 4 2 2 12 4 13 4 13 10 13 12 12 13 13 4 4 13 4 4 12 13 12 4 2 2 13 4 12 13 12 10 13 2 4 ,71
10 4 10 12 13 2 12 12 10 10 2 4 4 4 4 12 13 12 4 2 10 4 2 12 13 13 13 7 10 12 12 12 13 2 4 4 7 12 7 12 4 10 4 10 12 13 4 7 12 12 13 10 2 4 4 10 12 13 10 4 7 10 12 10 12 12 7 4 10 4 13 13 7 ,73
2 2 13 2 4 13 12 2 13 7 10 4 4 12 7 7 2 4 10 12 3 10 4 4 4 7 10 13 12 13 12 4 12 12 2 2 4 12 2 2 12 7 2 2 10 12 4 2 4 2 4 4 10 7 4 2 10 4 12 12 4 4 2 12 2 13 10 13 7 2 4 7 4 10 ,74
10 2 10 10 4 2 7 7 10 7 12 4 7 7 4 13 12 7 12 4 13 13 7 2 4 13 7 10 2 2 4 10 12 13 10 13 4 4 4 4 4 3 4 4 10 4 4 7 10 7 2 10 13 13 4 12 4 2 4 12 4 4 ,62
13 10 4 10 2 2 12 12 12 2 4 4 13 4 7 12 4 7 12 10 2 4 2 4 4 12 13 13 4 10 13 2 4 12 4 12 7 13 12 10 13 2 4 12 13 10 10 10 4 10 13 13 7 12 2 2 7 4 12 12 4 12 7 10 4 2 4 4 2 2 2 4 12 12 12 10 12 2 4 12 2 3 2 4 ,84
7 4 12 7 13 7 10 10 10 4 2 10 2 12 10 4 10 7 4 4 10 12 4 7 7 4 10 12 4 12 4 10 13 10 12 4 4 4 7 10 4 4 2 3 12 2 2 4 10 4 7 2 12 13 4 4 12 2 10 7 12 13 ,62
12 4 4 7 12 12 12 12 2 13 4 7 7 4 3 2 4 13 4 2 4 10 10 2 7 2 7 13 10 7 7 4 4 10 12 2 12 4 2 4 4 10 4 13 2 12 12 12 13 13 7 7 10 13 12 10 2 2 10 4 4 13 10 4 2 12 13 13 2 ,69
2 10 12 10 2 4 10 4 12 2 13 4 2 12 2 12 12 2 3 4 4 12 4 13 12 2 4 2 2 4 4 4 2 13 13 2 13 4 12 10 12 10 4 10 13 2 13 10 7 12 10 13 13 13 4 10 12 12 12 13 10 7 10 10 12 12 13 7 10 4 12 13 10 10 7 4 2 2 12 4 ,80
13 4 7 7 4 13 2 2 12 12 7 13 4 12 2 10 10 4 12 13 4 12 2 4 10 7 13 10 4 13 4 4 4 12 12 4 4 7 13 12 10 10 13 13 2 4 4 10 7 13 2 2 7 13 2 12 4 4 4 4 12 4 10 4 10 13 7 12 13 10 12 3 10 ,73
4 13 7 7 2 2 4 2 10 12 10 12 12 2 13 10 12 2 2 13 2 4 4 12 4 10 2 13 4 12 4 10 13 13 2 4 10 2 12 12 10 4 4 13 2 4 13 2 2 2 4 12 2 12 13 4 4 13 4 7 10 13 10 7 2 2 13 2 13 7 4 2 13 4 2 4 12 12 12 10 2 2 12 13 ,84
12 13 10 12 2 10 12 2 4 4 10 12 13 2 4 4 12 7 3 12 10 4 4 12 4 7 4 2 4 4 2 4 10 13 4 2 12 4 12 7 12 7 13 4 4 10 12 4 4 2 7 7 4 2 7 7 13 10 2 10 10 12 4 4 10 2 7 2 13 2 ,70
7 10 2 2 13 4 2 13 13 13 4 4 3 10 12 2 4 4 4 2 13 12 13 13 4 4 4 4 10 10 7 4 2 7 4 2 4 4 2 7 10 4 4 12 7 10 4 7 10 4 4 4 10 7 12 10 13 2 2 10 12 10 4 2 7 12 4 ,67
10 4 10 2 10 13 10 4 13 12 2 2 2 7 10 4 2 12 10 10 2 10 4 4 2 4 10 4 7 13 4 10 10 2 13 3 10 13 4 4 4 2 4 7 12 10 10 2 4 4 3 2 12 12 2 4 12 12 4 13 7 13 12 13 13 12 4 12 7 13 4 7 10 ,73
4 13 13 4 12 10 7 13 13 4 12 4 10 13 4 12 12 10 4 12 10 4 10 4 4 7 12 12 10 2 7 2 2 4 12 2 4 4 13 4 7 12 4 7 12 2 4 2 4 2 2 2 10 4 13 2 4 4 10 12 10 2 7 4 2 7 4 10 10 4 2 2 12 ,73
12 10 4 7 7 4 7 4 4 7 4 2 4 13 7 4 12 13 12 4 10 4 4 12 2 2 2 4 2 2 4 4 10 7 13 12 2 4 2 4 7 12 12 13 4 3 13 4 2 12 13 10 10 10 2 10 7 10 12 4 10 2 4 12 2 13 4 13 13 10 12 ,71
7 7 2 12 10 13 4 13 2 2 7 7 4 13 7 2 4 12 4 4 4 4 13 13 2 7 4 2 10 10 12 12 2 13 10 4 10 7 2 13 7 4 4 4 4 2 4 7 4 4 4 12 2 2 13 2 4 4 2 7 4 13 4 13 ,64
2 2 4 2 12 10 2 2 4 4 4 12 13 3 13 7 4 4 2 4 13 12 2 12 12 10 10 7 7 13 4 2 2 10 10 12 7 12 7 4 2 7 13 10 4 12 10 7 12 4 13 13 2 4 12 2 10 2 7 2 4 4 4 12 10 12 3 7 4 12 ,70
4 4 12 2 12 12 10 13 12 7 2 12 4 4 4 7 10 4 4 7 7 12 2 2 10 4 7 10 13 10 4 7 4 2 13 2 2 10 2 2 12 2 12 7 13 4 10 4 2 2 13 4 13 12 13 10 12 12 2 2 4 4 10 10 2 10 3 12 10 4 4 12 3 13 13 ,75
4 12 10 2 13 13 13 13 12 2 12 13 10 10 12 7 10 13 10 13 10 3 13 4 12 2 2 13 2 4 10 2 13 4 2 2 12 10 4 10 2 4 2 12 4 4 4 2 12 4 13 2 2 4 12 2 4 13 10 10 13 12 7 12 13 2 13 13 4 4 10 2 4 7 4 2 4 2 10 7 2 12 4 ,83
12 2 13 4 4 4 2 12 2 13 7 4 10 13 4 12 10 7 2 10 2 3 13 4 12 12 4 4 12 13 7 13 12 12 2 4 7 2 4 2 12 10 4 7 12 2 4 2 2 13 10 12 13 10 7 2 12 12 13 4 4 12 2 2 2 4 12 2 7 4 13 13 12 2 12 10 2 7 ,78
2 12 2 13 13 13 13 13 4 10 4 7 13 12 13 12 4 10 13 3 2 4 2 4 12 4 10 12 7 13 2 4 4 4 4 13 13 4 4 4 7 10 4 13 12 10 2 7 2 2 10 13 2 2 4 10 13 4 12 4 10 2 13 13 12 12 10 12 10 7 4 10 3 10 4 7 ,76
13 10 4 4 13 4 10 10 3 3 13 13 13 7 12 2 2 12 4 2 4 10 4 13 4 2 2 10 7 2 12 4 13 2 2 4 12 10 10 4 13 13 4 13 13 4 7 12 7 4 10 2 7 2 12 12 10 7 12 4 12 2 4 12 12 2 12 13 2 2 7 2 13 4 2 2 13 ,77
10 10 12 4 7 2 4 13 4 2 2 2 13 10 4 4 4 4 10 13 4 2 13 7 7 7 2 2 12 4 13 4 4 13 12 12 7 4 2 4 4 10 3 10 4 10 2 4 12 7 4 10 2 10 13 12 4 12 13 10 2 4 12 12 7 12 2 2 2 2 13 10 ,72
13 2 4 10 4 4 7 4 7 7 7 10 4 7 2 4 13 2 7 4 4 3 4 3 12 4 7 7 13 13 4 4 4 4 10 2 13 4 4 7 7 2 4 2 12 2 2 12 13 10 4 12 7 4 13 12 12 10 10 4 ,60
4 10 12 13 13 13 10 2 2 4 2 13 2 4 4 2 4 2 10 7 4 10 7 2 4 10 4 4 3 10 7 7 4 10 13 13 13 13 13 4 10 7 7 4 7 10 12 7 4 13 2 7 4 4 12 4 2 12 4 4 7 ,61
4 4 12 10 4 4 13 2 7 2 13 2 10 12 12 12 2 10 7 10 4 4 4 4 2 12 2 4 7 12 13 4 10 10 13 13 4 10 10 2 10 4 3 2 13 4 2 10 10 7 13 7 4 7 7 7 4 10 10 13 2 12 12 12 3 4 4 ,67
10 12 12 4 2 12 4 12 4 13 13 10 7 12 2 13 4 10 13 12 2 13 4 4 4 4 13 2 4 13 4 13 4 13 10 2 4 2 7 4 7 4 4 2 10 4 10 7 12 7 12 4 2 2 10 2 4 2 2 13 13 4 12 7 7 13 10 12 4 12 2 10 7 ,73
12 10 12 2 10 13 4 7 4 4 4 4 4 13 4 10 4 4 10 4 10 10 7 4 7 13 10 7 7 10 13 4 4 7 2 4 2 7 10 10 4 12 4 10 4 13 10 4 12 10 10 10 12 12 10 7 4 4 ,58
13 4 2 2 10 3 7 2 10 10 4 10 4 12 13 4 12 13 4 2 12 4 10 10 2 10 13 12 12 13 12 4 4 2 4 10 2 2 2 10 4 12 12 12 13 2 13 7 12 2 13 10 12 7 2 2 2 4 13 4 13 2 4 10 2 4 2 2 2 4 2 12 4 12 13 2 10 12 2 7 13 7 ,82
4 4 10 13 7 10 13 4 10 4 12 4 12 4 4 10 2 4 10 4 4 10 2 12 12 12 10 2 2 7 13 4 2 12 10 10 4 2 13 2 12 2 4 10 10 10 4 10 7 12 12 4 2 12 7 12 4 13 2 4 7 4 7 7 7 ,65
10 12 2 10 4 12 10 12 13 4 4 4 10 4 13 4 2 13 10 7 4 4 12 7 4 2 7 10 7 4 7 13 3 7 12 4 7 10 12 2 12 2 7 7 13 2 4 4 12 2 4 4 4 13 2 7 13 13 13 13 7 4 ,62
4 13 4 12 10 2 4 12 4 2 10 10 10 7 12 13 4 2 4 12 4 2 12 4 2 2 12 4 12 4 4 2 7 4 12 4 2 4 7 13 4 12 4 10 12 10 4 2 13 7 4 4 10 12 4 13 2 7 13 12 12 12 2 10 13 13 10 13 4 2 10 13 4 4 10 12 12 13 10 4 13 13 4 12 4 ,85
2 12 4 4 4 12 2 12 4 7 7 4 12 4 7 4 13 13 3 10 10 12 10 7 4 12 4 4 10 12 2 4 4 7 13 2 12 2 2 7 2 10 7 7 4 2 10 2 10 2 7 4 4 13 10 2 10 4 10 7 ,60
10 4 4 7 4 3 10 7 4 2 4 2 4 4 4 4 4 7 13 12 4 10 13 4 7 13 7 2 7 2 10 4 13 4 12 12 13 2 10 2 7 7 4 2 13 12 4 7 7 4 2 7 12 10 2 10 10 12 2 13 ,60
2 2 4 10 12 12 4 7 13 10 13 4 2 2 4 4 13 10 12 7 13 13 10 4 12 4 13 4 4 4 10 4 13 2 4 10 4 4 13 2 2 13 10 7 2 10 2 4 10 2 13 2 4 2 4 13 4 10 12 7 2 2 10 2 10 10 13 2 10 13 7 ,71
12 12 2 2 4 12 12 4 12 2 2 2 7 2 13 2 10 12 4 12 13 4 12 10 13 13 2 4 4 4 4 13 2 7 12 7 2 4 13 12 13 4 12 4 4 4 4 4 2 7 12 13 7 7 4 3 13 12 2 13 10 7 4 13 2 13 7 4 4 13 12 2 13 4 4 10 13 10 10 ,79
2 12 4 13 2 4 2 7 4 2 4 2 3 4 7 10 4 10 10 2 12 13 2 12 4 2 4 7 4 4 2 4 2 13 7 12 12 12 7 10 4 10 13 4 2 7 10 4 2 7 13 2 4 4 12 2 7 12 4 12 13 10 10 10 4 2 7 13 12 ,69
7 2 7 12 2 13 4 4 3 13 7 4 4 2 2 4 13 13 12 2 10 2 12 13 12 10 13 4 4 13 12 7 12 12 13 2 2 7 2 3 10 10 2 4 13 13 10 10 12 13 12 4 10 13 13 2 7 2 4 12 2 12 2 7 4 10 10 2 4 13 13 13 10 10 ,74
2 7 10 12 12 10 12 2 13 13 2 2 4 12 4 4 12 12 10 2 7 2 13 4 7 13 2 2 4 4 13 10 2 13 12 12 2 3 10 13 4 10 4 12 13 7 2 2 4 2 7 12 4 13 4 12 2 10 4 13 13 4 13 2 12 2 12 13 4 10 2 4 13 12 2 4 7 12 4 10 2 13 4 13 ,84
4 2 10 12 12 2 4 2 2 7 4 4 10 13 13 10 13 13 2 4 10 12 7 4 10 12 13 2 13 10 13 3 4 4 4 12 12 2 13 7 13 13 4 10 4 2 10 2 3 4 13 2 12 2 10 4 4 10 7 4 12 2 10 12 13 4 2 12 13 10 7 13 2 12 2 12 2 4 10 ,79
10 2 13 4 4 10 12 4 4 3 10 10 4 7 4 12 12 2 12 13 10 13 12 2 4 2 4 10 2 10 13 4 13 12 10 13 7 13 4 4 10 13 4 4 2 4 2 12 4 7 12 2 4 13 10 2 13 12 2 4 7 7 7 2 4 12 13 2 10 10 13 2 12 10 ,74
12 4 10 13 4 4 4 7 2 10 2 4 4 4 4 12 4 4 7 4 4 7 12 10 13 2 13 4 4 13 7 7 10 4 13 13 10 10 10 13 7 12 12 13 4 2 13 4 4 13 7 2 10 13 13 2 10 2 12 12 10 4 4 12 10 12 13 2 2 7 ,70
2 12 10 4 7 2 12 4 4 4 4 12 12 4 4 4 10 7 12 12 2 7 2 4 4 7 4 4 10 7 13 10 10 13 4 10 10 4 12 2 4 4 2 4 12 12 10 4 7 2 12 10 4 13 12 4 12 12 10 7 4 4 12 10 2 13 7 12 12 13 13 2 ,72
10 2 7 10 4 4 10 2 4 10 7 13 2 12 13 10 2 13 10 12 4 2 4 4 7 2 10 12 4 10 2 7 10 4 4 12 7 7 12 10 4 7 2 13 2 7 13 7 2 13 4 10 7 13 3 ,55
4 10 4 4 7 13 13 12 2 2 3 2 7 4 10 13 13 2 2 12 10 7 4 12 4 13 4 12 10 4 4 10 7 2 10 4 4 12 2 10 13 10 4 2 12 10 12 13 4 10 4 7 4 4 13 13 10 12 3 4 2 2 12 13 7 7 2 7 12 10 ,70
2 3 2 13 2 13 13 13 4 4 13 4 13 2 10 4 13 4 7 2 10 4 7 2 2 10 12 7 10 13 12 7 4 7 2 4 10 10 2 10 12 13 4 13 4 2 4 10 4 13 2 12 2 2 12 10 7 4 4 2 10 2 2 4 12 2 2 2 4 10 10 ,71
2 13 10 12 10 4 13 4 10 2 13 12 2 13 7 7 2 7 7 7 2 4 7 13 2 4 4 12 3 4 10 2 2 4 13 10 4 4 7 4 7 10 4 2 10 4 7 13 12 4 4 12 7 4 13 4 12 4 4 12 2 10 4 4 13 ,65
4 4 4 10 12 10 10 4 4 10 10 2 4 13 4 4 10 12 2 7 12 4 13 7 2 7 7 13 2 2 2 10 2 10 7 10 7 7 10 4 13 2 4 2 4 2 13 4 3 13 12 2 2 10 13 13 13 4 4 13 13 7 12 4 ,64
4 3 4 13 4 10 7 4 2 4 4 13 2 2 13 2 13 13 13 10 10 12 2 10 10 12 4 13 13 12 10 10 10 12 13 2 4 4 4 12 2 13 7 2 12 4 4 2 2 12 4 2 2 12 13 2 2 7 12 12 12 12 7 2 4 12 2 12 10 12 4 10 4 13 4 7 12 7 13 12 4 12 ,82
2 4 4 4 13 13 10 10 4 12 12 4 10 10 4 4 2 2 12 2 12 12 4 12 4 12 4 13 12 4 13 3 7 4 10 13 2 4 2 13 12 4 10 4 7 4 2 4 2 2 7 12 4 4 13 13 12 7 2 4 2 2 10 13 10 12 2 2 2 12 4 13 7 4 2 2 12 12 4 7 12 13 12 ,83
4 10 13 10 2 4 4 4 3 13 4 4 13 10 7 4 7 10 13 3 12 4 4 2 12 2 2 2 2 4 7 2 4 4 7 2 10 7 12 12 10 10 7 13 2 4 4 7 12 7 2 4 10 2 7 10 2 7 ,58
10 7 3 2 12 12 12 2 12 2 7 4 12 2 13 12 4 4 2 13 4 10 4 4 13 10 7 13 13 7 2 10 4 10 4 7 12 2 4 12 2 12 2 4 4 4 10 4 13 10 12 4 10 4 7 4 2 2 13 2 2 13 2 4 7 13 12 4 7 13 10 2 ,72
3 12 10 7 13 2 4 2 4 10 2 4 13 13 12 2 12 10 4 4 12 2 4 4 7 2 10 4 2 12 13 13 4 2 4 10 10 7 2 7 4 10 2 2 2 7 4 7 13 12 10 2 4 10 7 10 4 7 2 13 7 12 12 ,63
12 12 4 12 10 12 3 13 12 10 12 10 4 2 10 13 10 13 4 4 2 4 13 13 2 12 13 12 10 7 12 13 13 3 4 2 13 2 13 13 12 4 10 2 4 13 13 2 13 12 2 12 4 13 10 10 2 2 4 2 7 4 4 2 13 4 13 4 7 4 2 4 4 2 4 2 10 12 13 2 7 4 13 12 4 4 10 10 12 12 12 ,91
12 12 2 10 7 10 4 4 13 13 4 13 7 4 13 2 10 13 12 2 4 4 12 4 13 10 4 4 2 2 12 12 12 4 7 7 10 12 4 4 10 10 4 4 13 12 4 4 7 2 13 13 2 4 2 2 12 12 3 2 2 10 10 4 4 4 13 2 2 10 3 2 12 4 7 7 4 ,77
13 10 13 10 13 12 10 4 13 10 13 10 13 4 2 13 4 4 4 13 4 12 7 12 7 2 4 10 13 2 2 12 13 4 12 12 12 4 4 3 12 13 12 2 7 4 2 12 3 13 10 12 10 13 4 10 4 13 13 4 10 13 2 2 12 2 12 2 12 4 2 12 13 13 10 12 12 12 13 2 2 2 12 7 4 4 13 4 12 2 2 4 ,92
2 13 12 10 4 2 7 3 12 4 2 4 7 4 12 7 10 4 2 4 7 4 4 10 12 10 2 4 4 4 13 10 10 4 12 4 7 4 4 7 4 12 7 13 2 2 2 13 12 2 7 4 13 7 13 2 2 10 12 10 13 13 4 4 2 10 13 12 ,68
7 4 4 12 13 10 13 10 4 4 2 4 2 13 12 12 4 4 12 10 10 4 13 4 13 2 4 7 2 4 13 4 4 4 12 2 13 13 4 4 12 4 7 7 2 7 2 12 7 13 2 10 7 4 13 2 10 4 4 13 12 4 10 13 13 10 12 2 4 13 4 7 2 12 ,74
2 10 10 13 10 4 3 10 12 4 12 7 4 10 4 13 12 12 4 4 4 3 4 7 12 4 2 12 7 4 13 13 2 10 12 4 4 10 4 12 12 2 4 2 10 4 4 13 2 12 10 10 12 4 13 12 4 2 12 4 13 4 10 2 4 2 13 13 10 7 10 2 12 2 12 10 13 12 2 7 10 ,81
4 4 10 2 13 2 4 13 4 12 2 13 4 2 12 7 4 13 4 12 2 10 4 12 13 10 2 2 4 4 12 12 13 2 13 10 4 4 10 2 10 12 7 4 7 4 4 12 4 2 13 10 4 12 3 2 4 4 7 12 7 4 10 4 13 10 10 13 13 10 13 13 2 4 12 4 13 12 12 4 10 2 4 2 12 13 13 ,87
3 2 2 4 13 2 10 4 10 12 13 4 13 13 7 12 2 13 4 4 12 4 10 12 12 10 3 12 13 4 10 4 12 10 10 13 7 2 2 10 13 7 12 2 4 4 10 2 2 13 4 7 2 12 10 13 13 13 12 2 13 13 13 4 13 2 13 7 13 4 12 4 4 2 13 2 12 12 4 2 10 2 2 4 ,84
13 4 10 10 4 12 7 7 10 12 12 13 4 2 4 2 4 2 13 7 4 12 4 13 10 2 3 13 4 10 13 13 7 4 10 10 12 13 2 7 4 7 2 2 12 12 4 10 13 7 4 4 12 10 4 2 12 4 7 2 10 4 13 2 4 4 2 12 12 4 4 13 ,72
2 4 13 4 4 4 13 4 4 10 2 2 2 4 10 13 13 4 12 2 2 13 4 4 10 10 7 12 13 7 2 4 10 13 12 12 10 7 13 12 12 12 4 13 4 4 10 7 4 13 7 2 10 7 10 7 12 4 4 2 7 10 12 4 12 4 7 4 ,68
10 2 12 2 10 2 2 4 10 7 4 13 13 10 4 13 10 4 13 12 12 10 12 4 10 4 13 2 13 12 2 10 13 4 13 4 12 2 4 4 2 7 2 4 10 4 2 4 3 13 7 12 10 10 13 12 4 10 7 4 2 4 2 7 2 13 13 13 12 7 2 4 7 ,73
13 2 2 2 10 13 4 12 4 12 4 13 4 2 13 7 4 13 10 4 10 12 10 7 13 10 3 10 4 10 4 4 7 13 2 7 4 12 10 4 4 12 13 4 12 12 7 7 4 10 2 4 10 4 2 4 12 2 4 7 7 13 7 13 10 ,65
12 12 12 4 12 2 4 4 7 7 13 2 7 4 10 10 10 12 4 4 2 4 4 2 12 2 2 4 4 7 12 4 7 2 4 4 2 13 4 4 10 12 13 7 4 13 2 13 10 4 12 13 12 2 10 7 2 13 12 7 12 4 12 10 4 4 10 12 4 13 7 4 ,72
4 13 12 3 4 13 2 13 7 4 10 12 12 4 10 4 10 2 4 4 7 12 13 4 4 4 4 12 7 10 7 4 12 4 13 2 4 7 13 12 10 4 4 4 2 12 7 12 2 10 10 12 4 2 7 2 4 2 7 12 13 12 2 12 2 7 4 7 12 2 4 ,71
4 4 12 13 2 12 4 12 2 13 4 10 7 7 4 10 7 13 2 4 2 13 13 4 13 12 4 2 4 2 12 13 4 4 4 10 4 4 7 4 7 13 12 10 2 10 4 4 12 10 12 2 4 13 12 10 2 4 4 4 2 12 4 10 12 2 13 7 7 12 7 10 ,72
12 2 12 4 10 2 12 12 2 4 4 4 2 4 2 7 13 7 3 4 2 2 2 10 4 2 4 12 2 4 2 4 4 4 2 4 4 10 4 10 12 12 10 13 13 12 4 13 10 2 13 4 12 4 13 4 10 7 7 10 2 2 10 12 7 12 7 10 10 12 4 4 13 2 7 13 2 ,77
13 2 13 4 12 7 10 2 10 4 10 12 7 12 10 2 4 13 13 13 3 4 13 2 4 2 12 2 13 2 7 4 13 13 10 13 3 4 2 7 2 4 10 13 4 12 4 4 2 7 12 13 4 13 4 4 7 2 12 2 4 7 7 2 12 10 10 4 13 4 13 4 4 2 12 ,75
2 3 12 7 4 4 12 4 13 4 2 12 7 2 4 4 7 2 2 4 2 2 13 2 7 10 12 7 4 10 12 4 7 4 4 13 12 10 10 4 10 7 10 10 4 10 12 13 2 4 4 3 2 10 13 4 13 2 2 12 12 4 2 12 10 13 2 7 4 10 ,70
13 13 12 12 12 2 4 4 4 12 10 2 13 4 7 13 10 2 2 10 7 10 7 12 10 13 13 12 13 2 4 13 7 13 13 4 10 13 2 2 2 4 2 12 4 10 4 13 4 2 13 2 2 12 12 4 12 12 12 12 4 4 12 13 12 3 2 7 4 12 12 7 10 12 4 4 13 4 13 13 7 13 13 4 ,84
2 4 7 12 12 2 4 13 4 10 12 10 13 4 2 2 7 2 4 10 4 7 7 3 13 4 7 12 12 12 4 10 10 4 2 13 4 4 2 13 13 4 7 7 2 12 13 2 4 10 2 4 4 2 12 7 12 2 2 4 4 12 7 7 13 2 13 13 ,68
13 10 12 7 2 4 4 2 7 4 2 4 4 10 10 4 7 10 4 7 4 13 2 13 4 13 7 7 10 7 4 4 2 4 10 13 4 10 4 2 7 4 4 12 12 7 13 4 7 13 7 10 4 13 4 10 12 ,57
4 4 12 13 2 12 7 12 4 7 4 2 4 2 7 4 13 4 13 12 12 13 2 2 4 7 2 13 7 2 12 10 2 12 10 7 4 4 12 4 4 7 4 4 4 10 4 12 7 2 2 2 4 12 4 4 13 7 3 2 13 7 2 4 2 4 4 7 13 2 ,70
2 10 4 10 12 10 2 7 12 13 12 10 2 10 4 4 10 2 12 12 2 12 2 12 12 4 4 4 13 4 4 12 12 2 13 13 12 12 4 10 4 3 2 2 13 10 13 4 2 12 4 12 2 2 10 12 13 4 4 10 13 13 7 2 4 13 4 4 10 2 7 4 13 12 13 7 2 4 2 10 12 2 7 ,83
13 4 2 12 4 7 12 13 13 13 12 10 2 7 4 13 2 13 2 10 13 10 2 2 10 13 10 4 4 13 10 12 12 2 4 12 13 4 10 12 7 7 4 4 2 2 3 4 4 13 2 2 10 7 10 7 12 10 13 4 4 10 4 4 4 12 10 7 13 4 12 4 2 ,73
13 4 10 13 10 12 2 13 3 2 2 7 2 10 12 4 2 7 4 10 12 10 13 4 12 7 12 12 2 2 10 4 4 12 2 2 4 12 12 13 4 12 4 4 13 2 4 10 2 13 13 13 12 2 13 4 13 4 7 7 12 7 4 13 4 4 12 12 7 13 4 4 4 12 2 13 2 4 4 12 10 4 2 ,83
4 12 7 12 12 2 4 7 12 2 4 4 10 4 13 12 10 2 13 12 10 13 2 2 2 12 7 4 2 7 4 2 2 12 13 7 12 13 4 4 12 4 13 4 7 12 13 12 10 4 2 7 13 13 2 12 4 2 13 12 13 4 10 10 12 7 12 4 13 12 4 2 10 7 12 12 ,76
13 10 13 12 2 12 4 12 4 4 12 13 2 13 4 4 4 12 3 12 4 12 2 13 12 13 4 4 10 4 10 2 7 2 12 13 13 13 12 10 7 4 12 7 12 4 10 13 13 12 10 4 7 4 12 12 7 13 7 10 13 10 2 13 4 10 2 13 13 12 2 12 12 7 4 2 7 2 ,78
4 13 10 2 4 10 2 2 2 12 10 2 12 12 12 7 10 13 13 7 4 4 13 13 12 2 2 7 13 12 13 12 4 4 10 2 13 12 4 7 4 12 10 13 2 13 4 4 10 4 12 13 2 13 12 2 13 2 4 13 12 12 7 10 4 10 2 10 13 13 4 13 2 12 12 4 12 4 7 2 ,80
4 4 2 7 3 10 12 12 4 4 12 4 13 2 12 4 10 7 7 4 4 13 13 10 10 4 4 13 4 10 12 4 4 4 4 2 10 7 7 12 7 7 7 4 2 12 12 10 12 2 2 12 7 10 4 12 13 10 2 10 7 4 2 ,63
12 12 4 12 12 2 2 4 4 4 4 4 10 13 7 13 2 12 10 12 4 4 4 13 4 13 13 12 10 2 4 4 10 2 12 2 7 2 7 13 2 10 12 10 4 12 12 7 4 4 2 2 10 10 7 4 13 2 10 4 2 12 12 2 2 4 2 4 13 4 2 2 13 12 2 13 4 2 2 13 4 13 12 2 10 12 4 ,87
4 4 4 13 7 4 4 4 4 7 4 13 7 2 4 13 13 10 7 7 2 7 10 2 4 2 3 10 4 4 13 10 10 4 12 7 10 4 4 10 4 13 2 12 12 7 4 2 13 10 12 10 7 4 4 2 7 4 4 13 4 10 ,62
7 2 4 13 10 4 7 4 13 2 12 2 2 4 12 10 10 12 4 7 7 7 13 4 10 2 4 2 13 12 13 4 10 7 4 4 7 10 13 12 12 13 12 10 12 10 7 4 7 10 4 12 4 12 12 4 12 2 4 13 3 12 4 4 2 4 4 4 12 4 12 ,71
7 10 7 10 12 4 4 4 4 4 2 2 7 4 12 13 10 10 2 2 4 2 10 12 4 7 12 10 12 4 10 7 3 13 10 13 4 7 4 13 2 2 7 10 4 2 7 3 12 2 2 2 7 2 2 2 13 4 7 2 13 ,61
4 4 2 2 2 2 10 7 13 2 4 7 13 10 13 13 13 7 12 12 12 4 2 4 13 10 4 13 12 12 4 4 7 12 12 12 4 13 2 2 13 13 4 13 4 4 2 4 12 4 4 4 2 4 13 10 7 7 7 10 2 7 12 13 4 10 4 12 10 4 10 ,71
12 7 10 2 7 7 2 12 7 3 4 12 2 12 2 2 4 12 4 10 2 13 4 13 10 13 2 7 10 4 7 4 7 13 4 2 4 12 10 13 12 12 12 12 12 10 13 4 10 13 4 4 4 2 2 10 12 10 2 4 2 13 4 4 2 3 13 10 2 2 4 2 7 4 ,74
2 4 4 4 7 13 10 12 4 4 13 4 13 13 2 13 4 7 4 10 2 4 4 7 10 13 7 10 2 7 4 12 7 4 4 3 13 4 7 10 4 13 13 12 13 7 13 4 4 7 10 4 2 2 2 10 10 12 13 13 2 10 12 12 12 4 4 13 2 ,69
2 10 2 10 4 4 2 2 7 13 13 13 10 4 12 13 13 4 7 4 4 13 4 12 2 13 2 4 4 10 7 4 2 4 7 13 10 2 12 7 13 4 4 2 12 2 4 2 2 13 4 2 12 7 12 12 10 7 2 13 12 2 10 4 4 10 4 12 7 10 12 ,71
12 7 2 2 4 13 7 4 4 2 4 4 13 12 12 2 7 10 2 2 7 4 4 13 10 4 12 4 10 13 13 4 13 4 4 12 7 7 7 2 12 7 13 13 7 13 2 4 12 12 4 4 4 2 12 2 4 2 12 13 13 2 4 4 12 13 2 7 4 10 13 4 4 13 ,74
4 4 7 7 4 10 4 2 4 4 12 10 13 12 13 2 12 13 2 4 4 10 10 4 13 10 4 4 10 4 12 10 12 13 12 4 10 10 7 4 2 10 2 10 4 2 2 10 13 4 4 10 13 10 13 13 10 2 2 10 7 13 13 12 7 4 12 7 4 12 ,70
13 10 4 4 7 4 10 13 10 12 13 7 13 4 3 10 4 13 13 10 3 2 4 7 12 2 2 12 13 12 10 10 4 12 12 2 7 13 2 13 2 4 13 2 12 2 4 10 2 10 4 2 4 12 13 4 12 12 2 4 4 13 2 10 12 7 10 2 4 4 2 13 2 12 2 10 4 13 10 13 ,80
7 12 4 4 10 13 7 4 4 12 2 7 2 2 4 4 10 12 7 4 4 4 10 13 2 4 10 13 10 2 2 4 12 13 13 4 12 12 13 4 13 4 4 12 4 10 7 10 4 2 10 10 4 2 10 7 2 10 2 10 7 13 7 10 12 ,65
4 7 2 10 13 10 2 2 13 4 12 13 10 12 10 7 4 4 2 4 4 4 12 12 10 4 13 12 4 13 12 2 7 10 2 4 12 13 2 2 3 4 13 4 4 10 2 10 12 13 4 12 13 4 10 10 7 12 10 12 7 10 10 12 4 2 2 13 4 3 10 10 12 13 ,74
12 10 2 4 10 4 12 7 10 4 12 7 4 4 12 12 4 2 4 12 2 13 13 13 4 13 2 2 10 4 4 13 10 7 2 13 12 10 4 12 13 12 4 13 13 13 12 4 12 2 7 3 2 10 4 4 13 4 7 2 10 4 7 10 10 13 10 10 13 10 13 13 2 13 4 ,75
4 4 12 2 10 13 3 13 12 2 7 10 2 10 13 10 13 10 7 2 13 4 12 4 12 4 12 12 4 4 12 4 10 10 2 2 10 13 10 2 13 12 2 4 4 4 12 2 12 4 2 12 10 12 2 4 13 10 12 13 12 7 4 13 4 4 10 13 13 12 13 2 10 10 13 12 4 10 2 7 10 4 ,82
10 10 10 13 4 4 13 2 10 4 12 12 10 13 12 7 2 4 10 4 4 12 4 13 7 2 12 10 10 4 2 4 7 7 12 4 7 12 2 12 13 2 4 2 7 10 10 12 13 2 13 7 4 10 13 4 2 2 4 12 12 12 4 4 2 13 10 4 12 13 4 10 4 ,73
13 2 12 13 4 7 4 12 12 4 4 4 2 12 4 4 2 4 13 7 7 4 4 13 4 2 4 2 13 10 4 4 2 10 2 13 10 7 2 4 10 4 10 4 7 4 7 13 10 12 12 4 4 10 4 13 13 13 13 4 2 2 10 7 2 4 12 4 13 7 12 13 10 4 12 ,75
2 12 2 2 2 13 2 7 13 2 13 13 4 4 2 4 13 12 4 13 13 2 12 10 12 2 10 12 4 13 7 10 4 7 12 10 13 10 12 2 12 4 12 10 2 12 12 13 4 12 13 4 2 13 10 10 7 4 12 12 12 12 2 13 10 13 12 2 7 7 4 12 4 4 13 10 4 7 ,78
4 13 4 2 2 2 2 12 4 2 12 12 13 4 12 12 13 2 4 4 4 7 4 13 2 10 13 4 10 13 2 2 7 12 12 4 13 4 12 7 7 4 4 10 7 12 7 10 4 12 10 12 4 13 10 2 7 2 4 2 4 12 4 13 4 10 4 7 12 4 4 10 12 4 13 4 13 12 13 ,79
4 4 4 7 7 4 12 4 2 4 4 10 13 10 4 2 2 4 4 13 4 10 4 2 7 2 13 2 4 2 2 10 13 2 10 4 12 4 7 4 10 4 13 7 12 12 4 12 13 4 2 2 2 10 4 2 13 10 13 10 4 10 2 10 4 3 12 2 2 7 7 ,71
4 2 12 2 12 7 4 10 2 12 12 2 4 7 4 2 12 4 12 4 13 7 10 4 4 2 2 12 2 7 7 2 2 10 2 10 12 12 2 4 4 13 13 2 2 13 4 13 4 2 4 10 10 4 13 12 10 4 2 12 13 4 13 13 12 12 4 2 12 7 7 10 13 12 12 4 4 12 10 12 4 ,81
2 10 13 7 3 12 4 12 13 7 10 12 4 12 12 4 2 12 13 13 4 12 4 2 12 4 4 13 4 12 2 4 4 2 13 10 13 2 4 4 12 4 2 13 7 2 2 12 4 12 4 4 13 12 13 12 13 7 12 7 12 7 13 7 10 4 12 12 4 13 7 13 13 4 10 10 2 4 12 13 10 2 4 ,83
4 4 7 13 10 13 10 2 7 7 2 2 4 3 13 12 4 10 10 12 7 4 4 4 2 2 2 10 10 13 7 7 4 2 7 12 10 4 2 2 4 4 7 4 7 13 2 2 2 4 12 2 10 4 12 7 4 12 4 2 2 ,61
4 4 10 10 4 4 13 2 4 7 10 7 2 7 13 10 10 10 2 4 12 2 13 2 4 4 4 4 7 4 4 12 4 4 7 10 13 12 4 7 10 13 7 7 13 2 12 4 10 7 13 3 13 7 2 12 4 4 4 10 13 ,61
4 7 13 12 2 4 12 10 4 13 10 10 4 7 10 10 7 12 2 4 13 4 7 10 4 2 12 10 10 2 12 4 7 4 4 4 2 10 2 10 2 2 4 2 10 12 10 4 2 13 4 13 2 2 4 13 4 4 2 10 13 12 4 13 2 10 12 10 4 4 4 10 12 12 4 ,75
13 4 2 3 2 12 4 7 12 7 4 2 12 2 4 10 12 4 12 12 2 7 10 13 2 2 13 10 4 12 4 12 2 7 12 7 4 2 4 2 2 4 13 4 10 13 10 12 13 12 12 13 13 13 13 12 2 7 4 13 7 7 4 2 13 12 12 2 4 2 10 13 10 12 12 12 4 13 13 ,79
3 7 10 13 4 3 2 4 13 12 13 10 13 7 12 4 4 10 4 4 4 7 2 7 4 4 2 2 13 12 10 10 10 2 12 2 12 12 2 4 10 12 4 7 4 2 7 10 12 4 7 2 4 4 12 4 13 10 12 10 7 7 2 10 2 2 ,66
10 12 12 13 12 12 4 2 13 4 12 13 12 2 12 7 13 7 13 12 10 13 2 4 10 13 13 2 13 2 10 4 12 12 12 2 10 12 2 4 4 2 2 10 7 13 4 4 4 4 13 10 4 13 10 2 4 12 10 4 7 12 13 4 12 13 4 2 4 2 4 4 10 2 12 12 2 2 10 2 13 4 4 13 12 13 2 4 4 13 13 ,91
12 4 4 10 7 10 7 12 13 2 4 12 4 12 2 7 10 12 2 4 12 4 2 13 4 2 13 7 10 4 4 7 4 12 4 2 4 7 4 4 12 4 10 2 13 13 7 2 13 2 10 4 3 4 2 4 2 2 12 13 2 13 12 12 7 12 2 7 12 7 ,70
10 10 2 2 4 4 7 12 12 4 13 13 7 13 4 12 3 4 13 10 2 13 4 4 12 13 13 13 12 2 10 3 10 13 13 4 4 2 7 13 4 2 4 4 12 10 10 13 13 7 4 7 2 4 4 12 2 2 4 7 4 13 2 4 4 13 12 4 7 2 13 13 12 4 12 12 10 10 ,78
7 2 4 13 13 10 13 12 12 13 12 12 10 2 2 13 13 12 3 4 10 12 2 12 12 10 4 4 12 2 12 2 10 2 4 2 13 10 2 12 10 4 4 2 10 13 2 13 12 2 10 4 4 4 12 12 12 10 10 12 10 2 12 12 2 2 13 12 12 13 13 2 7 13 2 12 7 12 4 4 2 7 13 10 ,84
12 12 13 2 12 2 13 4 4 10 4 2 4 10 7 12 13 4 2 4 13 4 4 13 13 2 4 4 12 2 13 4 4 3 13 12 4 7 7 13 7 4 12 7 12 3 2 4 13 10 4 7 13 12 4 12 10 2 4 7 7 10 12 10 13 10 7 12 2 7 4 ,71
10 10 7 12 13 4 10 13 10 2 12 4 12 4 12 2 10 10 13 13 2 2 12 4 13 2 4 4 7 2 4 13 4 12 4 4 2 13 4 2 7 10 4 10 2 4 4 2 12 7 13 13 10 7 7 2 2 4 2 10 12 13 4 2 2 7 4 10 ,68
13 2 13 2 13 12 4 7 2 12 10 13 2 7 10 4 4 13 12 12 12 13 2 12 10 13 2 13 13 4 4 4 2 4 12 2 13 13 10 10 12 7 2 12 2 2 10 10 4 4 13 4 4 7 12 4 12 12 12 2 4 12 12 12 4 2 7 13 10 4 4 10 10 12 12 7 13 13 13 12 10 4 ,82
2 4 4 7 7 4 2 4 12 3 4 4 2 12 10 13 4 4 13 7 13 10 3 2 7 4 10 13 7 12 10 10 2 2 13 2 12 4 10 4 10 4 10 12 7 4 2 4 10 7 4 4 2 10 2 7 4 4 4 12 10 13 13 7 4 ,65
