12 12 4 12 4 2 12 10 4 13 10 7 4 12 12 4 13 13 12 2 13 10 2 4 7 7 10 4 4 4 2 12 10 10 4 4 4 10 12 ,29
2 4 2 10 10 4 2 3 12 12 4 13 2 12 4 4 10 4 4 4 7 13 10 7 2 13 10 2 4 12 4 4 2 12 7 4 10 10 ,28
12 4 12 2 2 2 13 10 3 12 2 13 12 2 13 12 10 4 10 2 2 12 12 7 4 7 4 10 12 10 2 13 10 10 7 12 4 2 ,28
2 12 12 13 12 2 7 13 7 13 4 4 4 4 4 10 4 2 2 10 7 4 7 13 7 13 10 3 4 10 12 2 ,23
12 4 13 7 4 12 7 10 12 2 4 2 12 12 4 2 13 4 4 10 13 10 7 10 12 2 4 2 12 4 4 2 4 10 4 4 12 2 10 ,30
10 4 10 4 12 4 12 4 2 10 7 12 13 2 13 10 4 12 7 2 2 4 10 12 12 2 4 2 2 4 7 4 7 12 4 2 ,27
12 2 2 4 3 7 7 12 12 2 13 12 12 4 10 4 2 7 10 12 12 4 4 10 7 4 4 2 10 4 7 12 2 12 12 4 ,27
12 12 12 10 7 12 7 13 12 10 13 4 10 4 12 2 12 13 13 13 10 4 13 3 12 7 12 2 4 13 7 12 4 12 13 10 4 ,28
13 2 10 13 12 7 4 4 12 4 12 13 12 12 4 12 2 4 4 7 12 2 2 7 12 10 12 12 13 13 4 10 2 13 2 7 2 2 10 12 ,32
10 13 10 4 4 7 4 13 12 12 4 10 13 4 12 12 4 7 7 2 4 3 4 4 12 2 13 13 10 4 13 10 4 7 4 10 ,26
7 13 2 12 4 3 10 2 10 4 12 4 2 2 4 2 7 2 12 10 4 12 4 4 7 4 2 12 10 10 4 2 3 12 13 4 13 ,29
7 2 12 13 2 10 12 2 13 4 2 4 2 12 4 2 10 12 2 12 4 2 2 4 4 2 4 12 13 13 4 10 13 4 13 13 2 2 12 10 13 4 4 10 7 4 ,39
2 4 7 4 13 12 4 4 13 10 10 10 10 2 10 2 7 7 4 12 4 3 4 12 7 4 4 2 12 3 10 12 2 12 2 ,25
4 13 13 2 7 13 4 2 13 2 4 4 13 4 10 4 4 4 7 12 4 13 2 13 4 4 7 13 4 2 2 4 10 2 4 10 7 ,30
3 13 4 4 7 4 13 13 2 4 12 10 13 13 7 13 13 13 3 10 12 4 12 7 10 13 4 2 13 12 12 4 7 2 10 13 4 4 2 ,31
4 2 13 4 4 4 13 13 7 12 2 12 4 2 10 4 2 4 12 10 7 4 10 2 12 7 10 7 12 10 2 4 10 4 ,24
4 10 10 4 10 4 4 4 7 4 7 2 2 2 10 13 10 7 13 12 10 2 4 7 2 13 10 2 4 3 12 ,20
4 2 4 10 10 4 10 13 12 13 4 2 7 2 12 12 2 12 4 13 10 4 13 13 4 12 2 12 3 4 10 4 4 2 4 13 7 13 4 2 12 12 2 4 13 4 2 ,40
10 4 10 4 4 10 13 4 4 4 4 10 12 12 12 12 7 12 2 2 10 13 12 12 10 12 2 4 2 12 2 12 12 2 7 13 12 2 10 12 13 13 13 2 2 ,36
7 12 4 13 2 10 2 13 4 3 4 13 4 4 2 13 2 4 10 4 12 13 10 10 10 2 4 12 4 2 13 12 10 2 7 2 13 4 2 4 4 12 4 ,35
4 13 4 13 10 13 10 12 10 2 2 10 7 4 12 4 4 12 10 12 2 13 10 13 13 13 4 7 10 7 12 4 12 4 13 12 ,26
12 4 13 4 13 2 13 2 4 4 4 4 4 2 7 2 4 2 12 10 4 13 4 10 12 2 13 2 3 13 10 10 10 4 7 12 12 7 13 13 13 2 ,34
13 2 12 4 2 4 4 7 2 12 2 2 12 4 12 13 2 4 10 10 10 10 4 4 12 12 4 4 7 2 4 13 12 2 13 2 13 12 12 4 2 7 ,35
4 4 10 13 7 12 4 2 13 12 12 12 13 2 13 2 2 12 10 3 2 7 13 2 13 7 12 4 12 4 2 2 13 13 12 10 12 10 10 10 ,31
4 7 12 10 4 4 4 12 10 12 13 2 7 4 10 4 7 7 2 12 10 13 13 12 2 4 4 2 2 12 12 2 4 12 13 4 13 2 12 ,31
13 12 13 2 10 4 10 13 10 13 10 4 12 4 13 4 2 2 12 2 12 2 10 4 12 10 10 4 2 4 2 4 12 2 4 10 13 7 13 10 ,30
4 10 2 2 10 13 2 13 13 4 10 7 10 12 4 4 13 12 2 12 2 7 12 13 4 2 7 7 4 10 4 12 13 2 13 ,26
10 2 4 13 4 4 2 12 12 13 4 10 12 7 10 2 4 13 4 13 13 4 13 4 12 13 4 13 4 12 13 12 2 7 12 4 2 2 13 2 4 10 2 2 3 12 2 2 ,42
7 4 4 4 2 4 4 13 10 2 2 4 13 4 13 7 4 10 4 2 10 12 13 7 7 7 4 13 4 ,21
12 2 10 10 12 2 2 13 13 4 12 10 12 2 4 13 12 13 12 2 2 13 10 12 7 12 4 2 10 2 2 4 10 10 2 12 4 13 12 13 2 4 ,34
12 13 12 4 2 2 4 4 12 12 7 12 4 13 13 2 2 7 13 4 10 13 4 12 7 13 2 13 2 13 12 4 13 13 4 10 2 10 12 10 13 4 12 ,36
4 12 2 13 12 2 12 12 13 4 7 13 13 4 12 10 7 12 2 2 4 4 4 4 12 13 4 12 10 2 2 2 2 13 12 7 7 2 10 12 ,33
4 13 4 12 2 4 2 10 7 4 7 2 10 2 12 10 13 2 4 4 13 2 4 2 10 2 2 7 13 4 4 7 10 2 ,25
12 13 3 4 12 10 12 12 13 13 2 13 4 4 4 13 12 12 2 7 4 12 10 2 2 7 7 4 2 12 7 12 10 13 12 2 13 13 12 10 12 ,33
2 10 2 4 2 12 4 4 4 12 12 3 13 10 10 2 12 4 13 12 12 7 4 12 2 10 4 2 12 13 4 12 13 4 10 10 13 12 4 12 13 10 13 7 13 ,36
2 7 2 10 4 13 4 10 2 2 4 10 4 4 13 12 10 10 10 12 4 12 12 2 2 2 13 13 12 2 2 12 13 2 4 2 10 10 2 12 12 12 12 12 4 4 ,37
10 12 12 3 7 4 2 7 13 7 12 10 7 12 10 4 2 7 12 13 10 4 13 2 2 4 12 2 4 2 4 ,22
4 12 4 2 12 10 7 2 12 13 13 2 12 4 13 7 13 2 10 2 13 12 12 12 13 2 3 12 10 12 13 10 2 13 10 2 12 4 10 13 10 ,32
10 13 7 10 4 4 4 12 4 2 4 7 12 4 3 13 13 7 4 4 2 4 2 7 13 12 12 7 10 2 4 13 4 2 4 ,27
3 12 4 4 4 4 10 10 4 4 12 2 10 10 4 2 7 13 7 10 4 7 7 13 4 7 12 10 2 ,18
4 4 4 10 2 12 12 2 13 4 7 12 2 12 12 7 10 10 13 4 4 4 13 2 12 12 10 4 12 4 4 10 4 13 3 13 10 4 2 2 2 12 10 ,34
7 4 7 12 13 13 4 4 4 7 7 12 2 12 13 4 13 4 10 2 2 4 4 4 12 3 2 4 10 10 3 12 10 4 12 12 10 13 ,29
2 4 2 4 10 13 7 10 13 2 13 12 12 12 2 12 7 3 2 2 4 13 12 2 13 3 13 2 2 2 13 13 4 10 2 10 4 4 4 13 4 7 4 ,36
7 10 12 4 4 13 13 2 12 4 4 4 2 10 2 10 13 4 2 3 7 4 12 10 12 4 7 12 10 2 2 7 4 13 13 13 ,27
2 13 4 12 4 2 7 4 2 7 2 3 13 2 2 4 10 7 10 7 4 7 2 12 2 13 2 12 2 7 ,22
13 13 4 4 4 4 13 4 7 2 2 7 2 4 10 13 12 10 4 7 2 2 4 10 4 4 7 10 3 7 12 13 2 ,24
12 2 13 7 7 13 10 2 10 12 4 2 10 4 4 13 4 4 13 4 13 12 4 12 12 4 13 10 10 13 4 7 4 2 2 12 4 10 2 ,30
4 4 7 4 13 12 4 7 2 2 4 2 12 7 10 4 4 4 4 13 7 10 4 7 4 4 13 2 7 4 2 ,23
7 4 10 2 3 12 4 13 2 2 10 7 12 12 13 13 4 10 2 2 13 13 4 4 10 13 4 13 13 4 13 2 13 12 13 4 2 7 10 13 ,32
12 2 4 7 10 10 4 10 4 13 7 4 13 3 4 4 4 10 10 4 10 4 4 10 7 13 7 13 4 13 2 ,20
4 10 4 7 13 10 2 4 4 4 12 10 12 2 2 4 2 2 2 7 12 7 10 10 12 4 4 10 7 10 12 4 ,21
13 4 7 10 7 4 4 2 4 4 10 10 2 4 10 13 4 2 4 3 2 4 7 4 7 4 2 10 13 13 10 4 ,22
2 12 13 2 13 4 13 13 7 12 3 12 2 12 12 13 4 2 7 10 2 7 12 2 4 10 2 2 2 3 4 13 12 13 12 13 10 2 4 13 2 13 4 4 4 ,39
13 12 12 10 10 12 2 12 12 4 4 7 4 13 7 12 10 4 12 12 2 4 7 2 7 12 3 12 12 2 12 10 4 10 13 10 13 4 ,28
13 4 4 4 13 7 10 13 3 12 7 7 13 13 13 4 2 13 7 13 4 4 13 12 4 10 3 7 2 2 7 ,23
2 4 4 13 2 2 12 10 7 12 2 4 10 2 10 10 2 10 4 13 2 10 12 12 10 12 7 4 10 12 4 7 2 ,22
2 13 4 4 4 13 13 13 7 13 2 3 12 4 4 13 13 4 12 4 12 12 10 10 4 13 2 10 2 10 2 13 13 10 4 4 4 12 2 7 2 10 2 4 ,36
4 4 10 13 4 4 12 13 13 4 2 2 2 12 10 10 2 4 10 7 2 4 10 4 4 7 13 10 12 4 12 4 4 7 2 13 12 12 ,29
2 4 10 2 4 7 10 12 10 4 2 7 7 10 4 4 2 13 4 2 2 10 12 2 2 3 4 13 12 10 2 2 10 13 2 2 ,26
10 13 12 4 4 13 4 2 7 13 2 4 4 10 7 4 2 4 10 13 2 2 4 10 4 7 4 2 12 12 12 10 2 12 13 2 4 4 ,30
2 13 2 2 2 13 4 2 2 13 4 2 4 10 7 7 2 4 4 4 10 4 12 4 13 4 4 10 4 4 4 13 12 10 2 7 4 12 ,31
7 2 4 10 10 13 7 4 4 2 2 13 13 13 10 4 4 13 12 2 7 12 12 4 2 12 10 4 7 10 12 4 4 13 12 4 4 ,28
4 2 2 4 2 2 13 13 2 13 4 2 3 3 13 2 4 2 10 12 13 2 4 2 12 2 13 12 10 12 4 12 10 4 2 7 13 13 12 2 10 4 13 13 2 2 13 13 4 4 13 12 ,47
2 10 4 7 7 12 7 7 4 2 4 12 10 13 4 10 3 10 13 7 2 4 10 3 4 10 4 4 12 13 ,19
4 13 2 12 12 12 13 4 2 2 2 12 10 10 13 12 12 4 4 3 13 7 12 10 4 7 4 13 12 10 13 10 12 7 10 13 10 4 13 12 ,30
4 10 3 4 4 4 13 2 2 2 4 12 4 13 7 2 4 4 12 13 7 12 4 10 12 4 4 13 7 2 12 13 7 2 12 13 10 ,30
10 4 10 7 4 10 4 12 4 10 13 4 13 13 10 4 2 13 2 2 4 7 4 12 4 2 2 10 12 10 2 13 13 12 13 4 ,27
10 4 4 13 13 7 10 2 12 12 4 12 13 2 4 4 4 10 10 4 2 2 2 13 12 12 4 10 10 4 12 2 10 2 2 4 4 13 13 3 12 12 2 4 12 4 4 4 13 ,41
4 2 10 12 7 3 4 7 4 4 7 12 7 12 13 4 10 7 12 4 4 2 7 12 10 7 ,16
4 4 4 4 4 13 2 13 12 2 2 13 2 2 4 4 4 10 2 10 4 13 10 2 13 4 2 2 2 2 10 7 13 7 3 4 13 2 12 2 12 13 12 4 10 ,38
13 13 13 13 2 2 4 7 12 4 2 7 12 7 13 4 7 7 2 13 10 4 12 7 4 10 12 12 13 4 2 ,23
7 4 4 10 13 2 12 4 12 2 12 13 10 2 2 10 12 2 13 4 4 10 4 2 7 12 12 4 2 12 4 10 13 4 4 12 4 10 12 10 13 4 ,33
4 13 4 2 4 4 4 12 10 2 4 2 2 4 4 12 12 7 4 12 13 13 10 13 12 13 2 13 12 12 4 7 4 10 10 13 12 2 7 13 ,33
4 12 13 4 4 4 10 12 12 4 2 4 13 12 2 10 12 10 7 13 4 7 12 13 10 4 13 12 12 13 12 4 13 10 10 12 2 13 10 13 2 4 ,33
7 4 12 2 2 4 12 4 12 12 12 2 12 2 12 10 13 2 4 13 13 12 4 7 2 4 2 2 2 12 4 2 4 4 2 10 7 13 2 4 13 4 10 ,37
4 4 7 12 10 10 7 12 2 10 12 10 4 12 13 13 4 12 4 12 4 12 4 2 13 13 7 12 4 12 13 4 2 13 4 12 12 12 2 10 2 12 ,34
4 4 4 12 7 4 2 4 13 10 2 7 4 10 13 3 10 4 4 2 12 10 4 4 13 10 2 10 2 13 7 10 12 12 ,24
13 2 4 12 2 4 4 13 2 7 10 2 10 4 2 4 2 2 4 4 13 7 10 4 13 13 4 10 7 10 4 10 12 2 4 ,26
4 7 2 4 4 4 4 10 12 13 4 2 4 2 12 10 4 4 10 13 13 12 13 12 7 2 12 4 2 12 4 7 12 4 12 13 12 7 2 2 2 4 ,35
12 2 12 12 4 12 4 4 12 2 4 13 2 10 10 7 7 2 4 12 4 4 4 2 2 13 12 4 10 4 12 12 4 2 7 7 2 13 13 10 ,32
13 4 12 13 4 2 10 4 13 2 13 2 4 12 4 4 13 4 2 12 10 4 12 2 13 13 4 2 10 4 4 12 4 12 10 13 12 2 10 2 2 10 2 12 12 2 12 4 12 2 ,44
13 12 2 13 3 4 2 13 7 10 2 2 12 10 12 7 13 10 2 7 13 7 12 12 7 10 12 12 12 13 4 10 ,22
3 4 7 12 13 2 2 12 13 13 2 4 2 13 4 4 4 13 4 13 2 10 2 7 4 4 10 13 12 4 2 2 12 4 2 4 12 12 13 12 12 4 4 2 7 13 12 2 13 ,44
10 2 10 13 12 13 4 4 2 12 4 2 10 2 2 10 4 2 4 4 4 7 10 7 10 2 12 10 12 4 2 7 12 13 4 4 ,26
2 10 4 4 4 2 13 12 4 10 2 4 10 2 2 2 4 4 2 7 4 4 7 13 7 12 7 2 2 4 2 2 12 12 12 10 ,28
4 13 12 12 4 7 4 12 10 10 4 7 7 4 2 2 3 10 4 2 4 4 7 4 7 7 ,17
7 12 7 4 10 12 13 13 7 13 4 7 12 4 4 7 4 10 7 12 7 2 13 10 ,14
4 2 2 10 13 4 13 4 4 10 2 2 2 2 12 4 4 4 4 2 13 12 12 12 13 12 10 10 12 12 4 12 13 2 3 2 12 2 4 12 7 13 13 2 12 13 2 13 7 12 ,44
4 2 4 4 4 4 10 7 7 4 2 12 7 2 4 4 10 7 4 4 10 4 10 12 7 7 2 4 ,18
3 4 7 10 13 4 12 2 7 4 10 2 12 2 4 2 4 12 4 4 10 7 13 2 2 12 4 12 7 7 4 13 12 13 12 4 ,28
7 4 13 2 12 7 12 10 13 4 2 13 4 13 2 2 4 4 7 2 7 4 13 7 7 13 10 2 13 ,21
4 7 2 7 4 4 10 13 10 10 13 4 3 7 4 12 10 13 2 7 12 12 4 10 2 13 10 13 4 ,19
4 12 13 4 4 4 4 13 13 12 4 2 2 4 12 10 12 7 12 4 4 4 7 2 10 4 13 4 13 10 13 2 13 10 10 2 12 4 2 12 7 3 ,34
10 2 2 13 2 10 13 2 4 2 13 12 4 2 4 12 13 4 12 4 4 2 4 12 4 4 4 13 4 10 3 10 2 7 2 10 10 4 2 4 12 12 4 2 ,37
4 2 4 10 2 12 4 4 13 4 13 2 7 7 4 4 13 13 12 12 2 13 4 7 4 10 2 4 12 4 12 10 2 12 10 7 13 2 ,30
4 13 4 10 12 13 7 4 10 4 4 7 10 7 10 10 10 4 7 7 4 3 2 4 12 10 12 4 ,16
2 10 13 13 4 12 7 10 10 4 4 2 7 13 4 4 13 4 4 4 13 7 13 2 10 4 7 4 13 7 12 ,22
13 10 2 10 7 7 12 12 10 12 12 4 4 2 4 10 4 4 4 4 10 2 2 7 4 7 10 4 10 12 ,19
10 4 4 4 12 4 4 10 4 2 2 10 10 7 4 2 13 4 3 4 4 13 13 4 13 10 13 13 12 12 12 7 2 4 4 12 13 13 2 12 10 13 13 12 12 12 ,38
10 10 7 2 10 2 4 12 10 4 4 13 12 7 2 13 10 10 3 4 4 13 2 10 2 10 13 7 4 13 12 10 ,20
10 10 7 13 12 2 4 2 2 4 4 2 10 7 4 4 4 2 2 12 4 13 13 13 3 12 13 13 7 2 2 2 7 4 ,27
4 10 3 10 7 4 12 10 13 4 10 4 10 2 12 13 2 7 2 4 4 12 7 4 7 10 2 4 10 2 13 13 ,21
2 10 13 10 2 7 4 13 2 13 4 2 4 2 12 4 3 13 2 2 2 2 4 4 4 10 2 7 10 13 4 10 12 13 13 10 2 ,29
13 2 13 4 2 12 7 4 10 10 12 2 12 12 4 12 2 12 10 13 12 13 2 10 4 2 7 10 2 4 4 7 2 4 12 2 7 ,28
2 4 10 13 2 2 13 13 4 2 13 12 4 13 2 4 2 12 10 12 7 10 12 10 4 7 4 13 4 13 12 12 7 13 12 2 2 4 13 2 4 12 4 ,36
10 4 3 7 10 4 4 2 13 10 13 10 7 2 2 4 4 2 13 4 2 4 4 13 7 2 4 4 7 2 2 12 4 4 2 12 12 ,29
13 10 2 13 2 2 12 12 12 4 13 13 2 4 2 4 13 4 7 10 4 10 2 7 7 13 4 7 10 12 10 12 13 ,24
4 7 4 13 7 4 13 2 10 2 7 4 2 4 2 2 7 4 13 10 4 12 2 4 12 2 4 3 2 4 7 13 2 12 4 ,28
4 12 7 12 4 7 4 10 4 7 7 12 2 3 2 4 12 10 4 2 13 12 4 12 13 12 4 4 10 10 7 4 4 13 13 4 ,27
7 4 4 4 2 10 4 2 7 7 4 13 2 7 7 4 4 10 4 4 4 4 4 2 4 12 7 2 12 ,21
7 13 12 13 12 13 7 2 2 13 4 2 4 4 4 2 4 4 12 4 12 10 7 12 12 2 2 12 10 4 13 10 3 2 10 13 2 10 4 12 ,32
7 7 2 13 4 12 4 4 4 7 4 13 2 2 4 2 13 12 4 4 13 4 7 10 7 10 10 13 10 2 2 ,22
4 4 4 2 12 10 4 7 10 2 13 4 13 2 10 2 4 4 13 4 10 10 4 4 4 3 10 4 4 12 7 10 13 3 4 10 13 ,27
2 13 10 12 4 12 13 10 10 4 13 2 2 4 4 13 3 13 7 12 10 13 12 13 13 12 4 7 2 7 4 4 12 12 10 4 12 2 13 4 2 4 2 ,35
10 2 12 7 4 4 10 4 4 12 12 13 4 10 13 12 13 12 4 4 7 4 4 10 2 2 12 4 4 4 7 13 12 3 10 10 4 13 10 ,29
2 4 3 4 12 4 13 10 13 4 12 12 4 7 2 10 2 13 10 4 4 12 4 4 13 13 2 2 7 13 10 13 7 2 7 10 ,27
13 12 4 12 4 13 4 13 4 12 7 4 12 12 12 2 4 12 13 13 12 2 13 13 4 10 12 10 7 2 4 3 12 2 10 2 10 7 2 4 4 12 2 4 4 2 12 ,40
13 12 10 4 4 4 4 12 10 10 12 10 4 10 13 12 12 12 2 10 2 10 4 2 10 13 10 4 4 13 12 4 10 12 2 13 10 4 12 12 13 12 10 2 ,32
13 7 4 2 10 4 2 4 10 13 2 13 7 4 2 10 12 13 4 13 2 10 12 12 12 13 10 4 13 10 4 2 2 4 4 3 12 4 4 12 10 ,32
2 13 12 4 4 2 2 10 12 4 10 10 12 10 4 4 4 2 12 13 2 10 2 7 12 10 12 13 2 2 4 2 4 2 4 12 2 4 10 4 4 7 ,33
3 4 4 4 10 10 7 13 12 13 10 7 2 4 2 4 7 12 10 13 4 4 4 12 7 4 10 2 10 2 13 4 ,22
4 7 12 13 12 4 10 10 10 10 12 4 4 4 7 10 4 7 4 12 2 4 13 4 7 10 4 2 2 ,19
12 4 4 13 10 4 12 2 7 13 7 2 7 2 10 13 7 12 4 13 4 4 2 13 4 4 7 2 4 ,22
12 4 4 4 2 2 13 10 13 4 12 13 12 2 4 2 7 2 4 2 13 2 2 4 7 13 7 4 12 7 13 4 4 12 12 12 2 2 ,33
13 4 12 13 7 12 10 2 12 4 12 4 4 13 10 13 10 2 4 7 12 10 10 2 4 2 12 4 10 10 13 4 7 13 2 ,25
10 4 10 2 4 13 12 13 4 4 13 7 12 4 10 4 4 12 4 12 12 2 2 12 7 4 10 13 2 2 13 10 2 4 10 13 7 4 13 4 ,31
13 10 7 2 10 10 2 4 12 12 10 4 4 12 4 2 13 4 2 10 3 4 4 13 12 12 4 4 4 4 2 12 13 2 13 2 2 10 4 7 7 ,32
4 13 12 2 4 4 10 4 12 12 13 7 4 12 4 7 10 2 12 4 4 2 2 13 4 10 4 12 12 12 4 10 3 10 2 12 4 3 4 10 10 13 12 12 12 13 ,37
4 4 2 3 2 10 2 2 12 10 10 10 7 2 10 13 7 10 10 2 12 10 2 12 4 4 10 10 4 4 2 2 2 4 ,22
13 2 4 13 4 13 2 4 12 12 10 13 10 2 12 12 10 12 12 2 4 4 12 4 4 10 10 12 2 12 4 2 12 2 4 4 13 7 10 10 4 10 2 10 4 ,35
3 4 2 10 2 4 2 4 7 12 4 12 12 2 7 12 2 10 10 12 10 4 4 12 4 13 4 2 13 2 12 2 4 13 2 4 13 4 13 7 ,33
4 12 10 12 7 4 4 4 7 2 4 12 2 4 10 2 7 4 7 4 4 13 13 13 10 13 10 2 2 4 2 2 4 10 ,25
12 4 4 10 7 13 13 10 3 7 2 4 13 2 4 4 10 4 13 2 2 10 4 4 4 4 12 10 4 7 2 12 12 4 10 4 12 ,28
3 2 13 4 13 10 10 4 7 10 10 13 7 12 2 4 4 10 4 4 4 2 13 2 7 10 10 10 10 2 ,18
2 10 2 12 4 4 4 12 7 2 4 13 13 2 10 4 4 13 13 7 13 10 12 2 4 2 7 12 12 4 13 13 10 4 10 13 13 ,29
4 10 4 2 4 12 4 12 10 10 4 7 13 2 12 4 4 12 4 7 12 2 7 2 13 2 4 10 13 12 7 13 12 13 10 3 13 4 ,29
12 2 12 13 12 4 13 12 3 2 2 4 13 4 4 4 4 12 12 4 4 12 10 2 4 2 2 10 2 2 4 7 13 7 12 10 13 13 13 10 4 2 3 4 7 4 ,39
2 7 3 10 4 7 12 10 2 4 2 12 3 12 4 10 7 2 4 10 7 13 4 10 4 4 4 2 4 7 2 ,21
4 2 4 4 4 2 4 7 4 4 10 7 10 13 2 4 10 10 12 4 2 10 7 10 2 4 4 10 10 12 ,19
4 4 12 2 4 13 4 12 10 4 13 4 4 10 13 2 12 13 4 4 3 7 13 4 13 2 4 4 10 12 2 7 10 3 2 10 4 4 13 2 10 2 13 4 12 4 ,38
10 2 7 7 4 10 4 13 12 10 12 10 2 4 13 4 13 13 12 10 10 4 12 4 2 10 13 2 2 13 13 13 2 13 4 13 ,27
4 7 2 7 4 2 4 3 10 10 10 4 7 13 4 4 4 4 10 3 2 2 7 4 7 2 4 4 12 13 2 4 12 ,24
10 4 2 13 4 2 13 4 4 10 12 4 13 10 10 12 4 13 4 4 2 3 10 13 12 4 10 4 10 12 13 2 2 2 4 13 4 12 13 10 3 10 12 4 12 12 ,37
2 2 7 7 7 2 4 13 4 4 2 10 10 7 4 2 7 4 2 10 12 10 3 2 2 4 13 2 ,19
4 7 12 10 4 2 12 12 13 13 4 4 4 12 10 13 4 7 4 4 7 7 4 12 10 2 4 2 7 13 2 4 13 2 4 12 ,28
13 2 12 4 4 4 10 4 4 7 7 2 2 10 10 13 13 7 10 4 4 10 2 2 4 12 2 2 4 12 13 3 10 4 2 13 ,27
7 12 10 10 7 4 13 2 12 13 4 7 2 13 13 12 13 2 12 3 10 2 13 4 13 12 2 10 12 10 10 2 4 4 12 4 13 13 12 12 ,31
7 12 12 2 4 2 4 2 13 2 2 2 12 4 4 2 13 2 7 2 13 7 4 3 10 4 4 4 13 4 2 13 7 7 4 13 ,30
4 10 12 7 4 12 12 4 2 12 4 7 12 10 2 3 13 13 4 7 2 7 7 10 13 7 4 10 ,18
2 10 10 10 12 4 7 12 13 2 4 4 4 10 13 4 13 12 2 12 4 4 2 13 13 10 13 2 4 4 4 2 10 7 12 3 10 7 ,28
4 4 7 2 12 12 2 4 4 4 10 2 13 4 10 2 4 7 4 10 4 13 4 2 13 10 12 10 12 4 13 12 12 10 12 12 7 13 2 4 12 ,32
2 2 4 4 4 2 2 7 10 4 12 4 13 4 10 2 12 7 12 2 10 7 4 2 13 10 7 13 7 13 2 ,22
7 12 4 4 7 13 4 10 4 12 10 12 4 2 4 4 13 13 2 2 4 10 12 7 4 12 10 2 2 7 4 2 2 4 ,26
13 2 4 7 4 2 7 13 12 2 12 10 4 10 10 12 13 10 12 12 2 12 4 7 2 4 12 10 10 13 7 2 13 ,23
10 7 10 2 2 4 10 7 4 4 13 12 13 4 12 2 2 12 4 4 4 7 13 4 13 12 4 13 10 13 2 2 2 4 10 ,27
4 13 4 10 7 4 4 13 4 2 2 12 10 2 13 10 10 12 7 2 2 4 13 2 12 13 7 12 12 13 4 13 10 10 13 4 2 2 ,29
2 12 12 4 2 4 7 4 13 13 4 2 13 10 10 2 13 13 12 13 10 13 4 12 3 2 4 10 4 13 4 2 2 13 2 13 4 13 4 4 13 2 7 ,37
3 12 7 10 12 13 10 12 10 4 13 10 2 10 4 2 2 10 4 4 4 13 10 4 7 12 4 12 12 4 10 4 7 4 4 13 12 12 ,27
2 2 4 13 10 7 12 4 12 4 2 4 2 7 13 3 4 13 13 13 13 12 2 2 12 13 13 7 12 4 4 13 12 2 7 2 10 4 13 13 4 ,35
12 12 10 4 13 12 4 2 4 7 4 4 13 4 13 10 4 2 7 4 10 4 3 10 2 4 2 13 7 10 4 4 4 10 ,25
2 7 3 2 13 10 4 2 4 12 2 4 2 10 7 12 4 12 4 10 4 13 10 12 4 10 2 4 7 4 7 12 10 4 ,24
2 13 12 4 4 4 7 4 4 4 2 13 4 7 12 4 2 13 12 4 2 4 4 12 4 10 2 2 4 13 2 2 10 13 7 7 2 13 12 10 ,33
13 13 10 10 10 12 4 4 4 2 12 12 7 10 4 13 2 13 13 7 2 13 2 10 2 13 12 7 12 12 13 13 12 12 2 12 4 10 12 ,30
3 10 4 13 12 10 4 2 2 10 12 12 2 2 4 13 12 13 4 2 4 12 10 12 4 13 2 2 7 2 7 12 10 12 13 13 13 10 12 2 4 4 2 12 4 ,37
7 10 7 2 13 2 4 13 10 12 7 4 4 10 2 4 4 10 2 12 13 7 4 10 13 2 2 10 13 13 12 12 ,22
2 2 4 7 4 12 4 2 4 2 4 4 2 7 10 10 2 4 13 4 12 4 13 12 4 10 4 2 10 2 12 12 13 13 7 13 10 12 4 2 12 ,33
10 10 7 10 2 2 2 4 4 13 10 13 4 7 4 2 4 4 13 2 2 12 10 4 7 2 2 3 4 4 12 12 7 ,24
4 4 7 4 4 7 13 4 2 10 12 12 2 4 3 10 12 13 4 4 2 12 10 10 10 2 4 2 13 4 2 10 4 10 4 13 13 4 ,29
2 13 13 13 7 4 12 2 4 12 12 10 10 4 2 12 10 13 7 13 13 3 12 2 4 7 12 4 10 12 4 4 7 12 12 2 4 ,29
13 3 4 10 7 4 10 4 4 7 13 10 2 13 12 4 10 7 7 7 7 4 4 4 4 13 ,16
2 2 3 7 10 4 12 10 12 2 10 2 10 13 4 10 4 4 2 13 4 4 2 2 12 4 4 4 13 10 4 4 4 10 13 10 13 7 4 4 ,30
13 13 12 2 7 3 7 13 12 10 2 4 12 12 4 12 2 4 10 12 13 13 12 12 12 2 12 2 13 2 2 10 4 2 4 13 2 12 10 4 12 2 10 13 12 2 12 2 ,41
10 10 13 12 7 2 12 4 4 2 12 13 2 12 12 10 13 12 13 4 13 13 12 13 13 2 4 4 2 13 13 10 2 4 4 12 7 7 2 13 ,33
10 2 12 12 4 10 13 13 12 13 7 12 2 2 7 4 4 4 2 13 13 13 7 10 12 2 13 4 13 12 4 13 4 13 4 2 13 10 2 2 12 4 ,35
12 2 12 10 10 2 2 13 12 2 12 12 12 4 12 12 12 2 10 13 2 2 4 13 2 10 13 4 13 12 12 4 13 2 12 13 12 13 10 12 12 7 10 7 ,36
13 7 4 7 12 4 4 7 4 13 13 10 10 13 4 12 7 10 3 12 2 12 2 4 13 13 12 4 7 2 10 2 4 4 ,25
4 10 13 7 4 13 13 12 2 2 13 12 2 2 13 12 7 2 2 13 12 4 4 13 2 13 7 10 2 2 10 4 4 4 13 7 13 ,30
13 13 7 4 4 4 10 4 7 10 10 13 2 4 4 10 4 4 13 2 4 12 13 2 7 3 2 7 2 12 2 10 4 4 12 ,26
2 13 4 7 13 4 10 10 7 10 12 12 2 2 12 10 12 13 12 2 2 12 12 13 4 3 12 4 12 4 4 7 7 10 2 10 ,26
4 12 13 2 4 4 4 2 4 4 12 7 4 10 13 12 2 4 12 4 10 4 13 2 12 4 10 4 10 13 3 12 4 2 7 2 10 10 10 12 12 ,32
10 12 13 12 13 13 10 4 4 12 4 12 2 3 4 13 13 4 12 2 4 2 12 13 2 12 10 13 12 4 10 12 4 13 13 7 2 4 2 2 7 2 13 7 12 ,38
7 13 2 2 4 4 4 7 3 4 12 2 13 7 10 4 4 12 4 4 12 12 13 2 12 13 2 7 12 2 12 2 7 4 12 4 ,30
13 10 10 13 4 4 7 4 2 10 7 13 4 4 10 13 13 10 4 13 13 12 12 12 4 2 4 4 7 10 10 4 12 10 ,23
7 4 12 10 7 4 10 2 2 4 7 4 2 4 10 13 10 12 2 4 10 10 4 2 4 7 10 2 4 12 4 ,20
2 4 12 2 10 10 7 12 7 2 12 10 13 4 4 13 2 2 12 12 4 10 2 4 4 13 4 13 2 13 13 13 4 4 4 10 13 4 2 3 4 ,34
4 10 12 13 13 4 2 4 13 2 10 4 12 13 7 4 4 12 12 4 13 13 2 4 4 4 12 12 4 4 4 13 12 12 2 4 13 7 4 13 12 4 4 2 4 12 7 4 4 2 ,45
12 2 12 2 2 2 4 10 4 2 10 4 4 7 4 13 4 4 10 13 2 12 10 12 12 13 10 13 4 12 4 13 10 10 12 13 2 2 12 7 4 ,32
10 4 7 13 13 4 7 2 4 2 12 4 13 13 2 13 4 3 4 2 10 12 7 2 12 10 12 12 7 2 4 7 13 12 ,26
4 13 10 7 7 13 4 10 4 12 10 4 13 10 4 4 4 2 10 10 4 10 13 2 12 4 2 13 7 10 4 2 12 2 ,23
12 4 13 12 2 10 2 13 12 4 12 7 13 12 12 7 10 2 2 13 2 4 10 2 7 13 13 2 4 12 2 13 12 7 12 13 12 4 4 4 ,33
4 7 13 2 2 4 2 2 10 7 2 13 2 4 7 2 4 4 12 2 7 13 2 2 10 7 10 ,19
12 2 13 4 13 4 13 4 10 4 7 2 4 2 7 10 4 10 12 10 2 4 13 2 12 12 10 13 4 10 4 10 10 10 12 2 ,25
4 12 10 12 7 4 4 2 2 7 10 12 4 2 2 13 7 10 13 13 2 2 4 10 12 12 13 4 2 13 2 10 2 4 2 2 12 2 4 ,31
4 2 13 2 13 7 13 13 12 4 4 4 10 12 4 4 4 4 10 4 4 12 4 12 10 7 10 2 4 7 13 12 2 4 4 4 4 13 4 10 3 ,33
2 4 7 4 12 4 10 4 12 2 4 12 4 13 12 2 7 4 10 12 4 13 12 13 2 12 2 10 10 13 2 13 4 12 2 4 2 10 10 4 4 13 12 4 13 2 ,38
2 12 12 4 12 10 2 2 7 13 10 12 13 3 4 2 13 2 4 7 2 4 4 13 10 10 4 2 2 4 13 10 13 10 2 7 12 4 4 ,30
10 4 2 4 4 2 4 12 12 4 4 12 12 12 12 12 12 2 2 12 13 13 2 4 4 2 13 7 12 13 7 7 13 4 12 10 13 4 13 10 2 12 13 2 4 13 2 ,41
12 12 10 4 3 4 12 13 13 4 13 4 12 13 4 4 12 4 10 2 10 12 7 4 10 13 4 7 7 13 10 2 2 12 2 13 2 4 ,30
4 4 10 10 2 7 12 13 13 7 4 2 4 12 7 4 7 10 10 2 4 4 12 2 4 2 12 13 10 10 2 4 ,22
2 10 12 2 4 10 4 13 4 7 10 2 4 13 10 4 7 7 4 7 4 4 7 13 12 3 12 4 4 10 12 ,21
10 3 13 2 7 12 7 12 4 7 2 2 4 4 4 2 12 12 12 4 13 10 4 4 4 10 4 12 7 12 13 2 12 10 12 10 4 4 ,29
2 12 12 4 4 2 4 10 4 2 13 10 7 12 13 12 12 10 4 2 7 2 4 13 10 13 13 12 13 13 10 4 12 10 4 12 12 3 2 2 10 13 ,33
2 7 10 4 2 10 10 12 7 13 4 10 4 13 4 2 2 12 2 4 12 4 7 13 2 7 12 4 12 4 7 ,22
13 12 12 10 12 2 12 10 4 2 12 7 2 7 2 10 12 12 12 13 13 10 13 13 2 2 2 7 13 2 2 2 12 7 ,26
2 7 10 4 4 4 10 10 2 2 10 12 2 12 7 13 4 4 13 12 4 4 2 12 10 12 12 12 2 2 12 7 12 12 13 2 4 4 10 2 13 ,32
13 13 10 10 12 2 2 7 2 10 4 2 13 4 4 10 13 4 4 12 12 13 7 10 12 2 12 10 2 12 2 7 12 4 13 2 ,27
10 12 12 7 13 12 2 13 4 13 3 4 12 4 7 12 4 2 12 7 10 4 12 4 13 4 4 2 4 4 4 13 13 12 10 2 4 4 10 7 2 ,33
10 2 4 4 4 4 13 13 13 4 10 2 7 4 10 7 4 13 7 2 4 4 4 12 12 7 10 13 4 4 12 10 ,23
12 4 12 4 12 4 12 2 4 13 13 2 2 4 7 4 4 13 12 12 4 4 2 7 13 7 12 4 2 2 4 4 4 2 13 10 13 7 13 12 7 ,35
10 4 12 4 4 4 2 12 10 7 13 4 4 2 10 12 7 13 4 4 10 7 10 3 4 12 13 10 4 12 7 2 12 12 12 12 12 ,27
7 12 12 4 12 4 13 13 4 4 12 10 2 12 2 12 2 2 10 2 13 10 12 2 12 12 12 7 13 2 2 10 2 10 2 13 10 10 12 2 4 2 ,33
4 12 2 10 2 2 2 7 7 4 7 13 13 7 4 4 2 12 13 2 12 4 12 4 12 4 12 2 4 12 7 2 7 12 4 ,28
7 2 4 4 4 4 7 10 2 7 12 12 4 4 7 10 3 10 10 4 2 4 4 4 12 2 4 4 7 13 10 12 ,22
2 7 4 4 12 4 13 4 10 4 10 13 10 10 7 13 4 12 2 12 4 13 2 12 4 3 2 7 10 12 13 2 4 13 13 7 ,27
2 12 4 7 10 10 2 13 7 13 10 4 7 10 4 2 2 4 13 4 10 13 2 7 12 12 10 ,17
4 12 12 12 2 4 7 2 10 2 4 13 13 2 4 2 13 13 2 4 7 12 3 10 12 4 2 7 13 7 13 2 13 4 4 2 2 10 4 ,32
10 2 12 10 4 13 4 2 2 2 3 7 10 13 2 7 13 3 4 13 4 10 2 7 4 13 13 13 2 4 4 4 4 7 4 4 12 ,29
4 2 7 4 12 2 13 4 2 12 10 10 4 10 10 7 2 2 4 4 12 4 7 2 7 4 4 10 13 13 12 4 4 13 4 12 ,27
13 12 3 13 4 7 10 12 13 12 2 13 4 13 12 12 13 13 4 13 13 12 7 13 2 10 7 2 12 12 2 13 13 2 13 2 4 13 12 2 2 13 4 4 10 ,39
10 4 2 4 2 4 2 7 2 4 4 13 10 12 2 13 4 12 12 13 13 12 10 2 13 2 2 10 4 4 7 10 12 12 2 10 2 2 13 4 12 2 13 ,35
10 12 3 2 10 2 2 2 4 12 12 2 2 10 4 2 10 13 4 12 4 2 12 12 4 13 13 13 7 13 13 12 12 13 10 4 13 4 12 12 4 4 2 2 4 4 7 12 ,41
10 4 4 12 4 2 2 2 3 2 4 4 13 2 12 10 2 4 10 7 4 7 4 7 10 7 4 4 10 4 10 ,21
4 2 7 12 2 4 4 2 4 2 10 10 4 12 10 4 4 13 10 4 12 13 2 2 4 7 12 4 13 10 10 7 4 7 ,24
2 2 4 12 4 2 10 4 2 13 4 4 10 10 10 2 10 13 7 2 4 4 10 7 13 4 12 13 2 2 10 7 ,22
7 4 10 2 10 4 7 4 12 12 2 4 12 2 13 10 2 10 2 4 12 4 4 4 2 2 2 13 4 12 4 7 2 12 4 4 12 10 13 13 ,32
10 12 10 4 4 2 4 7 13 4 13 12 13 12 13 13 12 4 12 4 12 4 13 12 4 12 12 7 4 10 7 13 7 4 12 2 10 2 4 13 ,32
4 3 2 12 4 12 10 2 13 12 2 12 4 4 7 4 10 13 7 12 2 12 2 12 13 10 12 13 4 10 2 13 12 2 4 10 2 12 13 12 12 4 2 4 2 2 ,39
4 2 4 2 12 13 10 4 4 4 13 7 3 13 3 13 2 12 10 12 12 12 2 2 4 2 7 2 2 7 13 13 12 4 7 7 ,29
13 2 13 10 3 13 10 4 2 7 10 12 7 10 12 2 2 4 10 12 13 13 12 10 10 4 12 4 13 2 4 13 12 10 2 ,25
4 12 13 12 4 10 2 13 4 4 4 13 2 2 3 7 4 10 2 12 10 10 12 12 10 2 10 4 12 10 10 10 13 13 13 10 2 ,26
4 2 2 13 10 2 4 2 12 13 2 7 13 4 2 13 13 2 10 10 2 12 13 13 12 2 7 4 4 12 4 4 4 4 7 2 13 7 ,31
7 7 4 7 4 4 12 13 13 4 4 2 10 12 2 2 12 3 10 2 13 4 12 10 13 13 13 2 12 4 3 2 4 7 4 12 12 10 2 2 ,32
4 7 4 10 10 10 2 13 4 12 10 10 7 2 4 4 10 2 7 13 10 4 12 10 2 10 12 ,15
13 2 12 10 7 10 13 2 4 13 4 10 10 2 13 10 4 12 4 4 10 12 13 12 12 12 4 4 4 12 10 10 2 12 2 7 2 10 13 ,28
12 12 12 2 2 13 4 4 10 2 12 12 4 10 10 13 4 2 4 7 2 4 13 10 4 3 13 13 12 2 4 4 2 13 4 4 13 10 10 4 10 12 13 2 4 13 4 2 ,40
10 4 13 2 12 2 7 4 2 12 10 4 12 10 13 12 13 13 12 10 13 2 12 4 12 4 2 4 2 4 7 4 2 13 10 12 10 10 4 3 3 13 4 ,34
4 4 7 4 13 13 2 10 4 2 4 10 4 4 13 2 12 4 2 4 4 7 12 13 4 4 2 10 13 3 2 10 4 13 7 10 10 ,28
12 12 4 2 4 2 12 12 7 13 7 4 12 7 10 4 4 7 7 2 4 7 7 10 4 10 ,16
10 4 4 4 7 4 13 13 13 10 10 12 2 7 4 3 10 4 4 12 4 4 10 13 4 12 12 10 4 7 2 10 12 12 2 2 4 12 ,28
2 12 3 13 2 3 4 4 13 2 7 10 12 4 2 4 2 12 7 10 7 12 12 2 4 4 7 10 4 10 4 4 10 ,24
10 10 4 13 4 2 4 4 10 7 2 13 4 10 10 12 2 12 13 2 4 4 2 4 4 10 4 10 10 12 2 10 4 7 2 12 ,25
12 4 4 12 12 4 4 4 4 12 12 7 12 10 4 2 3 13 4 4 4 4 12 4 13 13 12 10 12 2 7 4 13 10 12 2 7 13 4 12 2 10 2 4 4 2 4 2 ,41
4 2 2 12 2 4 2 4 10 10 2 13 4 13 10 7 7 10 4 13 7 7 4 10 7 4 ,16
12 4 4 7 12 2 2 4 10 4 12 13 13 13 10 10 4 12 12 10 2 7 7 12 2 13 13 12 12 13 4 12 4 12 2 13 2 2 13 2 12 10 ,34
4 10 4 10 2 2 4 4 3 4 12 4 7 12 13 12 12 2 13 2 10 7 4 10 12 2 12 4 2 13 7 7 12 4 10 ,26
7 13 4 10 4 13 2 4 4 10 7 4 13 13 12 4 4 4 2 4 4 10 4 2 4 10 4 10 12 13 12 7 4 7 12 ,26
4 2 7 12 7 12 4 13 12 4 10 2 13 10 12 4 2 4 12 13 4 4 2 10 13 12 4 10 10 2 10 2 4 7 4 13 13 ,28
13 2 4 13 4 4 10 12 4 2 10 13 2 12 13 2 13 12 7 2 10 10 3 2 2 4 10 4 13 10 10 13 10 12 2 4 13 2 13 13 12 4 ,33
4 10 13 4 7 4 2 13 10 13 4 4 4 12 4 7 4 4 4 7 2 10 4 2 12 4 2 10 4 7 10 12 13 4 13 13 ,27
13 7 7 2 4 4 10 7 4 4 4 2 4 12 10 4 2 13 13 12 12 12 7 13 10 13 13 4 12 2 7 10 4 ,24
12 4 4 13 4 7 13 13 13 4 4 12 12 4 4 4 7 10 13 12 7 7 4 4 12 2 10 12 10 13 7 10 ,23
12 13 4 7 4 4 4 2 2 2 12 10 4 2 4 13 4 2 13 13 7 4 7 10 10 12 7 3 2 4 4 13 2 4 4 12 13 13 4 2 ,33
10 4 13 13 10 4 12 12 13 7 2 13 4 4 2 13 4 4 2 7 4 7 4 4 4 13 12 4 2 13 10 3 2 13 4 2 10 ,30
4 12 13 4 12 4 4 2 4 4 4 4 13 13 2 10 4 2 12 7 13 12 10 4 10 4 10 7 10 7 10 10 2 13 13 ,25
4 7 4 4 10 4 4 12 12 13 2 7 2 10 4 13 7 10 13 10 4 10 2 12 13 4 4 4 2 10 12 10 4 13 4 4 ,26
7 4 13 7 4 4 4 7 2 2 4 7 2 7 3 4 7 10 10 7 2 12 13 12 4 ,16
2 7 7 7 10 2 4 3 2 12 4 4 4 7 13 10 10 4 13 7 2 10 13 10 12 4 2 12 ,18
2 13 12 4 12 12 4 4 10 4 7 7 2 4 10 12 2 4 7 12 7 10 4 12 10 12 4 2 12 2 10 2 4 12 4 12 12 ,28
10 2 4 13 4 4 13 12 12 2 2 12 4 7 13 4 4 10 4 10 12 4 7 2 7 13 7 7 2 3 4 12 4 4 ,26
2 13 12 2 2 2 12 7 4 12 10 12 2 12 4 4 12 12 12 4 4 12 12 12 4 2 10 2 4 7 2 13 10 4 13 4 10 13 12 2 12 4 2 13 4 12 13 12 2 4 13 ,45
4 4 4 4 12 7 13 4 10 2 2 2 10 4 2 2 4 10 2 4 4 4 4 2 13 13 7 10 13 13 2 4 13 4 4 13 7 13 10 ,31
13 4 2 4 13 2 13 13 2 7 4 4 10 10 2 3 7 4 2 4 13 4 3 13 10 4 13 2 13 12 4 7 10 12 7 4 2 ,29
12 7 7 4 13 13 2 4 13 13 12 12 2 4 10 10 4 12 2 7 13 13 2 10 2 4 2 12 12 4 2 2 10 4 12 13 13 4 13 10 3 ,33
4 10 12 4 4 10 2 10 7 2 4 13 2 4 13 13 4 13 10 3 10 12 7 10 10 4 2 10 2 7 4 4 4 2 ,23
2 7 4 4 12 7 7 4 7 4 7 4 4 2 2 10 4 7 4 10 12 13 2 2 2 ,17
10 4 2 4 4 2 7 10 4 13 7 4 7 4 4 4 2 2 2 13 4 2 4 10 13 10 7 2 13 4 2 12 13 4 12 2 ,28
4 7 12 13 2 2 2 2 10 4 13 10 13 10 10 4 7 4 10 4 2 4 10 13 3 4 2 10 4 10 7 12 4 12 12 ,24
2 13 12 2 12 13 13 4 10 12 2 13 4 4 13 13 13 7 12 3 2 7 4 12 4 2 13 13 13 4 2 2 2 2 13 4 7 12 12 10 4 12 12 2 2 12 4 13 13 ,44
7 2 10 4 2 7 2 4 13 13 4 4 2 12 4 10 7 12 7 12 12 12 10 4 12 7 13 4 13 4 10 4 ,23
13 4 10 4 2 2 7 13 4 4 4 2 12 7 13 4 10 2 10 3 13 4 7 10 4 13 10 12 7 4 2 2 ,23
4 4 2 10 12 7 7 13 10 12 4 10 4 4 2 4 2 4 4 2 10 2 13 10 13 4 10 13 2 2 7 12 4 12 ,25
2 12 13 2 7 4 4 4 12 12 4 13 2 2 2 7 10 13 4 2 10 7 4 12 4 2 4 2 12 10 4 4 10 4 12 13 2 12 10 4 13 ,33
2 12 10 2 2 10 7 4 12 4 13 13 12 12 4 4 2 12 10 4 2 2 4 4 12 2 4 7 13 4 12 2 13 4 10 13 12 7 3 10 12 ,33
2 13 13 12 13 4 4 13 10 12 13 10 12 7 12 4 4 12 2 13 2 4 2 2 13 7 7 2 13 12 4 12 2 2 12 2 13 10 2 13 ,34
2 2 12 12 7 4 7 4 12 10 13 13 3 2 4 12 10 13 10 12 7 2 7 2 2 4 13 12 4 13 2 12 2 12 2 12 10 4 4 ,31
12 7 4 4 4 13 10 13 2 13 4 2 3 10 13 4 2 7 13 12 2 2 13 4 12 4 4 12 10 13 4 7 10 2 13 4 12 13 2 4 4 4 2 ,36
13 2 2 12 4 13 13 2 2 4 10 12 10 4 2 4 13 10 13 4 13 12 4 10 10 4 10 2 7 3 2 3 12 10 13 13 7 12 2 4 ,31
10 10 4 10 13 13 13 13 4 4 10 4 13 12 4 4 12 2 2 13 10 12 10 4 13 12 10 12 2 13 13 13 7 10 4 12 2 10 13 13 4 13 ,32
13 12 13 13 10 4 2 12 13 4 10 4 4 2 4 12 2 2 4 13 7 7 10 12 13 10 4 4 13 2 7 12 12 2 2 12 2 12 12 13 13 ,34
4 7 4 4 2 2 2 2 13 4 13 4 4 7 10 2 2 10 4 13 13 4 2 10 2 4 10 4 12 2 2 10 10 13 10 13 2 ,28
7 4 13 4 7 13 12 10 4 13 2 12 10 3 4 10 2 4 2 4 12 2 2 4 10 7 10 10 10 4 13 13 12 10 4 ,24
3 2 12 12 4 10 12 4 4 2 4 2 2 13 7 4 4 7 12 2 7 4 4 7 10 10 12 10 12 2 4 4 2 12 7 ,26
4 13 4 12 4 10 13 2 10 13 12 2 3 7 10 10 2 13 12 13 4 2 4 10 2 7 10 10 12 4 4 4 2 4 7 12 12 4 ,28
12 4 13 13 12 13 4 12 2 2 13 10 2 13 10 13 12 7 7 12 4 4 12 4 4 2 12 7 4 2 4 12 13 2 4 2 10 2 4 2 10 13 13 ,36
7 2 7 7 12 4 7 10 13 12 4 10 2 4 10 10 12 2 4 10 7 4 13 13 10 ,14
12 12 12 10 2 12 12 12 12 13 13 13 7 12 4 4 13 7 10 4 10 13 4 2 4 2 4 2 12 2 10 4 13 10 12 4 7 2 4 13 13 12 ,34
12 7 2 12 13 13 4 7 12 10 13 2 4 2 10 2 3 10 12 7 4 7 10 4 4 4 2 2 2 2 7 3 ,23
10 10 12 4 4 10 4 12 2 12 2 4 4 10 10 13 13 10 12 12 4 13 2 2 13 2 12 4 2 12 12 4 10 12 13 2 4 7 13 2 12 7 ,33
4 7 10 3 2 4 2 2 4 4 12 7 7 12 7 7 4 10 4 4 10 12 12 12 4 4 4 4 4 13 4 7 ,23
7 7 4 3 10 4 7 4 10 4 13 2 2 4 2 13 13 10 3 10 13 2 13 13 2 4 12 7 12 2 12 7 12 ,24
13 4 10 10 7 13 13 7 4 10 10 12 10 4 4 12 4 7 2 2 13 12 10 2 4 10 4 12 13 2 7 ,20
10 4 13 12 10 4 13 2 12 7 2 4 12 12 10 2 3 10 10 4 4 7 2 4 12 13 10 12 4 13 4 10 4 2 10 2 4 13 ,28
10 4 4 12 12 10 4 4 4 10 12 10 12 7 12 7 4 4 2 13 13 4 2 4 2 4 4 10 4 12 13 13 13 13 13 2 4 7 ,30
2 2 2 4 2 2 2 13 2 2 12 4 10 12 13 4 7 2 7 4 12 10 10 13 13 2 13 7 12 12 13 10 2 12 10 12 13 4 ,30
2 12 7 3 2 2 10 4 12 4 13 4 10 4 7 2 12 7 13 4 4 12 10 10 4 10 2 7 10 2 10 4 ,21
12 2 4 4 12 4 2 4 12 13 13 12 13 3 2 13 10 10 2 12 7 13 10 2 10 12 12 10 2 7 13 4 2 7 7 ,26
12 2 10 12 2 2 10 7 4 12 12 10 2 10 10 2 4 10 7 4 7 12 2 4 12 12 12 10 4 13 7 ,20
7 2 7 3 10 4 12 4 4 10 4 4 7 4 10 10 4 13 4 7 10 2 2 4 7 12 3 10 ,17
4 12 2 10 2 10 13 7 4 4 4 13 2 2 7 12 10 4 10 4 12 10 10 13 7 7 4 13 12 ,19
4 10 7 4 7 2 13 4 4 4 7 4 10 4 2 4 4 13 10 7 7 4 4 2 13 4 2 4 10 ,20
7 13 7 2 2 2 2 4 10 12 10 13 4 2 4 13 3 12 4 2 10 4 13 2 10 12 4 13 13 2 7 12 4 7 12 2 4 12 ,30
13 2 12 4 4 12 13 13 4 7 10 7 12 2 10 3 4 10 12 4 4 2 4 7 2 13 13 13 10 12 4 4 12 12 12 13 12 4 10 ,31
12 4 7 10 4 2 10 4 2 4 12 12 4 10 12 2 12 13 7 3 10 13 12 2 13 2 7 4 12 7 4 4 10 2 4 13 4 ,28
13 2 2 10 12 2 4 4 10 13 2 10 4 2 10 7 13 4 13 2 13 13 2 7 12 13 4 12 2 12 4 12 4 4 2 10 4 13 2 12 12 10 ,34
13 2 10 12 4 4 4 10 12 2 12 4 2 4 4 4 12 4 2 4 13 10 4 4 7 13 10 10 10 10 2 4 4 4 12 12 7 10 12 4 2 4 ,32
12 4 4 12 4 13 12 13 12 3 13 10 4 13 13 13 4 12 13 13 10 4 7 2 3 4 12 4 10 13 10 4 10 13 7 2 13 10 13 13 13 4 12 4 12 4 4 ,39
2 13 13 13 13 2 4 13 4 10 4 2 12 13 13 3 4 2 4 13 12 12 10 10 4 10 2 12 10 4 10 13 10 4 4 13 3 13 12 12 13 2 13 13 10 12 12 13 12 10 ,41
2 12 2 4 12 13 2 7 2 13 12 4 10 4 12 4 4 4 13 2 7 7 10 4 10 4 7 4 10 4 13 13 4 10 2 ,26
4 12 13 13 2 10 10 4 13 10 12 7 3 4 4 13 13 4 4 12 12 12 2 12 13 10 4 12 2 2 2 7 2 2 2 2 12 13 4 4 12 13 7 13 ,37
4 2 2 10 10 4 2 4 12 10 7 12 10 12 4 12 10 2 13 13 2 13 7 13 13 4 4 7 13 10 7 4 13 ,23
12 4 4 12 12 4 12 4 2 12 2 13 4 2 4 2 2 13 10 7 7 4 4 12 13 12 13 2 13 2 4 13 7 7 13 4 10 10 4 4 ,33
13 13 2 2 4 4 7 2 13 4 4 10 2 12 2 10 4 7 12 12 2 13 13 13 12 4 7 10 2 13 13 7 2 4 10 ,27
13 3 7 4 12 4 13 2 2 12 10 10 4 4 10 4 7 12 13 2 13 13 2 12 13 13 4 4 7 13 4 10 12 2 7 4 ,28
4 2 3 4 4 4 10 4 4 13 10 2 2 10 4 13 12 4 13 12 2 4 2 7 12 4 7 2 7 4 4 12 4 4 7 2 10 13 ,30
12 10 2 4 12 10 4 10 4 4 3 10 2 12 10 13 13 2 13 13 4 4 2 7 12 2 4 7 12 2 3 12 12 2 10 4 2 2 10 13 13 4 4 ,34
7 4 2 7 4 4 4 2 2 2 7 4 3 7 13 13 4 4 12 13 12 4 13 13 7 10 13 2 7 13 ,23
2 7 4 2 4 4 4 4 7 2 4 4 10 12 10 7 4 10 13 2 13 2 10 10 10 2 13 4 4 12 4 10 12 13 4 2 ,26
13 7 2 4 12 10 2 10 10 2 12 4 12 12 4 13 2 7 12 10 13 2 2 12 12 2 2 7 12 4 2 13 13 13 2 2 4 13 13 12 ,33
4 12 4 3 10 12 2 3 13 10 4 4 13 2 13 4 13 2 4 10 4 2 4 2 12 12 13 12 10 13 10 10 12 2 10 4 13 4 7 2 2 12 2 7 ,35
13 2 4 2 7 7 2 12 4 10 4 12 10 13 4 4 12 12 12 4 12 7 7 4 4 2 12 12 12 13 4 10 10 13 13 12 4 4 13 2 12 ,33
13 12 2 13 4 4 2 4 12 12 12 2 2 2 4 12 12 4 12 12 3 10 10 13 4 2 2 4 13 12 4 10 2 13 13 4 13 7 2 2 12 7 4 12 13 12 13 7 ,42
12 2 4 4 7 12 10 4 13 7 12 12 13 13 7 10 12 13 12 12 10 12 7 12 10 12 4 4 13 4 10 4 10 4 12 2 ,26
4 12 12 10 10 13 2 4 12 4 4 13 12 7 13 12 4 7 12 13 4 2 13 2 2 2 12 4 12 7 12 10 2 12 7 4 4 4 10 4 ,32
2 4 2 13 2 4 2 10 13 4 2 2 13 12 2 12 13 13 12 10 12 13 13 13 13 10 13 10 12 10 4 7 7 10 2 7 4 ,28
4 2 4 10 2 10 4 10 4 12 13 10 10 4 12 13 10 2 4 2 10 7 13 13 10 10 2 13 12 4 13 4 12 2 10 2 3 2 13 13 ,29
4 13 13 10 4 4 7 2 13 7 13 10 2 4 12 4 4 4 12 10 4 2 13 12 4 12 2 13 4 4 4 4 7 2 10 2 4 7 ,30
4 12 4 2 2 2 4 12 4 7 2 12 10 13 7 10 2 10 13 4 4 4 4 2 2 4 13 4 4 7 10 4 12 7 2 13 2 4 ,30
13 10 4 12 4 10 4 13 10 12 4 2 12 10 10 4 4 13 4 13 7 4 13 2 12 4 2 7 2 10 10 2 10 4 10 3 ,25
4 13 7 12 13 7 7 12 7 4 12 12 2 13 4 4 12 2 4 7 2 13 13 12 4 10 4 4 12 7 4 3 4 2 ,27
2 12 10 12 2 13 4 10 2 2 10 7 13 12 4 10 7 4 13 12 10 13 4 4 4 10 4 4 7 2 7 12 2 ,23
4 4 7 12 4 10 4 12 2 12 13 10 12 13 2 7 4 2 10 4 13 4 13 7 4 4 12 10 10 2 13 2 13 10 10 13 12 ,27
12 4 12 4 4 13 12 2 7 10 13 10 4 13 7 13 4 10 10 12 13 13 10 7 12 12 4 13 4 4 12 4 12 10 13 4 ,27
10 4 10 2 13 12 4 2 2 10 4 4 13 12 7 13 4 2 7 12 2 4 13 4 2 12 12 12 12 2 7 12 4 3 12 2 2 13 3 4 13 2 2 4 ,38
4 7 4 2 12 4 4 13 4 13 13 10 2 2 4 2 13 7 7 13 10 12 13 4 4 12 13 2 12 2 13 4 13 12 12 10 12 10 4 4 ,33
2 2 2 7 4 13 4 13 7 10 4 4 4 2 10 10 12 10 7 12 10 7 12 4 10 7 13 ,16
12 4 12 2 4 12 4 2 4 10 13 4 10 3 13 7 4 4 10 4 13 4 13 4 13 2 2 4 4 2 7 4 10 12 2 13 4 10 2 10 7 ,32
7 13 12 4 4 12 2 2 2 4 12 10 13 7 4 10 12 2 4 10 4 4 10 7 4 4 7 4 7 10 4 ,21
2 12 10 4 4 3 12 2 7 13 2 13 10 4 2 12 4 12 4 10 2 7 2 12 12 13 2 13 12 4 4 10 10 7 12 12 12 4 ,30
10 7 7 4 2 2 4 2 7 12 13 4 12 2 7 13 7 10 4 4 4 7 4 4 13 2 2 13 ,20
10 4 4 10 13 4 7 4 7 7 2 4 7 12 7 7 4 4 7 13 10 ,11
13 7 4 7 13 2 12 4 4 4 7 2 12 10 2 2 7 2 10 4 13 4 12 12 10 4 10 2 2 13 4 7 ,23
4 12 7 13 12 13 2 4 4 2 13 7 7 4 10 4 7 2 10 2 12 4 4 12 4 2 12 10 2 2 4 13 12 2 13 12 13 4 4 ,32
2 10 10 10 2 7 12 4 10 10 4 2 2 3 2 7 2 12 2 2 4 4 13 10 4 12 10 7 4 13 10 ,20
13 2 10 4 7 12 4 10 12 2 7 2 13 4 4 4 4 12 4 12 2 2 13 4 10 12 12 10 13 13 10 4 2 12 10 4 7 2 12 ,30
4 4 4 10 2 4 7 13 12 4 10 2 2 2 12 2 13 2 7 4 4 4 4 10 4 10 12 7 4 2 12 7 2 2 12 4 12 2 ,30
3 12 12 4 4 2 4 12 10 4 13 12 7 2 4 12 2 2 12 13 2 10 13 13 2 4 2 10 4 2 10 2 10 2 2 13 10 10 10 2 12 12 ,33
2 13 12 2 4 13 10 4 2 7 7 2 10 2 4 12 4 4 13 2 2 7 4 12 12 13 12 13 7 13 13 13 4 2 2 4 2 4 12 12 ,34
2 2 10 2 12 4 12 4 4 12 4 13 7 2 4 10 2 12 10 4 4 10 3 2 10 12 2 12 7 2 4 2 12 12 4 10 7 ,28
4 4 7 4 10 4 10 7 7 12 7 10 12 10 4 13 2 10 3 7 4 13 4 7 12 3 2 ,16
2 2 4 2 2 13 10 4 2 7 4 7 10 12 4 7 4 13 13 10 2 4 4 2 13 13 4 10 2 12 7 ,23
2 12 4 12 13 4 4 12 10 10 4 4 12 13 13 13 2 4 13 4 2 4 4 4 10 12 13 12 7 2 4 13 2 12 4 13 4 13 2 4 4 12 10 10 4 12 4 10 10 ,41
10 12 12 12 10 2 10 4 4 4 4 12 2 2 4 12 10 2 4 4 13 13 12 2 4 4 4 10 10 12 12 13 13 13 4 12 12 7 10 10 12 7 ,32
12 10 10 13 10 13 13 12 10 13 12 4 10 13 4 12 7 7 12 12 10 2 13 13 4 13 4 7 12 4 4 2 12 13 4 13 10 4 ,28
10 4 4 4 2 13 12 4 3 13 12 10 7 13 10 2 7 7 10 13 7 4 4 7 7 ,15
4 13 4 12 7 10 4 13 4 13 12 4 4 2 4 13 2 4 7 2 2 7 4 7 4 12 7 4 2 12 4 7 ,25
4 10 7 13 4 7 7 2 10 2 13 3 2 7 13 7 13 12 10 2 4 13 10 4 10 4 ,16
7 10 2 4 7 2 7 7 4 2 12 4 7 10 10 7 10 4 12 4 10 2 13 2 ,13
2 4 10 10 4 4 4 2 10 4 12 7 12 13 7 13 4 13 12 7 2 10 13 2 13 4 2 12 4 7 10 10 4 4 ,24
2 10 12 4 4 4 2 4 4 13 4 4 4 2 12 2 10 13 2 12 10 4 2 2 2 10 10 10 12 2 4 2 4 12 7 10 13 7 12 13 10 ,31
12 12 4 2 4 12 4 10 12 4 13 12 4 10 4 2 10 4 2 2 2 4 12 13 2 7 12 13 2 4 13 12 2 2 13 2 12 2 7 4 4 4 13 4 2 7 ,40
10 7 13 4 4 4 4 10 4 2 10 12 12 12 2 2 12 4 4 2 2 2 3 4 7 13 4 2 4 2 4 10 4 7 7 2 12 ,29
12 12 10 2 4 3 4 4 7 12 2 10 4 13 2 7 4 12 13 4 12 13 2 4 4 12 4 7 7 2 10 4 12 10 2 12 13 13 12 ,31
4 4 13 12 2 13 4 4 12 12 4 4 4 13 4 4 2 13 4 2 10 13 12 2 2 2 2 13 4 7 12 2 2 4 4 12 13 7 2 12 13 2 12 10 4 2 3 13 ,44
10 4 4 13 12 4 2 12 10 4 13 4 4 4 2 2 10 2 4 10 10 10 13 10 4 12 12 10 13 4 12 10 13 4 13 4 10 12 7 ,28
4 10 4 3 12 2 10 10 2 7 10 7 13 4 13 12 12 10 12 4 4 4 7 12 2 4 2 10 13 3 12 12 4 2 4 12 13 4 2 10 ,30
4 10 4 10 4 2 2 2 13 7 13 4 3 12 13 7 12 13 2 4 2 2 13 4 4 13 4 4 7 4 12 4 3 13 4 13 13 4 7 2 13 ,35
10 2 4 7 13 2 4 10 3 2 10 10 7 4 4 7 7 2 2 13 13 2 4 4 13 13 10 7 ,18
4 10 13 10 12 2 12 10 2 3 13 12 10 2 13 4 7 4 13 4 4 12 12 13 2 2 2 4 4 12 2 10 4 7 10 12 4 10 13 12 2 12 12 4 ,35
4 4 4 12 12 4 10 4 13 4 2 2 10 10 3 12 2 4 12 4 10 2 10 13 13 13 10 4 10 4 7 4 13 4 2 13 4 2 4 13 4 7 ,33
2 4 13 4 10 2 12 2 12 12 2 4 13 10 2 10 4 13 13 12 10 12 2 12 12 12 12 13 4 4 2 7 7 4 4 2 12 10 2 12 4 4 12 4 2 12 12 12 ,41
7 13 12 2 2 13 7 10 4 13 10 7 12 2 2 4 4 10 10 4 7 4 3 4 7 4 4 4 13 13 13 4 ,23
4 13 4 10 7 10 2 2 2 13 4 10 10 2 12 13 4 4 13 13 7 10 4 10 4 13 2 12 13 13 4 13 4 4 7 12 4 4 ,29
10 10 13 12 7 2 10 12 7 7 4 12 10 10 4 13 4 12 3 10 13 7 13 12 10 4 4 10 4 4 12 ,19
2 12 2 4 3 2 12 7 7 13 10 2 4 7 4 2 13 4 4 13 2 12 12 2 12 2 4 4 4 4 2 10 4 10 10 4 13 12 12 ,32
4 4 4 12 2 12 4 4 13 4 4 2 12 4 12 7 13 2 2 4 2 4 4 7 4 13 13 12 2 13 2 10 4 7 2 7 12 13 2 ,34
2 13 4 4 10 4 10 4 4 2 4 13 2 4 12 4 4 7 4 13 12 7 4 4 2 4 7 10 10 12 2 13 12 2 4 2 10 2 ,30
4 7 10 4 4 2 2 7 3 2 13 4 4 2 4 4 10 2 7 12 13 4 2 7 7 4 10 12 13 12 10 ,22
2 10 13 12 4 10 13 2 13 2 2 10 13 4 12 10 13 10 12 7 2 10 2 4 4 4 2 12 12 10 12 13 4 13 7 4 4 4 13 13 4 2 ,33
12 4 2 4 13 12 4 4 2 7 2 4 7 4 2 10 4 13 13 13 4 4 7 2 7 4 10 12 13 13 7 2 ,25
2 2 4 4 2 10 7 10 4 10 12 12 13 4 4 4 12 7 10 4 13 4 4 2 2 12 2 10 12 7 4 10 2 4 10 4 2 ,27
10 12 10 7 3 13 4 10 4 13 4 4 7 10 2 2 12 7 4 2 7 2 4 2 10 10 13 13 10 ,18
4 2 13 2 10 7 12 13 4 10 10 4 13 10 7 2 2 10 12 12 4 3 2 12 13 12 13 4 4 3 12 10 13 4 4 4 2 4 10 4 10 4 ,32
4 4 13 2 4 2 2 10 2 2 4 12 13 4 4 7 3 10 4 13 13 10 4 10 4 12 13 2 13 2 10 7 7 13 2 4 10 12 ,29
13 10 10 4 2 13 4 4 4 2 4 4 12 4 10 2 4 12 12 12 12 4 4 2 13 10 2 4 10 4 7 2 13 12 12 10 4 7 2 12 4 12 ,34
7 4 12 13 12 4 4 13 2 7 4 2 12 10 2 4 2 7 12 10 2 7 4 7 12 10 3 12 13 2 2 4 12 4 2 3 ,28
4 12 12 4 4 12 12 7 12 10 7 4 13 12 7 4 12 4 12 10 10 13 12 2 2 13 7 13 12 4 3 12 12 13 10 13 13 2 10 13 ,31
13 10 4 4 4 12 10 10 12 12 4 4 4 12 13 12 13 4 10 2 4 4 12 13 7 4 10 3 10 7 12 12 12 2 4 10 4 12 4 13 13 13 2 13 4 3 4 ,38
7 2 4 7 2 4 13 2 4 12 4 7 4 12 10 3 4 2 12 2 4 2 10 10 13 10 12 4 10 2 7 4 12 13 ,25
4 13 13 2 12 4 13 10 2 7 12 7 13 10 4 4 4 13 2 4 12 12 7 4 2 4 2 12 4 7 13 4 13 13 2 2 4 2 4 ,33
7 13 12 3 4 2 4 2 2 10 4 12 4 7 2 12 2 4 13 4 4 2 2 4 4 10 13 4 4 2 12 4 13 4 7 12 12 12 7 12 12 10 13 ,36
12 3 10 13 13 2 7 4 10 2 7 12 10 4 4 2 13 10 12 4 10 4 4 13 4 12 7 10 13 4 12 2 4 12 10 10 12 ,26
4 13 4 2 13 12 13 12 7 13 4 12 4 13 13 7 12 4 10 7 10 2 2 12 10 12 13 4 12 13 7 13 2 10 2 10 ,27
13 13 4 12 2 2 2 10 4 7 2 4 2 13 10 10 13 4 7 4 12 13 10 2 2 10 12 4 13 12 7 4 4 4 13 4 2 4 4 12 ,32
7 2 4 10 13 4 3 4 7 2 13 4 7 4 13 7 10 12 2 13 10 12 10 4 7 4 4 ,18
4 2 7 2 4 4 4 4 4 4 7 4 2 4 13 7 7 12 3 13 13 10 7 12 4 4 4 7 12 13 10 13 4 ,25
13 12 7 4 2 7 10 4 4 2 4 4 10 2 2 10 12 4 4 2 12 2 4 7 12 13 10 2 12 2 2 7 13 4 4 13 2 ,29
13 4 4 2 4 2 10 3 12 4 7 4 7 7 7 7 4 7 2 4 4 2 10 7 2 ,16
10 4 10 12 13 2 12 12 10 10 2 4 4 4 4 12 13 12 4 2 10 4 2 12 13 13 13 7 10 12 12 12 13 2 4 4 7 12 7 12 4 ,32
2 2 13 2 4 13 12 2 13 7 10 4 4 12 7 7 2 4 10 12 3 10 4 4 4 7 10 13 12 13 12 4 12 12 2 2 4 12 2 ,31
10 2 10 10 4 2 7 7 10 7 12 4 7 7 4 13 12 7 12 4 13 13 ,12
13 10 4 10 2 2 12 12 12 2 4 4 13 4 7 12 4 7 12 10 2 4 2 4 4 12 13 13 4 10 13 2 4 12 4 12 7 13 12 10 13 2 4 ,35
7 4 12 7 13 7 10 10 10 4 2 10 2 12 10 4 10 7 4 4 10 12 4 7 ,12
12 4 4 7 12 12 12 12 2 13 4 7 7 4 3 2 4 13 4 2 4 10 10 2 7 2 7 13 10 ,21
2 10 12 10 2 4 10 4 12 2 13 4 2 12 2 12 12 2 3 4 4 12 4 13 12 2 4 2 2 4 4 4 2 13 13 2 13 4 12 10 12 10 4 10 13 2 13 10 ,41
13 4 7 7 4 13 2 2 12 12 7 13 4 12 2 10 10 4 12 13 4 12 2 4 10 7 13 10 4 13 4 4 4 12 12 4 4 ,29
4 13 7 7 2 2 4 2 10 12 10 12 12 2 13 10 12 2 2 13 2 4 4 12 4 10 2 13 4 12 4 10 13 13 2 4 10 2 12 12 10 4 ,33
12 13 10 12 2 10 12 2 4 4 10 12 13 2 4 4 12 7 3 12 10 4 4 12 4 7 4 2 4 4 2 4 10 13 4 2 12 4 12 7 12 ,33
7 10 2 2 13 4 2 13 13 13 4 4 3 10 12 2 4 4 4 2 13 12 13 13 4 4 4 4 10 10 7 4 2 7 4 2 4 4 2 ,32
10 4 10 2 10 13 10 4 13 12 2 2 2 7 10 4 2 12 10 10 2 10 4 4 2 4 10 4 7 13 4 10 ,20
4 13 13 4 12 10 7 13 13 4 12 4 10 13 4 12 12 10 4 12 10 4 10 4 4 7 12 12 10 2 7 2 2 4 12 2 4 4 13 4 ,31
12 10 4 7 7 4 7 4 4 7 4 2 4 13 7 4 12 13 12 4 10 4 4 12 2 2 2 4 2 2 4 4 10 ,25
7 7 2 12 10 13 4 13 2 2 7 7 4 13 7 2 4 12 4 4 4 4 13 13 2 7 4 2 10 ,21
2 2 4 2 12 10 2 2 4 4 4 12 13 3 13 7 4 4 2 4 13 12 2 12 12 10 10 7 7 13 4 2 2 10 10 12 ,28
4 4 12 2 12 12 10 13 12 7 2 12 4 4 4 7 10 4 4 7 7 12 2 2 10 4 7 10 13 10 4 ,21
4 12 10 2 13 13 13 13 12 2 12 13 10 10 12 7 10 13 10 13 10 3 13 4 12 2 2 13 2 4 10 2 13 4 2 2 12 10 4 10 2 4 ,32
12 2 13 4 4 4 2 12 2 13 7 4 10 13 4 12 10 7 2 10 2 3 13 4 12 12 4 4 12 13 7 13 12 12 2 4 7 2 4 2 12 ,34
2 12 2 13 13 13 13 13 4 10 4 7 13 12 13 12 4 10 13 3 2 4 2 4 12 4 10 12 7 13 2 4 4 4 4 13 13 4 4 4 7 10 4 ,36
13 10 4 4 13 4 10 10 3 3 13 13 13 7 12 2 2 12 4 2 4 10 4 13 4 2 2 10 7 2 12 4 13 2 2 4 12 10 10 4 13 ,32
10 10 12 4 7 2 4 13 4 2 2 2 13 10 4 4 4 4 10 13 4 2 13 7 7 7 2 2 12 4 13 4 4 13 12 12 ,28
13 2 4 10 4 4 7 4 7 7 7 10 4 7 2 4 13 2 7 4 4 3 4 3 12 4 7 ,18
4 10 12 13 13 13 10 2 2 4 2 13 2 4 4 2 4 2 10 7 4 10 7 2 4 10 4 4 3 10 7 ,22
4 4 12 10 4 4 13 2 7 2 13 2 10 12 12 12 2 10 7 10 4 4 4 4 2 12 2 4 7 12 13 4 10 10 13 13 4 10 ,28
10 12 12 4 2 12 4 12 4 13 13 10 7 12 2 13 4 10 13 12 2 13 4 4 4 4 13 2 4 13 4 13 4 13 10 2 4 2 7 4 7 4 4 ,36
12 10 12 2 10 13 4 7 4 4 4 4 4 13 4 10 4 4 10 4 10 10 7 4 7 13 10 7 ,17
13 4 2 2 10 3 7 2 10 10 4 10 4 12 13 4 12 13 4 2 12 4 10 10 2 10 13 12 12 13 12 4 4 2 4 10 2 2 2 10 4 12 12 ,33
4 4 10 13 7 10 13 4 10 4 12 4 12 4 4 10 2 4 10 4 4 10 2 12 12 12 10 2 2 7 13 4 2 12 10 10 4 2 ,27
10 12 2 10 4 12 10 12 13 4 4 4 10 4 13 4 2 13 10 7 4 4 12 7 4 2 7 10 7 4 ,20
4 13 4 12 10 2 4 12 4 2 10 10 10 7 12 13 4 2 4 12 4 2 12 4 2 2 12 4 12 4 4 2 7 4 12 4 2 4 7 13 4 12 4 10 ,36
2 12 4 4 4 12 2 12 4 7 7 4 12 4 7 4 13 13 3 10 10 12 10 7 4 12 4 4 10 12 2 4 4 7 13 2 ,27
10 4 4 7 4 3 10 7 4 2 4 2 4 4 4 4 4 7 13 12 4 10 13 4 7 13 7 2 7 2 ,21
2 2 4 10 12 12 4 7 13 10 13 4 2 2 4 4 13 10 12 7 13 13 10 4 12 4 13 4 4 4 10 4 13 2 4 10 4 4 13 2 2 13 ,34
12 12 2 2 4 12 12 4 12 2 2 2 7 2 13 2 10 12 4 12 13 4 12 10 13 13 2 4 4 4 4 13 2 7 12 7 2 4 13 12 13 4 12 4 4 4 4 4 2 ,44
2 12 4 13 2 4 2 7 4 2 4 2 3 4 7 10 4 10 10 2 12 13 2 12 4 2 4 7 4 4 2 4 2 13 7 12 12 12 ,31
7 2 7 12 2 13 4 4 3 13 7 4 4 2 2 4 13 13 12 2 10 2 12 13 12 10 13 4 4 13 12 7 12 12 13 2 2 ,31
2 7 10 12 12 10 12 2 13 13 2 2 4 12 4 4 12 12 10 2 7 2 13 4 7 13 2 2 4 4 13 10 2 13 12 12 2 3 10 13 ,32
4 2 10 12 12 2 4 2 2 7 4 4 10 13 13 10 13 13 2 4 10 12 7 4 10 12 13 2 13 10 13 3 4 4 4 12 12 2 13 ,31
10 2 13 4 4 10 12 4 4 3 10 10 4 7 4 12 12 2 12 13 10 13 12 2 4 2 4 10 2 10 13 4 13 12 10 13 7 13 4 4 ,30
12 4 10 13 4 4 4 7 2 10 2 4 4 4 4 12 4 4 7 4 4 7 12 10 13 2 13 4 4 13 7 7 10 4 ,25
2 12 10 4 7 2 12 4 4 4 4 12 12 4 4 4 10 7 12 12 2 7 2 4 4 7 4 4 10 7 13 10 ,23
10 2 7 10 4 4 10 2 4 10 7 13 2 12 13 10 2 13 10 12 4 2 4 4 7 2 10 12 4 10 2 ,20
4 10 4 4 7 13 13 12 2 2 3 2 7 4 10 13 13 2 2 12 10 7 4 12 4 13 4 12 10 4 4 10 7 2 ,25
2 3 2 13 2 13 13 13 4 4 13 4 13 2 10 4 13 4 7 2 10 4 7 2 2 10 12 7 10 13 12 7 4 ,25
2 13 10 12 10 4 13 4 10 2 13 12 2 13 7 7 2 7 7 7 2 4 7 13 2 4 4 ,18
4 4 4 10 12 10 10 4 4 10 10 2 4 13 4 4 10 12 2 7 12 4 13 7 2 7 7 13 2 2 2 ,21
4 3 4 13 4 10 7 4 2 4 4 13 2 2 13 2 13 13 13 10 10 12 2 10 10 12 4 13 13 12 10 10 10 12 13 2 4 4 4 12 2 13 ,33
2 4 4 4 13 13 10 10 4 12 12 4 10 10 4 4 2 2 12 2 12 12 4 12 4 12 4 13 12 4 13 3 7 4 10 13 2 4 2 13 12 4 10 4 7 4 2 ,39
4 10 13 10 2 4 4 4 3 13 4 4 13 10 7 4 7 10 13 3 12 4 4 2 12 2 2 2 2 4 7 2 4 4 7 2 ,28
10 7 3 2 12 12 12 2 12 2 7 4 12 2 13 12 4 4 2 13 4 10 4 4 13 10 7 13 13 7 2 10 4 10 4 ,26
3 12 10 7 13 2 4 2 4 10 2 4 13 13 12 2 12 10 4 4 12 2 4 4 7 2 10 4 2 12 13 13 4 2 4 10 10 7 2 ,30
12 12 4 12 10 12 3 13 12 10 12 10 4 2 10 13 10 13 4 4 2 4 13 13 2 12 13 12 10 7 12 13 13 3 4 2 13 2 13 13 12 4 10 2 4 13 13 2 ,40
12 12 2 10 7 10 4 4 13 13 4 13 7 4 13 2 10 13 12 2 4 4 12 4 13 10 4 4 2 2 12 12 12 4 7 7 10 ,28
13 10 13 10 13 12 10 4 13 10 13 10 13 4 2 13 4 4 4 13 4 12 7 12 7 2 4 10 13 2 2 12 13 4 12 12 12 4 4 3 12 13 12 2 ,36
2 13 12 10 4 2 7 3 12 4 2 4 7 4 12 7 10 4 2 4 7 4 4 10 12 10 2 4 4 4 13 10 10 4 12 ,25
7 4 4 12 13 10 13 10 4 4 2 4 2 13 12 12 4 4 12 10 10 4 13 4 13 2 4 7 2 4 13 4 4 4 12 2 13 13 4 4 12 4 7 ,36
2 10 10 13 10 4 3 10 12 4 12 7 4 10 4 13 12 12 4 4 4 3 4 7 12 4 2 12 7 4 13 13 2 10 12 4 4 10 4 12 ,30
4 4 10 2 13 2 4 13 4 12 2 13 4 2 12 7 4 13 4 12 2 10 4 12 13 10 2 2 4 4 12 12 13 2 13 10 4 4 10 2 10 12 7 4 ,36
3 2 2 4 13 2 10 4 10 12 13 4 13 13 7 12 2 13 4 4 12 4 10 12 12 10 3 12 13 4 10 4 12 10 10 13 7 2 2 10 13 ,31
13 4 10 10 4 12 7 7 10 12 12 13 4 2 4 2 4 2 13 7 4 12 4 13 10 2 3 13 4 10 13 13 7 4 ,25
2 4 13 4 4 4 13 4 4 10 2 2 2 4 10 13 13 4 12 2 2 13 4 4 10 10 7 12 13 7 2 4 10 13 12 12 10 7 ,29
10 2 12 2 10 2 2 4 10 7 4 13 13 10 4 13 10 4 13 12 12 10 12 4 10 4 13 2 13 12 2 10 13 4 13 4 12 2 4 4 2 ,32
13 2 2 2 10 13 4 12 4 12 4 13 4 2 13 7 4 13 10 4 10 12 10 7 13 10 3 10 4 10 4 4 7 13 2 ,25
12 12 12 4 12 2 4 4 7 7 13 2 7 4 10 10 10 12 4 4 2 4 4 2 12 2 2 4 4 7 12 4 7 2 4 4 2 ,29
4 13 12 3 4 13 2 13 7 4 10 12 12 4 10 4 10 2 4 4 7 12 13 4 4 4 4 12 7 10 7 4 12 4 13 2 4 ,29
4 4 12 13 2 12 4 12 2 13 4 10 7 7 4 10 7 13 2 4 2 13 13 4 13 12 4 2 4 2 12 13 4 4 4 10 4 4 7 4 ,33
12 2 12 4 10 2 12 12 2 4 4 4 2 4 2 7 13 7 3 4 2 2 2 10 4 2 4 12 2 4 2 4 4 4 2 4 4 10 4 10 12 12 10 13 13 12 4 13 ,41
13 2 13 4 12 7 10 2 10 4 10 12 7 12 10 2 4 13 13 13 3 4 13 2 4 2 12 2 13 2 7 4 13 13 10 13 3 4 2 ,31
2 3 12 7 4 4 12 4 13 4 2 12 7 2 4 4 7 2 2 4 2 2 13 2 7 10 12 7 4 10 12 4 ,25
13 13 12 12 12 2 4 4 4 12 10 2 13 4 7 13 10 2 2 10 7 10 7 12 10 13 13 12 13 2 4 13 7 13 ,25
2 4 7 12 12 2 4 13 4 10 12 10 13 4 2 2 7 2 4 10 4 7 7 3 13 4 7 12 12 12 4 10 ,23
13 10 12 7 2 4 4 2 7 4 2 4 4 10 10 4 7 10 4 7 4 13 2 13 4 13 7 ,18
4 4 12 13 2 12 7 12 4 7 4 2 4 2 7 4 13 4 13 12 12 13 2 2 4 7 2 13 7 2 12 10 2 12 10 ,28
2 10 4 10 12 10 2 7 12 13 12 10 2 10 4 4 10 2 12 12 2 12 2 12 12 4 4 4 13 4 4 12 12 2 13 13 12 12 4 10 4 3 2 2 13 10 13 4 ,39
13 4 2 12 4 7 12 13 13 13 12 10 2 7 4 13 2 13 2 10 13 10 2 2 10 13 10 4 4 13 10 12 12 2 4 12 13 4 10 12 ,31
13 4 10 13 10 12 2 13 3 2 2 7 2 10 12 4 2 7 4 10 12 10 13 4 12 7 12 12 2 2 10 4 4 12 2 2 4 12 12 ,30
4 12 7 12 12 2 4 7 12 2 4 4 10 4 13 12 10 2 13 12 10 13 2 2 2 12 7 4 2 7 4 2 2 12 13 7 ,28
13 10 13 12 2 12 4 12 4 4 12 13 2 13 4 4 4 12 3 12 4 12 2 13 12 13 4 4 10 4 10 2 7 2 12 13 13 13 12 10 7 4 12 7 12 4 ,39
4 13 10 2 4 10 2 2 2 12 10 2 12 12 12 7 10 13 13 7 4 4 13 13 12 2 2 7 13 12 13 12 4 4 10 2 13 12 4 ,31
4 4 2 7 3 10 12 12 4 4 12 4 13 2 12 4 10 7 7 4 4 13 13 10 10 4 4 13 4 10 12 4 4 4 4 2 10 ,28
12 12 4 12 12 2 2 4 4 4 4 4 10 13 7 13 2 12 10 12 4 4 4 13 4 13 13 12 10 2 4 4 10 2 12 2 7 2 7 13 2 10 12 ,35
4 4 4 13 7 4 4 4 4 7 4 13 7 2 4 13 13 10 7 7 2 7 10 2 4 2 3 10 4 ,20
7 2 4 13 10 4 7 4 13 2 12 2 2 4 12 10 10 12 4 7 7 7 13 4 10 2 4 2 13 12 13 4 ,23
7 10 7 10 12 4 4 4 4 4 2 2 7 4 12 13 10 10 2 2 4 2 10 12 4 7 12 10 12 4 10 ,20
4 4 2 2 2 2 10 7 13 2 4 7 13 10 13 13 13 7 12 12 12 4 2 4 13 10 4 13 12 12 4 4 7 12 12 12 4 13 2 2 ,33
12 7 10 2 7 7 2 12 7 3 4 12 2 12 2 2 4 12 4 10 2 13 4 13 10 13 2 7 10 4 ,21
2 4 4 4 7 13 10 12 4 4 13 4 13 13 2 13 4 7 4 10 2 4 4 7 10 13 7 10 2 7 4 12 ,23
2 10 2 10 4 4 2 2 7 13 13 13 10 4 12 13 13 4 7 4 4 13 4 12 2 13 2 4 4 10 7 4 2 4 7 ,27
12 7 2 2 4 13 7 4 4 2 4 4 13 12 12 2 7 10 2 2 7 4 4 13 10 4 12 4 10 13 13 4 13 4 4 12 ,29
4 4 7 7 4 10 4 2 4 4 12 10 13 12 13 2 12 13 2 4 4 10 10 4 13 10 4 4 10 4 12 10 12 13 12 4 10 10 ,27
13 10 4 4 7 4 10 13 10 12 13 7 13 4 3 10 4 13 13 10 3 2 4 7 12 2 2 12 13 12 10 10 4 12 12 2 ,26
7 12 4 4 10 13 7 4 4 12 2 7 2 2 4 4 10 12 7 4 4 4 10 13 2 4 10 13 10 2 2 4 12 13 13 4 12 ,28
4 7 2 10 13 10 2 2 13 4 12 13 10 12 10 7 4 4 2 4 4 4 12 12 10 4 13 12 4 13 12 2 7 10 2 4 12 13 2 2 3 ,32
12 10 2 4 10 4 12 7 10 4 12 7 4 4 12 12 4 2 4 12 2 13 13 13 4 13 2 2 10 4 4 13 10 7 2 13 12 10 4 12 ,31
4 4 12 2 10 13 3 13 12 2 7 10 2 10 13 10 13 10 7 2 13 4 12 4 12 4 12 12 4 4 12 4 10 10 2 2 10 13 10 ,28
10 10 10 13 4 4 13 2 10 4 12 12 10 13 12 7 2 4 10 4 4 12 4 13 7 2 12 10 10 4 2 4 7 ,22
13 2 12 13 4 7 4 12 12 4 4 4 2 12 4 4 2 4 13 7 7 4 4 13 4 2 4 2 13 10 4 4 2 10 2 13 10 7 2 ,32
2 12 2 2 2 13 2 7 13 2 13 13 4 4 2 4 13 12 4 13 13 2 12 10 12 2 10 12 4 13 7 10 4 7 12 10 13 10 12 ,31
4 13 4 2 2 2 2 12 4 2 12 12 13 4 12 12 13 2 4 4 4 7 4 13 2 10 13 4 10 13 2 2 7 12 12 4 13 4 12 7 7 4 4 ,37
4 4 4 7 7 4 12 4 2 4 4 10 13 10 4 2 2 4 4 13 4 10 4 2 7 2 13 2 4 2 2 10 13 2 10 4 12 4 ,30
4 2 12 2 12 7 4 10 2 12 12 2 4 7 4 2 12 4 12 4 13 7 10 4 4 2 2 12 2 7 7 2 2 10 2 ,27
2 10 13 7 3 12 4 12 13 7 10 12 4 12 12 4 2 12 13 13 4 12 4 2 12 4 4 13 4 12 2 4 4 2 13 10 13 2 4 4 12 4 2 13 7 2 ,40
4 4 7 13 10 13 10 2 7 7 2 2 4 3 13 12 4 10 10 12 7 4 4 4 2 2 2 10 10 13 ,20
4 4 10 10 4 4 13 2 4 7 10 7 2 7 13 10 10 10 2 4 12 2 13 2 4 4 4 4 7 4 4 12 4 4 ,24
4 7 13 12 2 4 12 10 4 13 10 10 4 7 10 10 7 12 2 4 13 4 7 10 4 2 12 10 10 2 ,18
13 4 2 3 2 12 4 7 12 7 4 2 12 2 4 10 12 4 12 12 2 7 10 13 2 2 13 10 4 12 4 12 2 7 12 7 ,28
3 7 10 13 4 3 2 4 13 12 13 10 13 7 12 4 4 10 4 4 4 7 2 7 4 4 2 2 13 12 10 10 10 2 12 ,25
10 12 12 13 12 12 4 2 13 4 12 13 12 2 12 7 13 7 13 12 10 13 2 4 10 13 13 2 13 2 10 4 12 12 12 2 10 12 2 4 4 2 2 10 ,36
12 4 4 10 7 10 7 12 13 2 4 12 4 12 2 7 10 12 2 4 12 4 2 13 4 2 13 7 10 4 4 7 4 12 4 ,26
10 10 2 2 4 4 7 12 12 4 13 13 7 13 4 12 3 4 13 10 2 13 4 4 12 13 13 13 12 2 10 3 10 13 13 4 4 2 7 13 4 2 ,34
7 2 4 13 13 10 13 12 12 13 12 12 10 2 2 13 13 12 3 4 10 12 2 12 12 10 4 4 12 2 12 2 10 2 4 2 13 10 2 12 10 4 4 2 10 13 ,37
12 12 13 2 12 2 13 4 4 10 4 2 4 10 7 12 13 4 2 4 13 4 4 13 13 2 4 4 12 2 13 4 4 3 13 12 4 7 7 13 7 4 12 ,37
10 10 7 12 13 4 10 13 10 2 12 4 12 4 12 2 10 10 13 13 2 2 12 4 13 2 4 4 7 2 4 13 4 12 4 4 2 13 4 2 ,32
13 2 13 2 13 12 4 7 2 12 10 13 2 7 10 4 4 13 12 12 12 13 2 12 10 13 2 13 13 4 4 4 2 4 12 2 13 13 10 10 12 ,34
2 4 4 7 7 4 2 4 12 3 4 4 2 12 10 13 4 4 13 7 13 10 3 2 7 4 10 13 7 12 10 10 ,22
