4 4 13 2 4 12 4 7 2 12 12 7 7 13 2 4 13 10 12 10 13 4 4 4 2 13 12 2 4 13 2 4 4 13 4 4 2 2 7 13 12 4 2 4 4 10 4 4 12 2 ,226.0
10 2 10 4 3 2 10 13 12 2 4 10 12 12 13 10 7 10 12 12 13 13 4 10 4 10 3 7 12 2 13 2 7 7 4 13 4 4 12 2 10 2 12 2 13 13 13 13 13 2 ,238.0
7 4 4 4 7 7 10 7 4 2 13 2 2 7 10 10 13 10 13 13 2 12 12 4 2 12 4 7 12 10 7 13 2 12 2 4 2 10 10 10 12 4 4 2 13 12 4 7 10 13 ,219.0
12 2 4 12 7 2 13 10 10 7 7 13 13 13 13 12 2 2 12 10 12 2 13 2 2 10 10 12 2 2 2 7 2 13 7 10 10 13 13 4 10 2 4 2 12 4 2 2 13 12 ,240.0
13 4 4 13 4 4 4 12 7 12 2 4 13 2 12 12 4 10 7 4 13 12 10 10 12 2 10 7 10 4 2 7 13 12 4 2 12 13 4 13 10 4 4 3 4 10 13 2 13 10 ,224.0
10 7 10 2 2 13 4 13 13 13 10 10 7 4 4 12 2 10 4 13 10 13 2 7 10 4 4 2 12 13 2 2 13 2 12 13 13 4 12 4 2 10 4 10 2 2 13 12 10 13 ,235.0
4 10 10 12 4 4 10 4 10 13 2 2 4 12 13 2 13 13 2 13 13 4 12 13 2 12 13 4 13 12 4 12 13 4 12 7 4 4 2 4 13 12 10 7 2 13 2 10 10 4 ,247.0
12 2 7 4 2 2 10 4 4 4 12 10 13 3 12 4 10 13 4 2 12 2 4 12 10 4 4 13 2 4 12 13 12 10 2 2 2 10 10 10 10 7 10 4 13 2 4 10 10 12 ,232.0
2 12 12 4 2 12 13 10 13 12 4 13 4 7 12 4 13 2 4 10 13 4 10 4 2 10 10 2 4 13 7 12 4 13 12 4 13 2 2 13 13 10 7 13 4 2 10 12 2 7 ,263.0
13 13 2 7 13 10 10 4 13 4 12 4 2 13 3 2 13 13 10 2 4 10 10 10 4 7 4 13 12 2 4 7 12 10 13 10 12 4 10 12 4 2 13 4 4 2 12 2 2 13 ,247.0
10 10 13 7 2 13 10 7 4 4 10 4 4 4 13 2 13 10 13 4 13 10 12 4 12 12 13 7 7 13 13 4 10 12 7 10 13 7 4 4 10 4 13 4 13 10 2 10 12 13 ,233.0
2 13 10 4 12 12 10 12 4 13 7 12 13 13 10 4 2 12 7 13 12 4 4 13 10 13 13 12 4 10 10 10 4 12 13 2 12 12 10 13 2 7 2 2 10 12 7 10 4 2 ,249.0
3 7 2 12 4 12 12 4 13 4 4 13 12 10 12 12 10 4 13 7 7 13 4 7 13 10 13 12 10 12 13 12 12 12 13 2 2 2 4 2 12 4 12 7 2 2 4 13 10 12 ,259.0
13 12 13 13 2 4 12 13 2 7 7 7 2 2 2 4 4 2 4 2 4 2 4 12 4 12 4 12 2 12 10 10 13 12 13 7 4 12 13 12 10 13 4 13 2 10 10 7 10 12 ,258.0
2 10 3 13 2 2 4 7 12 4 12 10 13 4 10 2 10 10 13 13 4 2 13 12 12 4 4 10 7 2 2 13 12 13 4 12 2 4 13 13 12 7 12 10 7 4 2 4 13 10 ,239.0
2 13 12 4 4 12 4 4 4 13 7 12 12 13 2 12 4 12 13 2 4 2 2 12 4 2 2 4 2 4 7 7 2 13 12 4 4 12 7 13 12 10 2 10 12 13 13 2 12 12 ,249.0
4 4 2 13 4 2 4 2 10 13 13 2 13 10 4 7 2 2 2 4 13 10 2 13 13 4 13 12 4 12 2 2 4 12 13 13 13 2 4 10 13 4 10 10 10 13 10 2 10 2 ,262.0
4 12 4 2 4 10 13 10 12 13 10 10 13 7 3 13 2 12 13 4 2 4 4 2 13 10 12 4 12 7 2 12 12 13 2 2 12 10 4 7 2 4 10 13 7 12 10 12 2 13 ,217.0
4 7 12 10 13 4 2 2 13 4 7 3 10 12 4 4 2 10 2 10 12 4 4 2 13 10 2 12 4 13 4 4 7 12 13 2 4 13 13 7 12 4 2 4 4 10 7 13 4 4 ,248.0
13 2 7 2 2 12 2 10 12 10 12 12 13 10 12 4 4 10 13 4 12 7 12 10 12 4 7 13 2 13 4 4 10 12 13 7 10 13 2 4 7 2 7 2 10 4 12 2 12 12 ,242.0
10 7 12 13 12 10 10 4 13 4 13 4 10 7 4 4 10 3 2 12 12 12 2 7 7 2 4 10 4 10 2 10 10 7 13 12 13 10 2 2 2 2 4 13 12 12 10 13 2 7 ,229.0
13 12 4 4 13 4 4 4 2 13 12 12 12 12 13 2 4 7 10 10 4 12 12 7 10 2 10 4 4 4 10 12 12 13 10 13 2 4 7 13 12 7 4 10 2 12 4 12 2 12 ,220.0
2 10 12 12 2 10 2 2 2 4 2 13 4 4 13 2 12 4 12 13 2 2 2 2 12 2 12 12 13 13 13 4 7 7 10 7 13 13 10 7 2 12 10 2 13 12 12 2 2 10 ,275.0
2 4 10 10 12 7 10 10 2 4 2 7 7 2 4 2 7 4 7 4 4 7 7 4 7 13 2 10 2 4 10 2 3 12 12 12 13 2 7 4 12 2 7 4 4 2 2 7 13 4 ,225.0
2 12 4 10 4 2 13 13 12 12 2 4 4 12 3 10 10 4 7 13 2 4 7 13 12 2 2 12 2 10 10 4 10 13 13 2 4 13 13 2 10 7 4 7 13 3 13 4 12 13 ,255.0
4 2 2 7 10 4 13 13 3 4 4 7 2 2 13 13 12 13 4 12 10 10 13 7 12 13 13 10 7 4 13 4 13 2 7 10 10 4 13 12 4 12 10 4 10 10 12 2 12 12 ,236.0
4 2 2 12 13 12 12 10 4 12 2 10 4 12 4 10 2 12 2 13 12 13 12 4 2 10 4 12 4 10 7 4 4 2 10 4 4 4 12 4 13 10 2 2 12 4 7 2 10 10 ,267.0
7 12 12 2 2 7 2 12 2 12 12 10 12 13 13 4 7 12 4 12 13 4 13 12 4 4 13 2 10 13 12 4 10 4 4 10 10 2 12 4 12 12 2 7 7 12 10 7 4 12 ,262.0
7 2 2 2 4 4 2 13 12 4 4 10 12 12 13 2 12 10 3 10 12 10 13 4 4 4 2 10 4 12 2 4 12 13 10 13 7 4 2 12 7 12 7 13 12 12 13 2 4 2 ,262.0
7 10 2 10 13 3 4 2 4 4 3 2 13 13 10 4 13 12 13 13 10 10 12 2 10 4 13 10 7 12 2 2 2 2 10 12 10 2 12 7 10 12 7 7 4 12 2 13 10 2 ,226.0
7 13 2 4 12 12 2 13 7 10 2 7 13 4 12 2 4 4 4 4 10 2 10 4 13 13 10 10 7 2 10 2 2 13 2 3 4 10 13 10 12 2 12 2 2 4 4 4 2 4 ,234.0
10 2 7 12 13 4 4 7 4 7 12 12 2 10 13 7 10 10 10 4 2 4 4 12 12 10 12 13 4 2 10 12 12 3 7 2 4 13 2 13 2 2 10 4 10 13 10 12 10 10 ,227.0
10 12 12 10 13 4 12 13 12 10 2 4 2 7 7 12 4 2 4 2 13 2 12 4 2 10 4 13 2 10 2 12 4 7 4 13 2 4 12 12 4 13 4 4 12 7 10 7 12 13 ,249.0
2 4 4 7 4 4 10 7 4 2 10 4 10 13 12 13 4 12 13 2 13 4 2 7 10 7 2 2 10 4 12 13 10 3 7 12 2 4 13 12 7 12 4 10 13 7 4 4 2 13 ,229.0
12 4 12 2 7 12 13 10 3 13 4 12 13 10 4 4 12 4 13 2 13 7 4 12 12 13 10 10 4 7 4 13 10 12 12 4 7 2 10 13 13 12 4 13 10 4 13 2 10 2 ,228.0
4 13 4 10 13 7 10 12 12 7 12 4 4 12 13 13 12 3 4 10 4 10 13 2 7 2 12 4 13 4 13 13 13 10 12 13 2 2 12 12 13 10 7 2 4 10 10 4 7 7 ,239.0
4 2 13 10 12 4 10 12 7 7 7 13 12 10 2 12 10 12 10 4 13 10 13 12 12 13 2 12 2 12 2 12 13 4 10 13 4 12 4 13 13 7 10 2 4 4 4 2 2 13 ,262.0
4 2 12 13 2 12 2 4 12 2 10 4 4 3 12 13 2 10 13 4 2 7 10 4 10 4 12 10 12 13 4 13 12 12 2 13 13 4 4 12 13 4 4 7 12 7 2 12 10 10 ,235.0
12 10 4 12 12 10 13 10 10 2 2 7 2 2 10 2 13 4 4 13 2 4 12 4 4 4 13 4 7 4 2 12 13 12 10 10 13 2 7 12 2 4 12 4 7 2 2 12 4 13 ,233.0
2 4 2 10 10 10 10 2 4 4 12 2 12 13 2 4 4 4 12 10 13 13 13 4 12 12 13 7 4 7 10 13 12 2 7 7 10 7 12 2 10 12 2 4 13 12 4 13 2 12 ,244.0
12 13 4 10 10 2 10 13 13 4 13 7 4 10 12 13 4 4 2 13 2 2 7 12 2 13 13 10 4 10 4 4 7 10 13 10 2 12 12 3 2 12 4 13 2 2 2 2 12 2 ,253.0
12 10 10 13 10 4 2 12 13 13 2 2 12 13 7 4 13 2 10 10 12 13 4 2 13 13 2 4 4 12 2 10 10 2 2 13 13 7 13 4 10 4 4 4 4 10 2 12 13 12 ,239.0
4 7 13 7 2 13 10 7 4 10 4 7 13 12 12 4 12 4 12 7 12 4 13 4 10 2 4 4 13 2 2 13 7 2 2 13 10 10 2 12 12 13 12 4 7 4 13 10 2 12 ,245.0
4 12 10 7 12 13 7 2 2 4 12 10 4 7 4 7 4 2 7 13 2 10 13 13 4 12 7 13 2 12 2 4 10 13 7 12 2 4 4 10 4 12 10 12 7 2 10 7 2 2 ,230.0
10 10 10 12 4 10 7 4 4 10 7 2 4 7 4 7 13 12 2 13 7 2 13 12 13 2 12 13 7 4 2 2 13 4 13 10 13 13 12 7 13 2 4 7 2 10 7 10 7 10 ,232.0
12 12 12 10 4 4 2 2 2 12 12 13 12 4 4 2 2 2 13 10 13 13 4 2 4 4 4 4 10 13 10 10 10 10 12 12 4 12 2 13 2 7 12 4 12 13 7 7 12 2 ,252.0
2 2 2 4 13 13 10 13 10 12 13 12 12 13 7 12 12 7 4 2 7 4 12 4 2 2 2 10 12 12 2 12 13 2 13 4 13 4 2 10 13 4 7 4 12 12 13 7 2 4 ,235.0
10 10 4 12 10 2 7 12 10 3 7 12 10 4 2 10 2 10 4 10 10 13 12 4 12 4 2 10 12 7 2 13 10 4 12 13 12 12 12 7 12 12 7 13 12 13 13 13 2 2 ,244.0
13 4 10 7 13 12 2 13 4 10 2 4 7 2 2 2 4 13 7 4 12 10 7 13 4 7 2 10 12 12 4 10 12 10 10 4 4 10 7 7 13 7 4 13 12 2 10 13 2 4 ,227.0
4 10 7 7 2 12 12 4 10 4 13 13 2 13 4 2 4 4 12 13 10 10 4 12 2 13 10 12 10 12 2 13 12 2 13 2 2 13 12 4 13 4 2 12 12 10 4 12 13 12 ,237.0
10 4 2 4 13 2 13 13 4 4 13 10 2 2 10 10 10 2 2 2 10 10 12 12 10 12 3 4 4 2 10 2 10 4 2 13 4 12 12 12 4 12 2 12 2 2 12 12 4 10 ,251.0
4 4 13 10 13 2 2 2 13 2 10 7 4 2 13 10 13 12 10 7 7 4 2 4 4 12 4 7 10 10 12 2 12 13 4 2 2 12 12 10 13 12 12 2 4 4 13 7 10 13 ,232.0
10 13 10 7 2 12 2 13 12 13 2 4 10 2 13 2 2 7 12 4 12 13 7 2 2 7 13 2 12 12 2 4 2 13 2 10 12 10 2 10 4 10 13 12 4 4 13 10 13 12 ,244.0
12 7 4 12 4 2 13 2 13 10 2 4 7 12 12 13 13 4 2 13 7 12 2 4 2 13 4 12 2 10 10 4 13 10 3 13 7 4 12 10 12 13 2 13 7 2 13 2 13 12 ,239.0
10 12 10 2 2 13 4 3 13 12 13 4 4 7 10 4 2 12 4 4 12 13 4 7 2 12 13 2 4 7 2 13 13 12 10 12 12 12 4 13 4 2 2 10 13 13 7 2 10 12 ,257.0
12 13 13 12 10 4 12 2 7 13 10 13 12 7 12 13 12 13 13 4 13 4 2 10 12 7 2 4 2 10 10 4 4 10 12 10 12 10 4 12 7 12 12 12 13 2 10 13 2 12 ,257.0
4 7 13 12 4 4 12 7 2 7 4 10 10 4 12 2 3 10 12 12 13 10 12 12 4 13 7 10 7 13 13 13 2 12 2 13 13 2 13 2 12 10 2 12 12 2 13 3 12 13 ,242.0
4 2 13 4 12 2 10 4 13 12 10 13 4 12 12 2 7 4 12 4 12 10 3 4 12 13 13 13 4 10 10 7 7 4 10 10 10 4 12 2 10 7 10 10 13 2 7 12 13 13 ,231.0
7 12 12 2 13 7 10 10 10 4 4 2 3 4 12 2 13 4 7 12 2 13 12 10 12 12 12 10 2 4 4 10 2 10 2 2 10 13 7 4 7 4 13 4 10 4 2 12 13 13 ,227.0
10 7 2 13 12 13 12 4 7 10 13 4 12 7 7 4 10 13 12 13 4 12 12 2 13 4 13 4 4 2 12 10 2 4 2 2 12 10 12 2 13 4 12 4 2 4 13 13 7 10 ,226.0
7 4 13 4 10 10 13 10 13 4 4 12 13 7 7 12 4 10 4 2 13 2 13 4 10 2 13 2 4 10 2 12 2 4 10 13 2 4 4 4 12 12 12 12 10 2 2 12 13 2 ,250.0
12 12 13 12 7 2 13 13 3 4 4 10 13 10 4 4 2 13 2 7 7 12 7 10 12 10 7 7 12 12 2 10 10 10 10 13 4 2 7 2 10 4 2 2 3 7 4 12 7 2 ,233.0
13 13 4 4 10 2 4 12 7 2 10 4 12 2 2 2 10 4 4 4 4 7 13 13 10 2 4 10 4 7 4 7 12 13 13 10 10 4 12 4 10 10 2 7 7 10 12 2 10 12 ,223.0
12 13 2 12 2 4 10 12 4 10 10 10 13 4 2 13 12 4 12 12 13 12 13 12 10 4 12 13 13 4 10 2 13 13 4 7 12 10 2 4 4 2 7 12 7 10 7 4 2 10 ,251.0
2 7 13 12 12 12 13 2 12 12 13 2 12 2 12 7 7 4 7 4 12 12 12 2 13 12 13 4 10 10 7 7 13 2 13 13 13 13 10 2 4 13 7 4 7 13 4 4 2 2 ,246.0
4 10 7 4 13 13 4 4 13 12 4 4 7 2 10 13 4 4 10 13 10 10 2 2 12 4 4 2 7 10 10 7 12 4 12 12 12 7 12 13 2 7 7 10 2 3 2 10 12 2 ,252.0
12 12 4 10 3 7 10 12 13 10 4 2 13 13 4 10 4 10 13 12 7 7 13 7 13 13 12 4 13 7 12 13 10 4 7 4 4 12 13 13 4 2 4 4 7 7 4 12 10 12 ,239.0
2 12 4 2 4 13 13 10 7 12 4 4 10 10 4 3 10 2 2 13 10 2 13 4 4 3 4 12 13 2 4 4 2 2 13 12 2 12 12 10 13 2 10 12 13 13 13 12 12 4 ,268.0
12 12 13 13 13 12 4 2 7 13 2 12 7 10 7 2 2 10 4 10 12 13 12 7 7 7 7 13 4 2 4 12 2 2 13 12 4 2 4 2 10 10 13 10 10 7 2 13 10 7 ,224.0
4 10 7 2 7 2 13 2 2 4 13 12 2 2 4 2 12 4 2 13 4 2 7 13 12 2 13 7 7 13 12 13 4 7 4 4 7 4 10 13 13 4 13 12 13 2 4 4 2 12 ,236.0
4 10 7 4 4 2 7 4 7 12 10 13 2 12 10 4 10 7 13 4 7 4 4 7 4 4 10 2 12 12 4 4 4 4 7 13 4 2 12 2 13 13 10 2 2 10 10 2 12 4 ,227.0
4 10 4 12 13 13 2 4 13 10 4 13 10 4 4 13 12 4 12 12 13 13 12 2 12 4 12 2 13 10 3 13 4 13 7 13 13 4 10 2 12 4 4 7 12 4 13 12 13 4 ,258.0
12 7 4 4 2 12 12 10 10 7 12 12 12 13 13 13 2 13 12 4 12 7 4 12 4 13 4 13 4 7 12 13 2 10 4 2 4 7 12 13 12 4 12 13 2 2 3 12 10 7 ,230.0
13 12 4 7 2 2 4 2 2 12 4 4 7 4 7 10 7 10 4 12 10 2 12 13 12 2 12 2 10 2 10 13 2 2 10 7 4 7 12 13 13 4 4 2 13 7 2 4 13 13 ,225.0
2 10 13 2 2 2 13 4 2 2 4 13 13 4 2 12 2 4 4 2 13 4 2 2 4 2 2 2 13 12 7 13 4 12 4 13 12 13 12 12 13 12 4 12 12 12 12 2 12 4 ,245.0
4 12 2 10 3 4 2 13 10 10 13 13 2 2 13 4 12 10 4 4 12 2 12 13 4 10 12 13 4 12 4 2 12 13 13 7 7 2 12 2 7 13 2 10 4 2 12 12 7 2 ,242.0
7 12 12 2 13 10 13 10 7 7 4 12 13 12 4 2 12 13 10 12 10 2 13 13 2 2 13 2 10 10 4 2 4 12 13 4 13 4 10 12 13 4 13 13 7 4 7 10 12 13 ,237.0
12 7 12 10 4 2 10 10 4 4 13 12 4 13 3 12 4 13 10 2 13 10 4 10 13 12 12 4 13 12 4 10 12 4 10 2 13 12 13 2 12 12 10 4 10 12 13 4 10 12 ,247.0
10 10 12 12 4 10 10 4 13 4 13 2 2 7 12 2 2 7 10 13 13 12 10 2 7 13 13 13 12 13 4 12 12 10 2 2 12 2 12 13 12 4 4 7 2 4 13 2 12 12 ,239.0
7 12 13 4 12 7 13 7 12 4 13 4 4 4 12 2 12 2 13 2 4 4 10 4 4 10 13 12 12 2 2 10 4 10 2 13 13 10 12 2 4 4 13 10 2 13 4 4 10 2 ,239.0
4 10 10 4 12 4 7 2 7 13 2 2 2 7 7 4 4 12 13 2 12 12 7 4 12 13 4 4 7 12 12 12 13 2 12 10 4 13 4 7 13 2 2 4 2 13 4 4 4 12 ,240.0
10 10 10 10 7 10 4 2 12 2 10 13 10 12 4 2 13 2 4 12 7 2 10 2 12 7 12 7 4 12 2 10 13 4 13 10 10 10 12 12 4 10 7 13 7 10 12 13 10 12 ,232.0
2 4 10 13 2 2 2 4 13 10 7 7 12 4 4 13 4 10 3 7 13 12 10 2 12 2 13 10 12 12 12 2 2 4 13 13 4 12 10 2 7 2 10 12 7 10 10 13 12 7 ,240.0
13 12 4 10 10 4 2 2 10 12 4 13 2 12 7 4 4 13 12 12 2 2 4 12 4 12 10 10 2 12 2 2 12 13 13 10 12 13 4 13 7 2 13 4 2 13 10 4 7 10 ,233.0
10 12 13 13 2 4 12 13 10 12 12 12 2 7 7 7 2 10 10 13 4 4 4 12 4 12 2 2 12 10 12 4 12 2 2 12 7 4 2 4 4 13 7 13 10 7 13 2 10 13 ,240.0
13 12 13 10 12 4 2 2 7 12 12 13 13 4 13 13 12 12 10 2 4 12 7 12 2 12 4 4 12 10 10 7 10 13 10 13 4 4 4 13 10 4 13 4 4 2 4 4 12 2 ,235.0
13 2 7 12 12 13 12 10 10 7 4 7 7 4 7 12 12 13 2 2 10 10 12 10 13 12 2 7 7 13 13 13 12 13 4 13 7 13 2 4 10 12 2 4 7 13 13 2 3 2 ,241.0
4 7 13 3 4 7 4 7 10 2 7 12 12 10 12 13 13 2 13 10 4 2 13 2 12 4 2 7 4 2 12 12 7 2 13 4 4 13 12 4 12 10 2 7 4 12 12 12 12 10 ,235.0
12 12 7 7 10 4 2 7 12 13 12 4 12 10 4 7 2 2 2 4 10 13 4 13 2 7 10 4 4 4 13 12 7 4 4 4 13 10 4 10 4 12 2 2 12 10 10 2 2 13 ,239.0
4 12 2 12 13 4 13 10 12 2 10 10 2 12 10 10 7 4 10 13 12 10 13 10 12 4 13 2 12 2 4 2 13 12 4 12 10 2 2 13 4 2 10 2 2 13 13 4 4 4 ,242.0
2 12 7 2 2 13 4 10 10 12 7 7 7 4 10 13 12 13 4 12 13 12 12 2 10 12 10 12 2 4 12 13 4 4 2 13 2 2 4 12 4 12 4 12 7 13 2 10 2 3 ,255.0
13 7 7 10 4 4 4 4 12 2 12 7 12 2 12 12 2 12 12 12 13 12 13 10 4 7 7 12 13 10 13 10 7 13 13 4 12 13 10 10 13 12 4 2 4 12 13 2 7 4 ,242.0
13 4 2 7 13 4 12 12 4 10 2 10 2 2 4 4 12 13 12 4 10 13 3 4 10 10 2 12 4 2 7 4 10 12 4 13 2 13 4 13 2 7 13 4 12 2 4 4 4 13 ,241.0
4 10 3 4 4 13 13 7 7 12 13 13 4 12 4 13 2 4 4 4 10 4 10 10 4 13 13 12 4 13 13 4 12 10 2 13 7 2 2 2 2 10 4 7 10 2 2 4 7 10 ,245.0
2 12 12 2 13 2 4 4 13 13 10 13 12 2 4 12 2 4 4 2 13 13 12 7 4 13 10 2 12 7 13 10 12 12 13 2 4 4 10 13 4 10 4 2 7 10 12 2 4 13 ,239.0
12 2 2 10 10 12 10 13 7 2 13 10 12 12 12 12 2 2 7 4 4 4 2 10 12 2 10 4 4 10 12 4 12 13 4 10 7 4 13 7 4 7 7 2 7 10 10 12 12 12 ,224.0
10 2 10 4 4 13 2 7 7 4 4 12 12 2 4 12 7 10 2 7 2 4 4 10 12 13 2 4 4 10 2 4 10 12 4 7 10 13 13 13 12 12 7 12 4 13 2 2 10 7 ,237.0
4 4 13 4 4 2 12 4 13 2 10 2 13 12 2 7 4 13 2 4 2 10 2 2 12 12 10 13 10 7 10 2 7 13 13 12 10 4 10 10 2 2 12 2 2 10 13 10 2 7 ,236.0
4 4 4 2 13 12 12 10 3 4 13 13 12 12 2 4 13 10 2 12 12 2 13 7 7 7 13 13 12 12 12 13 4 7 12 13 2 7 2 2 13 4 13 4 4 7 4 12 7 2 ,239.0
13 4 4 13 12 12 12 10 12 10 13 10 12 12 2 10 13 12 12 12 2 12 12 2 4 10 13 12 10 10 12 12 13 12 10 2 4 4 2 3 2 4 7 2 13 12 4 2 2 4 ,252.0
10 4 13 13 7 4 12 13 10 12 7 13 2 13 2 13 4 2 7 4 10 7 12 13 4 10 2 13 4 12 13 2 13 4 2 13 4 12 10 2 13 4 10 12 12 13 12 2 2 13 ,247.0
2 12 7 13 4 10 2 2 13 7 12 7 2 13 12 7 4 10 2 10 13 7 7 4 13 4 4 13 10 4 4 2 12 10 13 13 2 2 13 12 2 12 12 13 10 4 4 4 12 13 ,244.0
3 2 13 10 12 10 7 4 4 7 2 4 7 10 12 13 10 2 4 4 13 12 4 12 13 4 4 10 2 2 7 10 12 4 10 13 10 10 12 13 12 2 4 12 10 13 12 2 2 13 ,229.0
7 4 13 3 2 12 4 2 12 13 10 10 4 4 13 12 13 4 13 4 4 12 4 12 4 7 10 7 13 10 7 10 4 12 13 10 13 10 12 7 4 10 13 10 2 10 13 10 7 4 ,249.0
10 12 13 13 4 7 12 4 4 4 2 4 4 12 13 4 2 13 4 12 2 13 4 12 12 10 2 12 2 4 13 7 12 13 10 2 10 2 13 12 4 10 10 12 2 13 13 13 4 13 ,267.0
2 12 13 2 4 4 7 4 12 10 13 12 10 12 4 4 2 12 2 2 13 2 10 13 7 4 2 2 4 10 13 13 12 10 12 13 2 12 2 3 13 13 12 4 2 2 7 12 12 7 ,248.0
7 4 2 4 4 10 13 12 7 4 13 12 12 12 4 13 12 13 7 4 4 12 2 7 10 4 4 13 7 13 2 10 3 10 4 10 2 12 2 2 2 12 12 13 7 4 2 12 2 2 ,231.0
13 2 2 2 10 2 4 4 12 4 10 4 2 10 10 12 10 4 10 10 13 10 13 12 4 12 12 13 10 12 7 10 7 4 4 2 12 13 10 4 13 4 10 7 4 12 7 7 2 4 ,217.0
13 10 13 12 13 4 13 2 10 4 10 13 13 2 4 10 2 4 10 7 2 4 12 10 4 10 10 4 4 4 12 10 13 12 2 12 4 2 4 4 12 2 12 2 12 7 4 12 10 12 ,235.0
13 10 10 12 13 13 12 2 4 12 13 2 2 2 13 12 4 7 13 3 7 12 10 12 2 2 7 4 2 10 12 4 2 4 13 10 10 2 13 7 4 13 4 12 12 12 12 4 12 4 ,255.0
13 10 7 4 12 10 7 10 13 12 4 2 4 2 2 7 2 12 7 2 2 10 7 12 2 7 7 2 7 13 12 10 12 12 12 12 7 7 2 13 10 4 2 12 2 10 10 4 4 13 ,227.0
7 4 4 4 10 4 7 2 10 13 4 10 4 12 12 13 13 10 7 12 12 2 4 4 10 12 12 13 7 2 4 2 2 12 4 13 7 2 10 12 12 13 12 12 13 13 12 13 13 2 ,238.0
12 10 10 13 2 12 13 7 2 13 13 13 12 12 4 13 4 10 2 4 12 12 4 12 7 13 7 10 12 4 4 2 2 10 4 2 12 13 7 12 3 4 4 13 10 13 13 13 4 10 ,256.0
4 4 12 10 7 10 4 12 10 12 13 7 2 12 10 2 10 10 12 2 12 13 7 13 2 2 10 2 10 13 10 12 12 4 2 13 12 7 12 12 10 12 12 3 12 2 13 10 4 13 ,237.0
7 2 13 10 13 13 13 12 4 4 4 12 4 12 4 4 4 13 7 13 4 12 12 13 7 4 4 2 10 2 12 13 2 4 7 4 13 4 12 2 12 7 12 4 4 2 12 2 4 10 ,229.0
2 13 7 4 2 13 13 10 4 12 2 12 10 7 4 7 2 4 12 4 4 12 12 13 4 12 10 12 13 2 2 2 7 4 2 12 13 12 13 10 2 3 13 10 13 2 10 12 7 4 ,249.0
13 10 12 10 10 7 2 2 10 3 12 13 10 2 13 2 4 4 10 4 2 7 4 7 2 13 7 2 12 12 4 12 4 10 4 4 10 10 12 10 13 7 7 10 13 7 12 2 10 13 ,217.0
12 13 13 10 4 4 13 4 2 2 2 13 4 10 4 13 7 12 4 10 7 10 2 10 10 2 2 12 12 7 7 4 12 13 12 13 2 4 13 10 7 4 4 4 4 2 4 4 13 10 ,218.0
4 10 12 12 13 10 4 3 10 10 10 10 12 3 2 13 13 2 12 4 2 7 13 12 12 4 7 12 10 2 2 7 12 7 12 7 2 12 10 12 13 12 4 4 7 13 2 7 2 4 ,232.0
2 10 10 13 4 2 12 7 13 2 12 13 2 2 13 2 12 10 13 12 4 2 2 4 4 4 10 2 13 12 12 13 13 4 10 12 12 7 13 13 10 10 13 4 2 10 7 12 7 10 ,231.0
4 7 2 13 10 2 12 12 12 7 2 4 10 12 4 4 4 4 2 10 2 2 3 12 10 2 2 4 12 7 10 7 7 7 4 13 4 10 10 3 13 12 12 7 4 2 13 13 13 10 ,239.0
13 4 12 13 2 10 12 4 4 12 10 4 2 7 7 10 4 12 12 13 12 13 10 13 10 13 10 4 12 12 12 12 4 12 13 4 10 12 12 13 12 2 2 12 10 4 7 2 13 10 ,250.0
12 13 13 7 4 2 2 2 12 12 7 4 10 10 13 13 7 4 4 13 13 4 10 10 12 13 2 7 4 10 10 4 4 10 4 4 12 7 10 12 13 13 12 12 2 13 10 2 12 12 ,243.0
2 4 4 13 10 7 7 2 10 12 13 10 4 10 12 12 2 12 2 10 13 2 4 12 13 4 7 2 13 2 4 13 2 4 4 10 2 7 12 12 7 10 12 2 4 2 2 2 7 4 ,232.0
13 13 10 4 10 13 7 4 13 2 7 12 13 10 2 12 4 2 12 2 2 2 4 12 12 13 3 2 7 13 13 12 10 12 10 10 7 10 10 13 12 12 2 13 13 4 2 7 4 4 ,246.0
2 13 10 2 13 7 2 2 13 10 10 12 12 13 2 10 7 2 12 12 2 2 4 4 12 4 2 12 7 10 7 10 10 13 12 12 10 4 10 4 4 4 7 10 13 2 13 13 12 10 ,233.0
10 2 2 13 12 4 2 2 13 12 4 7 13 12 12 2 10 12 12 2 10 12 2 13 13 4 7 2 12 7 13 13 4 10 10 13 13 10 2 13 4 4 2 12 13 2 10 7 13 7 ,267.0
13 12 2 4 12 13 10 12 2 2 13 2 12 2 4 12 12 4 13 12 4 10 12 7 4 4 12 4 2 13 12 4 12 2 13 7 4 12 7 10 12 12 12 13 4 4 13 4 4 2 ,254.0
4 10 4 4 4 7 7 7 13 13 2 2 12 4 12 10 13 2 13 4 10 10 7 4 2 2 10 4 4 4 12 10 7 2 4 13 12 7 7 7 12 12 13 13 13 4 2 12 2 10 ,213.0
12 13 13 4 12 2 7 2 12 2 10 13 2 12 13 4 7 2 7 4 13 13 4 13 2 13 4 12 2 2 10 13 2 2 7 2 2 2 12 2 10 13 10 13 4 12 4 10 12 12 ,252.0
12 12 2 13 4 10 12 4 7 2 4 12 13 12 2 2 10 4 2 13 4 12 7 2 12 4 2 4 3 4 2 10 13 4 2 4 10 12 7 7 12 13 12 12 13 4 12 13 13 2 ,236.0
12 12 12 13 4 4 7 2 2 10 10 12 4 10 13 10 12 13 2 4 2 7 13 2 13 7 4 4 12 2 4 2 12 13 4 2 12 12 10 10 12 13 10 2 12 2 13 2 10 10 ,241.0
7 4 7 4 7 4 13 12 12 13 4 4 10 10 2 2 7 10 2 10 4 12 10 13 13 7 7 2 4 13 13 10 4 13 2 12 13 13 13 13 2 4 4 13 7 10 7 7 13 2 ,234.0
4 13 10 7 2 4 2 7 2 10 10 12 2 4 4 2 13 7 10 4 4 4 10 2 4 2 4 13 12 4 4 13 7 2 7 7 12 12 12 7 7 13 13 4 12 12 4 2 12 13 ,236.0
13 12 2 4 4 12 10 7 7 4 12 10 3 13 12 4 4 10 12 12 12 2 13 13 2 4 4 10 7 13 12 7 13 4 10 12 12 12 7 4 2 7 4 2 12 4 2 10 2 13 ,243.0
2 4 13 13 4 2 10 10 4 13 12 13 10 12 12 7 7 2 13 2 4 2 2 12 12 4 13 10 12 4 10 2 12 2 12 4 13 12 7 2 12 10 12 7 4 12 10 7 7 4 ,254.0
2 12 3 13 13 13 10 13 4 13 12 2 2 13 10 2 13 13 2 2 12 12 12 13 4 12 4 2 2 2 12 10 13 4 4 4 10 2 4 2 4 2 12 13 2 10 7 4 12 13 ,248.0
4 2 12 2 4 12 4 13 2 4 10 7 7 10 4 4 2 12 13 10 4 4 2 10 3 4 10 13 4 7 12 10 7 12 4 2 12 4 13 12 13 12 10 12 13 13 2 13 12 4 ,240.0
7 13 7 4 7 10 13 10 13 13 13 10 12 12 4 4 7 12 10 12 12 13 4 12 4 2 2 7 12 4 12 12 4 13 2 13 13 2 13 13 10 2 3 12 4 10 7 12 10 4 ,231.0
2 10 2 4 4 13 2 12 13 12 10 13 3 2 13 2 4 7 4 4 7 2 10 13 13 12 12 4 7 10 2 2 2 13 12 12 2 13 7 4 12 4 10 12 10 13 13 7 13 7 ,259.0
2 4 2 4 13 7 7 12 12 10 2 13 13 10 7 2 4 13 4 7 2 4 13 7 12 4 10 12 13 10 13 7 10 13 12 4 7 2 2 2 12 13 13 13 12 13 10 13 13 4 ,250.0
10 2 13 13 2 13 12 10 13 13 4 12 2 2 7 2 13 7 4 10 13 4 2 12 2 13 10 4 7 13 2 4 10 4 13 13 4 12 12 2 2 7 13 7 4 2 12 12 2 2 ,241.0
12 2 13 7 2 12 4 2 10 2 10 7 12 7 4 12 13 13 10 12 10 10 2 12 4 12 13 3 12 13 12 13 7 4 13 12 13 12 4 7 13 4 10 12 12 2 13 4 2 12 ,240.0
13 4 4 2 4 7 12 13 2 13 12 12 7 4 7 10 2 7 12 12 7 7 13 13 2 12 2 12 12 10 13 2 10 13 2 3 2 7 7 13 4 7 10 4 13 10 13 10 12 10 ,234.0
10 7 2 7 4 4 10 12 13 10 2 13 12 13 4 2 2 2 10 4 12 10 12 10 13 7 4 7 13 10 10 7 4 2 12 7 10 13 2 10 7 4 2 7 4 12 4 7 4 2 ,237.0
10 4 2 10 12 13 13 2 4 10 4 2 4 4 2 10 12 13 2 4 4 4 7 10 7 7 13 2 2 10 4 2 4 2 4 10 13 12 10 13 10 4 4 13 4 2 10 2 12 13 ,240.0
2 10 12 2 4 12 2 13 2 13 4 7 10 12 3 4 13 10 10 4 4 13 13 2 2 10 13 12 13 2 4 2 2 7 10 10 4 4 7 2 10 7 12 2 4 12 12 4 2 13 ,249.0
4 12 10 10 12 13 12 2 13 12 2 12 13 2 4 12 7 12 7 12 10 2 10 2 13 12 4 12 7 13 2 13 13 4 10 7 10 12 12 13 13 13 10 2 13 2 2 4 4 4 ,237.0
2 13 3 13 12 4 12 2 13 7 4 2 12 12 2 4 7 13 4 13 2 10 12 10 12 4 12 4 4 13 4 7 4 4 7 4 2 4 7 4 12 13 2 12 10 7 4 2 13 2 ,254.0
2 12 12 10 2 13 7 4 7 4 2 4 13 7 2 4 2 13 2 4 2 7 13 12 12 7 4 4 12 12 13 10 12 10 13 13 12 2 7 13 12 12 12 12 3 10 2 12 4 4 ,255.0
12 12 2 12 4 10 2 4 13 12 2 2 13 4 7 2 4 13 10 12 7 13 13 3 2 12 4 7 13 2 4 2 13 13 4 10 10 4 12 10 13 10 10 4 13 12 13 4 4 10 ,271.0
4 10 12 2 2 7 12 7 4 4 13 4 12 7 13 2 4 13 10 12 10 10 2 4 12 12 7 4 12 7 7 3 4 12 4 10 2 10 10 4 4 2 12 4 13 12 2 12 2 13 ,234.0
13 13 4 13 4 4 10 4 4 2 10 12 13 4 10 4 2 13 12 2 12 4 12 7 13 7 2 12 12 10 7 13 13 13 2 2 12 2 13 13 12 4 2 13 2 13 12 13 10 10 ,254.0
4 2 10 13 4 12 7 12 12 13 4 7 4 2 13 13 7 12 12 7 12 13 10 7 12 10 2 13 12 2 4 13 13 2 12 10 13 12 12 13 2 13 13 12 12 13 7 10 7 12 ,258.0
2 12 2 2 10 13 12 2 13 7 10 4 13 7 7 7 2 4 4 12 13 2 4 10 2 12 7 10 13 13 7 13 2 4 4 13 4 13 7 2 7 13 2 2 7 12 13 10 10 12 ,229.0
4 7 2 10 4 12 10 4 13 13 12 13 12 13 4 2 10 13 7 12 4 4 10 13 7 13 12 10 10 12 4 7 12 2 13 10 13 4 4 3 2 2 4 4 10 2 2 10 2 2 ,241.0
2 2 13 12 12 7 10 13 10 12 13 12 13 12 13 10 4 13 4 13 2 7 12 7 2 13 10 4 2 7 2 12 2 13 13 2 12 12 12 13 10 13 4 12 10 13 2 2 4 13 ,250.0
13 12 13 2 4 7 12 7 13 2 13 2 10 10 2 10 4 13 13 4 13 2 2 10 10 4 12 2 12 12 3 4 13 7 10 4 7 13 12 2 4 4 2 10 2 4 4 12 4 2 ,233.0
13 10 10 12 4 10 4 4 2 12 12 2 13 2 10 10 2 13 10 10 4 13 4 7 12 10 12 12 2 10 4 2 4 2 13 2 3 2 7 4 4 2 10 10 10 7 13 2 2 13 ,232.0
10 12 10 13 13 4 12 12 2 4 4 12 10 10 13 7 10 2 7 12 4 10 13 13 12 13 4 13 12 4 12 13 13 2 4 10 13 2 13 4 13 10 2 7 7 4 10 4 4 2 ,244.0
4 12 10 13 7 12 7 12 12 13 10 10 2 13 10 7 13 10 13 4 7 12 13 12 2 12 2 4 13 13 13 4 13 10 12 2 13 13 12 4 2 10 12 2 7 12 12 2 4 4 ,246.0
12 7 7 2 12 10 7 2 12 13 12 2 13 13 13 12 2 10 13 12 4 12 7 4 12 4 2 13 4 13 4 13 2 4 4 4 12 2 4 4 4 7 4 12 7 13 4 12 7 4 ,241.0
4 10 12 13 4 4 12 2 12 2 10 12 4 2 12 10 4 7 4 10 12 2 13 13 2 12 13 12 12 12 4 4 7 4 7 13 10 7 2 12 2 7 13 4 10 2 10 12 2 2 ,248.0
10 7 12 2 13 2 13 4 4 12 2 4 12 4 2 2 4 4 4 12 4 12 4 10 10 12 4 7 13 2 13 12 2 12 4 10 4 12 13 4 7 4 12 7 12 2 7 12 13 4 ,244.0
3 2 10 12 2 2 10 10 7 4 2 4 4 10 4 12 12 2 13 2 4 12 12 13 4 2 13 4 10 7 13 2 4 13 10 4 13 13 4 4 2 13 4 4 12 12 2 4 2 12 ,240.0
10 12 2 10 10 7 7 12 4 13 4 10 4 10 12 10 2 10 4 7 7 2 2 13 4 4 2 7 13 4 12 12 12 4 13 13 10 13 12 4 2 2 10 2 4 12 12 2 10 2 ,250.0
7 12 4 13 13 7 2 13 13 2 12 10 2 10 4 13 13 2 12 12 7 12 2 12 10 12 2 7 12 4 7 4 13 12 2 2 12 7 13 2 10 2 4 4 12 4 12 12 12 13 ,248.0
13 13 12 12 13 13 7 12 2 10 13 4 4 13 12 10 13 7 13 13 10 12 3 4 13 13 2 2 2 7 13 2 12 12 4 7 13 2 4 12 12 4 10 2 4 4 10 3 4 13 ,263.0
12 12 12 2 7 12 10 12 12 2 12 4 12 10 2 4 7 10 4 2 7 10 12 7 10 7 13 7 13 10 7 7 12 12 13 10 4 7 2 10 7 2 12 13 12 2 7 12 4 7 ,247.0
13 10 12 12 13 7 10 12 4 13 4 4 7 4 10 10 4 4 4 13 13 13 7 2 12 4 7 12 10 4 12 10 4 7 4 10 12 10 2 10 10 12 2 7 10 4 4 12 12 4 ,221.0
2 13 2 2 3 10 13 12 13 4 4 4 2 10 4 12 2 4 4 10 12 4 7 12 2 10 2 4 7 4 4 13 7 10 4 10 4 2 2 13 4 10 2 2 7 2 2 2 13 10 ,229.0
13 4 13 12 2 10 10 4 2 13 12 7 10 13 2 4 12 2 13 12 10 4 13 10 4 13 12 12 4 4 2 7 7 12 13 4 12 2 2 4 12 7 12 13 4 2 4 13 13 7 ,249.0
10 2 10 10 13 10 13 12 10 2 13 10 10 4 2 4 12 10 7 2 10 2 2 7 4 4 13 4 4 10 2 13 10 4 2 13 13 4 7 12 4 2 10 13 2 7 7 10 7 13 ,225.0
12 4 12 4 3 4 4 13 2 2 7 10 12 2 4 10 12 4 10 12 13 7 7 12 13 7 12 4 12 2 7 4 2 10 12 4 13 2 4 13 13 7 2 4 2 10 13 13 12 12 ,240.0
13 4 2 10 12 13 7 10 4 12 7 13 2 12 4 13 13 12 12 2 10 13 4 12 13 13 12 13 13 4 4 2 2 2 12 7 12 4 7 4 2 2 13 13 2 13 2 12 7 12 ,271.0
7 13 13 4 4 4 12 4 10 7 10 10 10 4 13 10 10 7 12 13 2 10 4 7 10 2 10 2 10 12 13 10 2 13 10 13 10 13 3 4 2 2 13 4 4 7 10 4 7 12 ,238.0
2 2 12 10 12 2 4 13 10 13 4 12 2 4 7 13 12 4 13 10 12 13 10 2 10 2 4 13 13 13 13 4 2 12 12 12 4 2 7 12 10 13 13 4 2 4 3 13 7 4 ,262.0
10 12 13 7 7 4 13 13 2 13 12 4 2 7 12 7 2 2 4 10 12 4 13 2 4 2 13 4 4 10 2 4 12 10 7 2 13 4 2 4 7 13 12 2 13 4 4 7 4 12 ,226.0
12 4 12 12 13 3 2 12 4 4 12 10 2 4 4 10 4 10 4 13 4 13 7 2 12 13 2 13 4 13 2 2 7 13 13 7 13 13 13 4 12 2 12 13 10 10 2 12 4 13 ,255.0
13 4 12 12 2 2 13 2 13 7 4 7 4 4 4 12 12 12 13 10 4 13 7 4 2 10 2 10 7 4 13 13 10 10 2 10 7 13 2 2 13 4 4 2 12 2 2 2 13 2 ,227.0
4 2 13 2 13 4 12 10 7 12 12 13 13 7 4 2 12 4 7 12 12 13 7 10 12 7 2 4 10 2 13 10 12 2 10 13 13 10 13 12 7 2 2 2 10 2 10 4 13 4 ,235.0
2 12 10 10 2 4 2 4 13 7 13 12 12 4 13 2 7 12 2 13 7 13 12 10 10 12 12 10 4 12 13 13 10 2 4 2 7 10 12 10 10 2 10 2 12 12 12 4 2 13 ,263.0
12 13 12 13 12 2 10 13 4 2 13 4 2 4 2 2 10 10 13 13 13 7 12 4 2 2 10 4 2 12 12 13 12 2 12 10 13 10 13 4 4 13 7 12 10 2 10 4 12 7 ,266.0
13 12 2 10 4 2 4 7 12 2 4 3 10 4 12 13 2 4 10 2 10 10 13 13 4 2 10 10 12 4 13 13 4 13 10 12 2 12 10 12 7 12 2 13 4 10 10 12 10 4 ,234.0
4 2 10 13 12 12 4 7 3 2 13 4 12 12 2 2 10 10 2 12 4 12 7 4 12 7 4 2 12 13 7 13 12 4 4 13 2 12 12 4 12 2 2 2 2 4 4 13 12 10 ,248.0
2 13 13 13 2 7 12 12 12 12 10 4 4 4 4 2 4 2 7 4 2 7 12 2 10 12 7 2 10 2 13 2 12 10 2 12 13 4 2 7 10 12 7 2 12 2 4 2 2 7 ,229.0
10 12 2 7 4 13 2 4 2 2 4 13 2 10 12 10 13 13 3 10 4 10 12 4 12 2 12 4 13 12 7 10 7 13 12 12 12 2 2 12 12 2 7 13 13 12 13 4 10 12 ,271.0
12 7 2 2 12 12 12 4 4 4 13 12 13 13 12 13 4 7 2 12 10 4 2 13 13 2 13 13 4 12 12 4 7 10 7 4 13 12 12 4 12 2 13 10 2 13 4 12 10 13 ,249.0
13 13 2 4 2 10 12 12 13 13 2 2 2 10 13 12 13 13 12 13 12 2 2 2 2 2 10 12 4 7 10 2 13 2 12 13 2 4 12 7 2 4 4 2 7 13 12 4 4 12 ,261.0
4 10 2 2 12 7 10 4 13 4 2 10 13 13 10 7 13 7 2 4 4 12 2 13 10 10 2 7 4 12 4 4 12 10 12 13 4 12 2 12 12 2 4 13 12 7 2 2 10 7 ,217.0
4 13 13 2 12 13 12 4 13 13 2 13 2 12 13 7 7 4 10 10 4 7 2 12 3 7 13 12 4 2 2 2 7 10 2 10 2 12 12 13 10 13 2 4 2 12 13 2 10 13 ,254.0
2 2 10 12 10 13 10 4 12 7 2 7 3 2 2 13 12 2 4 12 10 2 7 10 2 13 4 13 2 4 7 10 13 2 12 13 7 12 13 4 13 12 4 12 2 13 3 4 10 2 ,240.0
13 13 2 13 4 10 10 10 4 2 13 13 2 7 4 4 13 2 13 13 10 12 12 12 12 12 10 13 7 12 4 13 4 2 7 10 7 12 10 12 2 13 12 13 2 3 2 12 4 2 ,256.0
2 2 7 10 12 12 12 12 13 4 2 12 13 7 2 12 12 7 4 7 13 4 10 13 2 10 13 2 2 2 2 7 2 4 12 4 2 10 12 2 4 12 4 4 13 2 7 2 12 13 ,236.0
2 7 10 12 10 12 4 13 12 13 4 2 7 13 4 10 13 13 2 13 13 2 10 10 7 13 2 13 2 2 12 13 4 7 12 2 12 2 12 13 2 12 12 7 2 12 2 4 10 12 ,248.0
2 13 7 10 4 12 2 3 4 4 4 13 2 13 2 4 7 10 2 12 4 13 12 4 7 12 12 12 10 4 13 12 3 2 12 4 4 12 13 13 12 13 2 4 7 4 4 10 7 2 ,271.0
10 2 2 10 13 13 7 10 2 10 10 10 4 13 13 12 10 13 12 7 2 4 12 4 12 10 2 4 4 13 10 12 12 7 2 12 2 7 12 13 12 7 4 13 13 2 12 7 2 4 ,248.0
4 12 13 2 4 10 13 12 2 4 12 12 12 12 7 12 12 7 2 7 4 2 12 12 12 7 10 2 10 10 13 12 7 10 2 2 7 2 13 10 12 4 7 10 12 12 2 7 13 13 ,242.0
13 12 7 12 4 13 13 4 12 4 7 12 2 4 13 12 2 4 10 12 12 4 4 12 7 10 13 13 10 13 12 3 12 4 4 13 2 13 10 4 4 12 13 10 10 10 12 2 4 4 ,233.0
4 10 4 4 10 4 4 2 2 2 7 4 10 12 12 2 10 13 10 2 7 13 12 7 4 7 12 10 12 7 2 4 10 13 13 2 4 4 2 2 2 12 4 4 4 2 2 4 7 7 ,208.0
4 2 4 13 4 12 7 4 12 13 10 13 2 4 7 4 13 2 2 10 4 7 12 7 4 10 10 13 12 12 2 4 12 7 4 4 13 10 10 7 12 10 2 13 10 4 4 12 12 13 ,233.0
2 4 4 2 13 12 4 12 13 2 13 4 12 2 10 13 4 13 12 13 7 4 2 4 2 2 4 10 13 13 13 7 10 13 12 4 4 2 4 10 13 12 13 10 12 7 7 13 12 4 ,239.0
12 12 4 12 10 13 13 13 12 10 4 12 13 12 2 4 2 12 4 2 4 2 13 4 12 4 12 12 4 4 13 13 12 2 12 10 13 7 4 12 10 4 10 2 2 2 13 4 10 2 ,248.0
12 12 2 4 12 13 13 2 13 4 4 2 10 7 12 12 2 12 12 13 10 2 7 12 12 7 10 13 12 10 12 10 2 7 12 7 4 4 2 2 2 7 12 2 12 13 12 12 12 4 ,246.0
7 12 2 12 13 10 4 2 10 4 10 13 10 2 4 13 10 12 12 13 12 2 12 12 12 12 13 13 4 4 10 2 4 4 2 7 12 4 12 4 4 2 4 12 13 3 2 7 12 12 ,231.0
10 10 2 13 13 4 2 12 2 4 10 13 2 12 7 10 10 13 13 2 4 13 13 12 12 4 4 13 4 13 10 2 2 2 4 12 13 12 12 7 10 12 12 4 12 12 4 2 2 13 ,269.0
2 2 4 7 10 10 4 10 4 4 13 2 12 13 4 7 2 3 12 7 2 4 13 7 4 2 13 12 4 10 13 12 12 13 4 10 4 2 13 12 12 13 2 4 13 7 10 13 10 10 ,225.0
12 2 10 12 4 10 4 7 2 10 12 13 13 13 4 7 2 4 2 2 4 13 4 2 4 2 4 4 4 2 13 2 2 2 2 12 12 4 12 4 4 2 12 2 7 13 13 7 10 2 ,239.0
10 4 2 13 7 7 13 2 10 12 2 7 4 13 12 12 13 4 12 2 2 13 12 4 10 4 7 13 13 4 2 12 13 4 12 12 13 10 4 13 13 7 7 2 10 2 2 7 7 13 ,253.0
4 10 10 10 13 4 12 13 12 4 4 4 7 12 3 10 13 13 2 4 10 4 2 2 12 12 13 13 4 4 7 2 2 4 4 7 12 4 7 4 7 10 7 7 12 10 2 10 13 7 ,232.0
12 13 7 12 7 4 12 4 10 10 4 12 4 12 7 2 4 13 12 10 7 4 12 4 7 13 12 12 13 2 4 13 13 4 7 4 2 10 2 2 12 2 2 4 12 13 13 12 2 7 ,234.0
4 10 4 2 2 2 10 12 12 13 4 4 4 7 2 2 13 4 13 7 7 4 10 13 10 10 12 2 4 13 2 12 12 10 12 4 10 2 12 7 7 3 10 2 2 4 10 4 13 13 ,226.0
4 4 4 2 10 4 2 7 12 4 4 2 12 13 7 7 12 4 4 2 2 10 12 4 13 7 10 10 12 2 4 4 13 7 13 4 12 13 12 12 13 2 12 4 13 4 4 2 12 12 ,224.0
2 12 12 13 4 3 4 13 4 12 13 13 4 2 2 2 2 2 7 2 4 12 7 10 7 10 7 7 10 13 13 10 2 2 12 4 7 7 4 2 10 4 12 2 2 7 10 10 2 12 ,218.0
12 12 4 12 2 4 4 2 13 12 2 13 13 12 13 12 2 13 13 4 4 10 10 4 4 12 12 13 2 13 2 4 2 10 4 13 13 13 10 13 10 10 12 7 12 13 2 7 10 10 ,235.0
2 4 2 12 10 12 12 13 4 2 7 4 4 2 10 10 10 4 4 10 7 7 10 4 13 12 10 2 4 13 4 12 13 10 4 2 12 12 12 10 2 4 10 10 13 7 7 4 4 13 ,231.0
12 12 2 2 4 4 2 7 12 13 10 4 12 13 12 10 2 10 4 2 12 12 2 2 13 7 4 4 10 4 3 12 12 10 4 2 10 7 4 10 4 2 12 2 4 12 13 10 13 7 ,232.0
2 13 2 12 10 13 4 4 2 2 4 2 4 4 10 12 13 7 4 13 13 12 4 12 13 13 12 2 2 4 13 4 13 13 13 4 2 4 10 4 12 10 12 13 2 12 12 10 2 10 ,256.0
4 4 13 10 4 12 2 10 2 4 10 10 4 4 7 12 12 10 4 2 13 2 10 2 12 4 10 10 10 10 13 4 12 12 13 10 4 10 12 7 2 2 12 2 7 2 10 2 13 4 ,221.0
7 7 10 7 7 2 2 2 12 10 7 2 2 2 7 10 12 13 2 10 4 7 7 4 10 7 10 7 4 10 12 10 13 12 10 13 7 7 10 4 2 2 2 4 12 13 2 4 2 7 ,223.0
13 13 13 4 4 12 2 2 7 4 4 10 4 12 12 12 12 10 4 7 4 7 13 10 13 4 2 4 4 3 4 13 2 4 7 4 4 12 2 12 13 2 2 2 13 7 13 13 12 4 ,239.0
4 13 2 2 4 7 4 13 12 12 12 2 13 10 13 12 2 13 4 10 10 12 2 12 2 12 13 4 12 7 13 2 12 12 13 4 2 10 13 7 12 4 4 4 10 4 7 7 4 7 ,250.0
2 2 12 4 13 2 7 12 2 2 3 2 13 13 13 13 13 4 13 2 4 10 2 7 4 10 7 13 13 13 2 4 4 12 7 4 13 13 4 12 12 12 2 4 12 13 4 4 7 10 ,253.0
4 12 13 12 2 4 13 4 7 13 13 12 13 2 12 12 13 4 7 13 13 12 2 12 4 4 13 13 13 12 12 2 12 2 7 10 4 2 4 2 10 4 2 4 12 7 12 4 13 10 ,263.0
2 13 2 12 13 7 13 4 2 2 7 13 4 2 13 2 7 13 12 2 13 13 12 2 13 2 13 12 2 4 13 4 10 13 12 12 2 12 4 2 10 4 12 2 12 12 10 13 10 3 ,249.0
12 13 12 4 7 12 2 4 2 4 10 10 2 12 10 10 4 12 7 12 10 2 12 13 10 12 12 4 10 7 12 4 4 10 7 4 4 7 10 4 13 10 10 13 10 13 13 10 4 2 ,230.0
13 4 10 4 10 4 4 12 12 4 13 4 2 2 2 7 7 13 13 10 12 3 12 12 4 12 12 12 13 2 13 12 2 4 12 2 4 2 13 12 2 2 7 13 4 2 7 12 10 10 ,236.0
12 4 10 13 4 7 4 4 13 10 2 13 13 2 2 4 13 4 13 7 13 13 12 4 7 4 4 4 7 2 10 10 4 10 4 7 13 13 2 13 4 2 12 2 2 12 4 12 2 10 ,237.0
12 13 12 12 10 12 7 13 10 2 12 13 12 13 13 13 13 4 13 4 2 13 12 2 4 10 13 12 12 12 13 13 4 7 2 4 2 4 10 4 2 12 2 13 13 7 13 12 2 2 ,266.0
10 2 13 4 2 3 12 12 12 2 4 2 7 10 12 10 2 2 12 4 4 10 7 13 12 10 10 12 10 2 2 13 13 7 12 7 2 10 2 4 12 10 4 7 4 12 12 2 13 10 ,238.0
4 4 10 4 10 2 7 4 13 10 10 7 7 4 12 2 12 2 12 4 13 12 13 10 12 2 4 12 4 4 7 4 7 13 10 2 2 4 7 3 12 12 7 7 12 4 7 12 13 12 ,230.0
2 4 12 4 2 7 13 13 2 7 10 12 2 13 2 10 2 4 10 3 12 4 2 4 13 2 7 13 13 7 2 12 12 2 4 12 10 7 4 2 10 13 4 7 12 4 10 12 2 12 ,240.0
13 7 4 12 2 10 13 12 4 3 12 12 2 12 10 2 7 7 4 7 13 2 12 2 13 12 4 13 13 2 7 7 7 2 12 4 4 12 12 12 12 13 4 12 2 10 13 2 7 13 ,231.0
13 2 12 7 2 4 4 13 12 2 10 4 4 2 4 12 13 10 7 10 2 13 12 7 4 4 13 4 7 4 13 13 12 12 2 13 2 4 4 10 12 10 2 10 12 12 2 12 12 13 ,235.0
4 12 4 12 2 12 7 2 2 10 2 13 12 12 10 10 7 4 7 10 2 4 10 10 12 2 2 12 10 7 7 2 12 13 12 4 10 12 12 13 4 13 7 12 7 7 4 4 13 2 ,217.0
12 13 13 12 7 4 4 4 2 2 12 7 13 13 10 13 12 12 2 12 7 7 12 13 4 2 13 2 4 2 7 4 4 7 4 4 4 12 13 2 4 2 12 2 2 2 12 4 10 2 ,242.0
4 12 12 7 12 10 12 12 13 10 7 7 12 13 4 10 12 2 2 3 7 12 2 12 13 2 10 10 7 7 12 2 7 13 13 13 13 10 2 2 10 10 10 12 10 7 10 12 7 2 ,241.0
4 7 13 2 4 7 13 2 10 13 4 12 13 10 2 13 2 10 12 13 10 2 12 13 2 4 13 13 10 2 4 4 7 4 2 2 7 2 13 13 10 2 2 12 7 10 10 7 7 4 ,231.0
13 3 4 12 2 2 2 12 2 2 4 10 12 2 7 4 12 2 10 4 2 2 2 2 7 10 13 13 10 13 13 2 4 7 13 7 13 4 13 12 2 4 2 4 10 7 4 2 2 10 ,245.0
4 4 2 13 10 4 12 13 4 2 7 10 4 4 4 3 7 2 2 13 10 13 12 10 4 10 10 13 13 4 7 7 7 4 4 12 4 13 2 10 12 13 7 12 7 7 4 12 12 4 ,229.0
10 2 4 12 4 4 4 12 10 13 7 10 4 13 13 13 12 4 4 10 2 13 10 2 7 13 10 7 10 10 2 13 7 10 4 10 13 13 7 4 2 10 4 12 12 13 7 10 13 4 ,232.0
10 2 4 4 2 2 10 2 4 7 7 2 4 7 10 10 2 10 7 2 10 4 13 13 2 4 2 2 13 7 4 4 12 2 13 13 7 12 10 12 10 13 10 10 13 12 4 13 7 2 ,233.0
4 13 4 4 4 3 7 4 7 7 4 2 2 4 2 2 10 13 13 4 4 13 4 13 12 2 13 7 10 12 4 12 10 10 12 10 13 4 2 2 4 12 7 7 13 7 4 2 7 12 ,277.0
13 4 4 10 4 13 10 7 2 2 13 4 2 12 12 10 10 12 12 13 13 4 13 2 2 13 4 10 2 13 12 4 4 4 7 7 12 4 12 10 10 13 2 2 4 4 10 12 4 4 ,245.0
7 2 4 4 12 13 10 13 7 12 2 2 4 4 2 7 4 2 7 13 10 10 13 4 13 12 10 10 2 12 2 2 4 4 12 2 7 2 7 2 2 2 10 12 13 12 13 10 12 4 ,236.0
4 4 7 7 4 7 12 4 12 10 7 7 12 2 4 13 2 2 10 13 2 13 2 10 10 2 10 7 7 7 10 12 10 4 10 12 7 13 12 12 4 4 4 13 2 4 2 13 4 12 ,228.0
13 13 13 12 12 2 10 2 10 10 12 12 2 2 7 13 13 4 4 4 4 10 2 7 2 10 10 13 13 2 10 2 2 12 7 2 4 7 13 4 13 2 12 13 10 4 4 4 12 2 ,247.0
12 2 12 4 12 2 13 13 7 4 2 13 4 4 10 4 10 4 10 4 4 10 12 12 2 2 12 4 2 4 13 10 4 13 2 12 12 2 13 10 4 4 2 7 12 12 10 2 7 10 ,256.0
2 2 4 12 12 2 13 2 10 4 13 4 13 10 10 13 2 2 4 4 10 12 10 13 2 2 10 7 10 13 10 13 12 4 4 2 12 7 13 12 13 4 2 2 4 2 7 2 2 13 ,246.0
10 13 2 10 10 2 12 4 12 12 12 2 10 2 2 2 13 13 12 13 10 10 4 13 12 12 10 4 2 7 12 4 12 10 2 12 13 4 10 10 12 13 4 13 7 10 12 4 4 12 ,262.0
13 13 2 2 13 13 3 13 13 2 4 2 10 2 4 4 13 4 10 7 13 2 2 2 4 7 12 7 2 12 12 2 12 12 4 2 12 4 10 4 4 2 4 4 7 13 12 2 12 13 ,236.0
4 2 12 13 7 12 4 12 7 12 10 10 10 13 2 13 12 7 2 7 2 3 10 13 3 4 4 13 13 12 2 4 13 13 2 13 4 4 2 10 13 12 4 13 10 12 13 4 12 10 ,248.0
12 2 4 2 4 2 2 2 12 2 7 10 7 4 4 4 7 10 2 4 10 2 10 10 13 10 12 7 10 12 7 2 4 7 12 13 10 13 7 10 2 12 12 13 12 10 2 7 7 12 ,237.0
7 10 7 7 10 12 12 10 3 4 4 12 13 7 10 2 7 10 4 4 4 4 12 10 12 10 2 10 2 10 4 10 12 10 2 4 4 2 4 7 2 13 7 2 2 12 7 13 12 13 ,222.0
12 4 4 4 12 2 10 12 2 4 7 4 13 7 2 4 2 13 13 10 2 13 10 10 12 13 2 10 7 12 13 7 2 2 10 4 4 4 10 7 7 10 12 10 4 2 12 13 2 12 ,237.0
4 4 13 4 4 2 12 12 12 4 13 13 10 13 2 2 7 12 4 12 4 4 4 10 7 3 10 12 4 13 13 12 12 4 10 7 4 7 10 12 12 2 13 10 13 4 4 2 10 10 ,218.0
13 4 13 4 13 4 13 13 7 2 2 7 4 12 12 12 7 7 4 10 2 12 12 10 12 13 12 4 2 13 7 13 13 4 10 4 10 10 13 12 13 2 13 4 10 2 7 4 12 13 ,221.0
2 12 13 13 2 13 2 4 10 13 4 12 2 4 13 2 7 12 4 12 10 2 4 4 4 2 2 13 12 13 2 4 4 2 2 2 10 2 4 10 13 2 2 13 12 2 7 13 12 13 ,253.0
4 4 2 4 13 7 4 2 4 13 2 7 12 7 12 12 10 13 12 10 7 4 2 4 2 4 4 7 13 2 13 12 12 2 4 2 4 4 13 4 12 2 10 12 4 7 7 10 2 10 ,239.0
7 4 4 2 10 10 4 12 12 7 13 2 12 4 10 10 10 4 13 10 2 12 2 13 13 2 13 10 13 2 12 2 10 12 4 7 2 10 13 10 13 13 4 4 4 4 7 13 12 4 ,240.0
12 4 4 12 4 7 12 12 10 13 12 2 10 10 12 12 2 7 13 13 13 4 10 12 3 13 4 7 12 4 13 13 7 12 4 7 2 12 13 13 4 10 2 4 2 2 13 4 4 10 ,244.0
4 13 13 10 2 12 4 7 2 13 4 4 2 12 10 4 10 13 10 13 7 13 7 10 7 10 13 7 7 13 10 12 2 2 12 2 12 10 10 13 13 13 2 12 10 12 13 12 10 7 ,252.0
4 12 10 12 13 10 2 10 12 7 12 12 4 12 10 2 10 12 2 10 13 2 4 2 12 12 13 12 2 12 4 10 13 13 4 2 10 4 7 12 7 13 7 4 2 13 4 4 4 10 ,241.0
13 10 12 4 2 4 10 12 2 2 4 4 2 4 12 13 13 7 7 10 13 10 4 2 2 13 12 13 12 13 2 13 7 2 10 12 7 4 12 13 7 12 4 12 2 13 13 2 2 2 ,248.0
7 12 12 7 2 12 4 12 13 2 7 7 12 7 2 10 12 13 12 12 2 7 2 4 3 10 12 2 12 12 13 2 12 13 12 13 13 2 4 2 12 10 2 2 13 4 4 2 13 2 ,261.0
4 4 2 12 2 12 4 4 13 2 12 12 7 2 12 4 10 10 10 12 13 4 13 7 4 12 10 4 2 12 2 13 12 12 7 2 2 12 2 2 2 12 10 13 4 4 7 4 4 4 ,248.0
2 12 7 7 12 2 4 12 10 12 13 7 2 2 13 4 4 2 7 13 13 10 7 2 13 10 4 12 4 4 7 4 12 4 12 4 7 13 7 7 12 13 2 13 2 12 12 4 10 7 ,238.0
10 4 4 2 13 12 2 2 4 12 4 2 10 4 2 10 7 13 13 12 4 2 12 10 12 4 12 12 7 12 12 4 4 4 13 7 10 12 4 10 2 7 13 13 12 13 4 4 13 10 ,250.0
13 13 12 2 4 12 10 4 2 13 4 12 4 13 13 3 12 12 7 4 2 3 13 7 10 13 10 7 4 13 2 12 2 2 13 10 13 7 4 10 2 2 4 7 12 12 2 2 10 2 ,250.0
7 12 2 4 13 2 10 10 2 12 12 12 2 10 10 13 7 7 7 12 12 10 12 13 12 4 7 12 10 4 2 13 4 12 2 4 4 4 13 12 4 12 2 2 2 4 4 10 2 7 ,221.0
4 12 7 10 12 10 2 12 12 4 13 10 2 7 13 7 2 10 12 4 7 13 4 4 4 4 2 10 2 10 12 7 4 10 12 10 7 2 4 13 12 13 7 7 13 7 10 10 7 7 ,238.0
12 7 4 12 12 7 10 7 4 12 12 13 12 2 2 13 7 12 13 13 12 12 12 2 10 4 2 2 13 13 2 2 12 13 2 7 4 10 13 4 7 4 12 13 2 2 13 10 13 7 ,236.0
13 10 7 2 12 2 4 10 10 2 12 12 2 4 12 12 12 4 2 10 10 12 7 7 2 2 12 10 13 13 13 12 7 13 12 13 2 2 7 13 13 2 2 13 4 4 12 2 2 12 ,262.0
7 12 12 4 4 13 12 4 13 10 4 12 4 2 13 10 13 12 12 7 2 12 13 2 12 4 12 13 4 10 4 2 12 12 13 4 13 13 10 7 4 12 4 13 12 4 12 12 10 7 ,258.0
2 12 12 12 2 10 10 7 12 4 2 10 4 12 13 2 10 13 10 13 4 7 4 12 12 2 7 10 2 12 12 7 7 7 13 7 2 2 2 10 13 4 4 13 2 12 7 4 2 10 ,221.0
10 13 2 2 13 7 13 13 13 4 4 4 4 12 13 4 12 12 12 13 13 13 4 10 13 7 12 7 2 10 4 7 3 12 2 4 12 13 4 2 13 13 12 4 4 2 7 7 10 7 ,242.0
13 4 12 13 13 13 12 12 2 7 10 4 4 12 4 13 7 10 12 2 4 10 13 10 4 10 2 13 2 4 13 7 2 7 2 10 4 13 2 12 12 10 4 4 7 3 10 12 4 13 ,250.0
12 2 4 10 12 13 7 7 2 7 12 13 2 10 10 2 2 4 12 12 12 2 2 4 12 13 7 4 4 4 2 4 2 2 10 2 10 12 4 12 4 2 4 4 12 4 4 10 12 4 ,219.0
2 12 2 13 2 7 13 4 10 2 4 10 12 2 4 12 12 2 4 10 12 4 13 10 12 10 13 7 13 7 7 10 13 12 7 12 10 13 2 13 2 7 12 13 4 2 10 4 10 3 ,239.0
4 7 4 12 2 2 13 4 2 13 10 7 4 7 12 12 12 12 10 7 4 4 7 13 3 12 10 12 10 2 10 4 10 10 12 4 2 2 12 10 2 12 13 10 13 4 4 13 10 2 ,226.0
13 10 2 13 2 12 7 2 2 4 7 2 10 12 2 13 7 12 4 2 2 10 2 2 10 4 2 2 13 13 4 4 13 12 10 7 12 2 12 7 10 13 4 4 2 7 2 13 7 13 ,240.0
12 2 12 12 2 10 3 2 10 4 2 12 10 7 2 10 2 7 13 13 13 10 10 2 2 13 2 4 12 13 12 10 13 2 4 4 12 4 4 4 12 4 2 12 7 4 10 10 7 12 ,250.0
2 2 4 4 4 2 10 13 12 10 13 13 4 7 10 2 4 12 12 2 13 2 13 4 4 4 7 12 10 13 13 10 13 4 2 12 12 4 13 10 13 2 13 2 10 12 4 12 12 10 ,273.0
13 12 13 2 10 4 12 12 2 12 12 7 12 2 4 12 10 13 7 10 12 13 4 13 13 4 2 13 2 10 7 4 13 12 10 13 2 12 2 10 7 7 2 10 12 10 4 7 2 4 ,255.0
13 4 13 7 10 4 12 13 13 2 13 13 13 10 4 10 10 12 4 13 13 10 12 4 12 10 2 10 12 2 7 12 12 4 10 13 7 13 7 12 2 4 12 2 10 7 7 10 7 13 ,234.0
10 2 13 13 12 4 4 7 2 2 4 13 12 13 4 2 13 4 10 4 13 4 4 13 12 12 2 2 4 2 2 4 10 12 2 13 2 12 2 2 12 4 13 13 12 12 7 12 10 2 ,251.0
2 13 7 10 10 12 10 13 4 12 10 4 4 4 4 2 13 2 13 12 12 2 4 12 4 2 12 7 13 10 2 2 7 12 2 4 10 2 2 4 2 4 2 12 4 10 2 10 2 12 ,231.0
13 12 13 7 4 4 12 4 12 12 10 12 10 10 13 4 2 4 2 4 2 2 2 4 10 10 13 4 2 3 2 4 4 2 10 4 2 12 3 13 13 4 12 10 4 10 13 12 10 4 ,238.0
12 12 4 2 12 12 4 4 2 7 10 4 13 2 12 13 4 2 4 12 12 4 2 12 12 10 10 13 10 13 13 7 13 12 13 13 12 10 13 13 2 2 10 7 10 12 12 12 4 7 ,268.0
4 2 2 13 10 7 4 13 2 4 4 2 13 13 2 7 12 10 13 13 10 7 12 7 10 12 2 4 3 4 7 12 12 4 13 4 7 4 2 7 12 10 13 10 7 12 10 13 4 4 ,245.0
2 4 10 12 4 2 2 2 2 7 13 4 4 13 4 12 13 7 4 10 2 2 2 4 7 3 12 10 7 13 12 2 7 4 4 2 4 2 10 2 13 2 7 2 4 10 4 13 2 7 ,238.0
7 4 4 12 2 2 2 13 10 10 4 7 2 4 2 7 10 13 7 2 12 12 12 13 10 10 4 4 4 4 2 12 13 12 13 2 13 7 2 2 2 10 7 7 13 4 4 10 10 12 ,214.0
2 4 2 12 4 10 4 2 12 13 12 13 2 4 13 13 12 13 12 10 2 10 7 7 2 13 2 12 4 10 4 12 2 12 2 10 13 7 4 2 10 4 4 12 4 2 7 3 7 7 ,243.0
2 4 10 4 13 7 13 12 13 4 2 4 4 12 2 3 12 12 12 10 4 13 4 13 12 2 10 4 7 2 13 12 4 12 12 12 13 10 2 10 4 10 7 2 7 4 12 2 10 2 ,254.0
4 4 13 13 13 13 2 4 10 2 4 12 2 12 13 10 2 2 2 2 13 13 7 3 2 2 7 4 2 13 13 12 12 12 10 4 13 10 13 4 2 2 10 12 4 7 4 2 7 13 ,260.0
2 10 2 12 13 10 4 2 2 7 4 4 13 10 12 7 10 12 2 13 4 13 7 12 2 7 2 4 4 10 10 2 12 7 2 13 13 10 13 7 12 7 13 2 2 12 2 4 12 10 ,251.0
12 4 2 13 13 13 4 4 4 13 2 12 2 13 12 12 13 4 4 2 13 3 10 12 7 10 7 12 10 12 12 10 12 10 12 13 10 10 13 13 2 10 12 10 10 2 12 10 12 2 ,237.0
2 7 12 12 13 4 7 4 10 13 2 10 13 7 4 12 13 13 13 2 12 2 12 12 12 12 2 13 12 4 10 4 4 4 13 4 10 13 4 4 10 12 12 10 4 7 13 7 13 2 ,233.0
12 12 10 10 13 4 4 7 4 2 13 4 10 2 12 12 4 13 4 13 10 2 4 13 4 4 2 13 12 13 12 10 4 13 10 4 2 7 2 4 13 13 10 3 4 12 2 13 13 13 ,271.0
13 13 4 2 13 12 2 12 10 4 13 10 7 13 4 7 12 2 4 4 2 4 10 13 4 2 13 10 13 4 10 13 4 12 12 13 12 12 10 10 2 12 13 13 13 4 2 13 13 13 ,270.0
7 4 2 4 4 10 3 13 7 7 13 12 12 13 12 13 13 4 10 13 12 10 4 10 4 4 4 13 2 3 10 2 12 13 13 4 2 12 10 4 12 10 13 10 12 2 2 4 13 2 ,260.0
2 2 12 4 4 10 7 13 2 4 13 13 13 4 2 12 7 2 12 4 10 4 10 12 2 10 2 2 13 7 4 12 2 12 4 4 4 10 4 2 4 10 4 2 13 2 4 4 10 10 ,256.0
12 13 2 13 10 2 13 2 7 4 12 13 12 10 4 13 10 13 10 10 2 4 7 12 7 7 13 12 7 10 4 12 4 13 12 12 13 12 12 13 10 10 13 13 12 7 12 10 13 10 ,249.0
13 12 12 2 12 12 13 10 4 2 12 2 4 13 4 7 12 3 12 13 4 2 7 7 2 2 4 7 4 7 12 13 4 12 7 13 10 12 13 13 2 13 13 10 7 10 13 4 12 2 ,241.0
13 2 2 12 13 13 13 10 12 2 10 2 13 4 7 4 10 12 12 4 12 4 2 10 7 2 4 13 12 13 7 13 12 10 10 4 13 13 13 4 10 12 2 4 10 10 2 2 4 13 ,243.0
7 12 4 10 7 12 13 2 2 7 4 4 4 10 2 12 12 10 2 4 4 12 2 7 2 4 7 4 12 4 4 7 12 12 2 10 10 12 4 4 4 13 4 4 4 13 4 10 4 13 ,237.0
12 3 12 10 4 4 13 4 7 13 2 13 7 12 13 7 3 4 7 4 7 7 12 12 13 13 4 4 12 10 4 10 2 12 12 7 13 10 2 10 2 4 12 13 2 4 2 7 10 4 ,246.0
2 13 12 7 13 2 7 2 2 2 7 10 12 12 12 10 12 13 13 10 12 2 10 10 10 7 4 10 13 3 10 4 2 4 7 2 13 7 4 4 12 10 4 10 12 3 7 4 7 4 ,230.0
12 4 4 12 2 2 7 4 2 7 13 12 12 13 13 4 4 4 13 2 12 4 3 4 7 7 13 13 2 10 7 7 2 12 13 2 13 12 2 2 13 12 2 4 12 2 12 13 12 10 ,238.0
12 13 12 4 13 2 4 2 4 13 2 2 7 4 4 2 10 7 10 7 12 2 13 12 4 10 13 12 10 12 2 10 13 7 13 12 13 10 12 2 13 4 10 12 10 12 2 13 13 4 ,259.0
7 10 10 2 13 10 13 12 13 10 12 4 13 7 10 2 12 13 10 10 7 13 10 4 2 4 10 2 4 12 13 7 12 7 4 4 4 7 10 7 10 12 4 2 2 4 2 4 2 12 ,224.0
4 2 7 2 2 12 12 2 13 2 4 13 12 12 13 2 4 4 13 2 12 10 13 12 10 2 4 4 7 10 13 4 7 10 13 2 7 10 12 13 7 4 4 12 10 10 2 13 4 2 ,260.0
13 13 13 4 4 2 12 12 7 4 7 4 12 10 12 13 2 13 7 2 4 2 13 13 2 4 10 7 7 2 2 7 4 10 7 13 12 12 2 13 10 10 12 12 4 13 7 10 4 7 ,234.0
12 2 2 7 13 7 2 13 13 4 2 12 7 4 2 13 10 12 7 12 2 10 13 12 12 13 2 4 2 10 12 12 4 2 7 13 13 4 2 4 10 13 4 10 4 4 2 12 12 13 ,241.0
2 2 12 10 10 13 12 13 13 4 13 12 4 4 10 13 10 2 10 2 2 10 13 2 7 13 2 7 13 12 12 10 12 13 10 12 12 2 12 4 13 4 4 10 13 2 2 2 4 10 ,262.0
4 2 4 12 2 13 7 13 2 12 13 13 12 13 13 2 12 2 10 2 4 12 13 4 2 13 2 4 4 13 12 2 2 12 2 2 4 13 13 4 4 7 4 2 13 12 12 4 13 4 ,235.0
2 2 4 13 12 2 4 2 2 12 12 10 4 13 13 7 4 4 10 2 3 12 4 13 4 12 7 10 7 2 7 2 12 7 7 13 7 7 2 2 12 13 4 10 13 4 2 2 12 7 ,240.0
12 4 2 2 12 4 2 10 13 13 4 13 4 13 2 13 12 7 7 10 10 10 4 12 12 13 12 7 4 2 12 10 4 12 10 7 12 13 2 13 13 10 10 4 7 7 4 4 13 13 ,237.0
10 10 4 13 2 13 12 10 4 3 13 2 12 7 4 4 10 10 4 2 4 12 10 10 12 12 12 13 10 13 4 7 2 2 4 4 7 12 2 12 2 4 12 10 4 12 13 13 7 13 ,242.0
3 12 4 4 12 4 2 2 4 12 13 2 3 2 13 4 7 7 7 10 2 13 13 4 4 2 13 2 2 13 2 12 12 2 2 7 2 4 2 13 4 13 4 13 2 2 12 10 4 7 ,249.0
12 2 13 10 4 12 12 12 13 2 4 13 2 12 12 13 12 12 13 7 4 10 4 7 13 2 10 10 2 10 4 2 2 12 2 4 2 12 13 10 2 4 2 13 12 2 13 7 7 12 ,233.0
7 13 13 7 2 7 2 13 7 4 13 12 12 12 13 10 13 2 10 4 4 13 13 12 13 7 12 2 13 10 7 10 7 13 4 12 10 2 2 7 2 10 2 10 12 4 2 12 4 12 ,249.0
13 12 2 10 12 4 4 2 4 12 10 12 4 10 12 12 4 2 12 7 2 4 10 13 7 2 13 4 12 12 4 13 2 12 13 10 13 7 2 2 7 2 2 2 12 4 10 4 7 4 ,231.0
4 2 12 12 4 4 12 12 13 4 13 2 10 10 13 4 4 4 2 13 4 2 10 12 10 2 12 4 12 4 12 4 7 2 13 2 13 4 3 10 10 4 7 12 13 4 7 4 12 12 ,255.0
13 4 4 13 2 7 12 4 10 13 12 4 10 12 10 12 12 12 13 2 10 7 13 10 10 10 13 12 13 2 10 4 10 4 2 2 12 2 2 10 7 2 2 10 12 10 13 2 12 12 ,254.0
10 12 12 10 2 4 13 12 12 13 12 4 10 4 2 2 4 12 12 12 10 4 7 13 10 13 12 4 4 4 12 12 13 10 3 4 4 13 13 4 2 2 7 4 13 2 10 12 13 2 ,245.0
4 12 12 12 4 10 12 10 12 2 13 4 2 13 4 4 4 2 12 7 12 2 4 7 13 12 2 12 7 13 4 12 10 4 13 7 10 4 4 2 7 4 13 4 4 12 4 3 12 4 ,236.0
2 2 10 7 4 2 2 2 4 10 10 2 7 10 7 13 4 10 4 4 7 2 10 12 13 13 10 2 12 2 4 10 13 4 7 4 4 13 7 4 4 10 4 13 12 13 13 7 10 13 ,218.0
13 12 13 12 12 10 2 2 10 7 2 7 7 13 3 4 4 2 4 4 4 4 12 12 12 2 7 7 13 2 4 2 12 10 4 10 10 13 13 4 12 13 4 4 12 13 4 4 13 4 ,236.0
12 12 13 12 12 12 12 12 4 2 10 13 13 7 4 4 10 12 12 4 12 4 2 4 2 12 10 13 4 10 4 2 2 13 12 2 10 13 2 3 10 2 7 12 2 7 4 4 7 13 ,244.0
2 12 12 12 4 4 12 2 4 12 13 10 2 12 13 12 12 4 7 12 10 13 12 2 7 12 13 2 12 7 2 13 4 2 7 10 12 12 4 12 4 2 12 12 12 10 7 13 2 13 ,247.0
13 13 12 4 4 7 4 13 13 7 10 2 12 12 2 13 4 2 2 13 2 2 13 2 12 13 10 2 3 12 2 4 4 2 13 7 7 2 7 2 7 10 3 4 13 2 4 10 12 4 ,221.0
4 7 4 12 2 4 4 12 10 4 10 4 12 12 10 2 4 2 4 4 13 4 4 10 10 2 12 4 7 3 2 7 13 2 4 12 12 2 12 12 10 4 2 4 13 13 10 12 12 12 ,238.0
10 13 4 2 4 10 4 13 13 2 7 4 12 2 12 7 13 2 10 10 10 7 12 13 2 4 10 4 10 4 2 13 10 2 7 12 10 12 13 13 12 12 10 13 7 13 10 13 10 10 ,235.0
13 10 2 13 13 10 4 7 10 10 7 12 10 10 2 7 2 12 4 13 12 13 10 12 7 2 10 12 13 4 7 4 13 7 4 10 2 12 7 7 4 2 10 7 2 2 4 7 10 4 ,250.0
7 13 2 10 13 4 10 7 4 12 7 10 10 4 2 2 12 4 7 7 13 12 7 10 7 13 2 13 2 10 10 4 10 2 10 2 7 4 13 10 2 2 4 2 12 2 12 4 4 2 ,227.0
2 3 4 2 12 7 2 4 3 2 13 2 12 2 10 2 10 2 12 12 13 4 2 12 13 12 13 7 7 12 10 10 7 12 13 7 4 4 2 4 10 4 12 10 10 13 12 7 2 4 ,225.0
2 4 13 12 13 13 4 2 10 2 12 13 13 2 12 4 2 13 10 2 10 2 13 2 13 10 2 12 12 10 13 12 10 4 12 2 12 4 10 10 13 12 2 3 12 13 13 2 10 12 ,290.0
13 7 13 2 12 12 4 13 13 12 2 4 4 13 13 13 12 12 2 2 7 4 12 13 4 10 2 2 10 2 10 4 7 13 10 2 4 4 10 4 12 4 13 2 13 2 12 13 10 4 ,223.0
12 12 2 13 13 7 4 4 13 4 13 2 12 12 10 2 12 12 4 4 4 10 7 10 12 7 2 2 13 10 2 13 13 2 4 7 12 2 4 2 13 2 12 4 4 12 4 12 2 13 ,258.0
2 10 4 7 2 10 10 7 12 10 10 4 2 12 2 12 4 7 7 10 12 10 4 7 4 12 7 4 4 4 2 7 13 12 13 2 13 2 2 4 12 4 4 7 12 2 10 2 13 7 ,232.0
13 12 12 4 4 2 12 4 12 2 12 2 7 10 13 4 13 10 13 10 7 2 12 4 2 13 10 12 12 12 3 2 4 10 13 2 2 13 13 2 12 2 4 10 4 2 10 13 13 13 ,250.0
2 12 4 4 4 7 7 2 13 2 4 10 10 7 4 4 13 12 12 13 2 3 7 7 13 10 4 7 13 13 4 2 10 12 10 7 2 2 12 4 10 10 4 7 13 10 13 13 10 4 ,233.0
4 13 13 13 13 2 2 10 4 13 3 2 13 13 4 4 2 2 12 13 12 10 10 4 4 7 10 12 13 2 4 10 12 2 10 13 13 13 10 4 12 13 2 12 7 13 4 13 2 10 ,263.0
2 13 12 2 12 7 10 4 13 10 12 12 12 13 13 13 4 2 13 4 12 4 4 12 2 4 12 12 13 4 10 13 4 12 4 2 2 4 2 4 4 2 12 4 2 12 2 13 10 12 ,267.0
10 4 12 13 13 13 12 2 12 13 10 2 4 7 2 13 12 13 7 2 7 2 12 12 10 2 10 10 4 2 13 12 12 2 7 2 7 13 4 2 2 4 13 10 7 12 4 13 12 10 ,233.0
10 2 10 7 13 12 12 12 12 3 13 13 7 13 7 13 4 3 7 10 10 10 10 7 13 10 10 4 2 2 12 13 2 7 4 4 2 2 2 12 2 7 4 4 2 12 2 12 12 7 ,229.0
12 13 4 4 7 13 13 12 4 2 10 12 12 2 12 12 2 2 12 7 13 10 4 4 13 10 13 4 12 2 10 2 2 2 2 4 7 13 4 4 4 12 10 13 10 13 12 12 13 13 ,268.0
4 3 13 13 13 4 10 13 7 12 7 10 2 12 12 4 12 12 2 4 12 2 4 13 4 7 3 13 12 4 10 12 4 2 10 4 13 4 13 2 12 13 2 12 12 13 12 4 13 10 ,243.0
4 4 4 12 2 13 3 12 2 2 10 2 4 4 10 10 4 12 10 4 12 13 12 2 7 4 4 10 4 12 13 13 7 2 4 12 2 12 2 12 10 12 13 4 10 12 7 12 7 13 ,233.0
4 13 12 4 12 2 10 2 10 13 4 7 12 13 13 7 13 4 4 2 10 12 10 10 12 12 2 10 13 7 12 2 3 13 4 10 2 7 10 13 4 13 4 2 13 2 4 12 10 13 ,238.0
12 10 2 10 7 4 13 10 4 4 2 12 13 13 12 13 4 10 2 12 10 2 4 3 10 12 13 12 12 12 2 7 10 12 10 4 13 4 13 4 4 4 13 7 10 10 2 3 12 4 ,235.0
10 2 2 12 2 12 12 13 4 4 13 13 10 4 2 10 4 12 12 7 7 2 4 4 4 4 4 13 2 12 12 2 2 2 13 7 2 4 4 4 13 7 10 7 12 10 10 12 13 4 ,241.0
7 2 4 4 2 13 10 2 4 10 7 10 7 12 2 4 4 13 7 7 10 7 10 13 13 2 2 7 10 7 10 10 3 12 2 4 4 10 7 10 12 10 7 12 7 4 7 2 12 10 ,233.0
4 12 7 13 13 13 2 7 13 10 10 7 2 10 13 10 12 13 4 2 13 12 7 13 13 4 4 3 7 12 10 13 4 4 13 2 10 4 4 7 10 10 12 12 12 13 2 13 7 2 ,245.0
4 13 2 12 2 13 2 4 3 7 13 12 10 4 12 2 12 7 2 7 12 2 4 7 10 10 4 12 4 12 4 12 4 2 13 13 2 13 12 10 4 13 7 10 7 2 4 2 4 12 ,242.0
10 4 13 13 4 2 12 10 4 10 10 12 7 4 13 13 12 10 10 2 4 2 12 7 10 7 4 12 12 13 7 10 12 12 7 3 4 10 10 13 4 7 13 13 4 7 4 13 12 13 ,242.0
7 13 4 4 10 7 12 13 12 10 7 13 12 10 10 13 7 2 4 2 7 10 12 3 7 12 12 2 12 10 4 13 4 7 13 13 12 13 13 4 13 7 13 10 10 12 2 2 10 2 ,235.0
13 2 13 13 4 13 2 4 7 10 10 2 12 2 13 2 4 12 10 12 13 7 13 4 12 2 4 12 12 7 12 10 10 4 12 13 13 2 4 2 13 2 2 4 4 10 2 12 2 13 ,246.0
3 10 13 7 10 7 13 7 10 2 13 10 10 10 12 7 2 13 2 13 10 10 12 2 2 4 10 2 2 13 7 4 13 4 7 2 7 7 4 10 10 12 4 13 12 4 12 13 13 7 ,245.0
13 10 7 7 13 4 10 10 13 7 12 13 12 13 2 2 7 12 4 2 13 7 12 12 2 13 12 2 13 4 2 4 4 2 7 10 12 10 2 10 13 12 12 7 4 4 4 4 10 13 ,224.0
7 13 2 12 4 7 12 13 13 4 10 10 13 7 10 4 10 4 13 2 2 7 4 12 12 12 4 2 12 13 4 4 10 4 12 12 12 10 4 2 13 13 12 12 13 12 12 13 7 4 ,237.0
13 4 4 4 13 4 4 4 4 2 12 4 13 2 12 12 3 10 12 13 12 4 4 10 13 10 7 7 13 2 13 3 10 12 13 2 4 4 13 2 10 10 12 2 13 7 7 10 12 10 ,234.0
4 12 2 13 12 12 10 4 13 4 10 10 7 2 12 12 12 13 4 12 12 7 2 10 4 12 12 10 13 13 2 13 4 13 7 4 12 3 10 10 4 4 12 2 12 4 13 13 7 4 ,234.0
4 13 13 10 12 7 7 7 10 4 13 4 2 2 2 12 7 4 13 4 4 4 4 4 13 12 12 4 4 2 13 12 2 12 2 12 10 4 12 10 2 2 10 10 12 12 12 7 10 13 ,238.0
10 2 10 2 4 12 2 13 13 13 12 12 10 2 12 13 13 13 2 12 7 4 12 4 12 4 2 13 2 4 13 7 2 12 2 10 13 12 4 2 13 13 2 4 7 4 10 2 4 2 ,238.0
12 2 10 13 12 3 12 4 13 7 13 12 4 13 10 10 4 2 13 13 10 10 13 2 2 2 2 7 10 4 10 13 10 13 2 4 10 4 2 4 4 13 10 4 3 10 12 7 13 13 ,246.0
13 10 4 10 7 12 4 2 13 10 4 4 4 2 7 4 12 10 2 12 12 12 7 4 12 2 2 13 7 4 13 2 4 12 2 12 12 7 12 13 3 4 13 13 4 13 12 4 2 2 ,250.0
7 12 4 4 4 4 7 2 12 4 12 4 13 7 2 10 12 4 13 13 2 13 12 4 2 7 13 13 13 13 13 13 2 4 4 7 12 12 10 12 2 13 7 4 7 7 7 4 4 2 ,236.0
2 2 2 12 10 13 13 10 13 12 4 4 10 4 7 13 2 13 10 4 4 12 4 7 10 12 13 2 2 13 4 2 10 2 2 7 12 2 4 4 3 7 7 10 4 10 12 10 2 12 ,221.0
10 2 12 12 4 4 7 10 2 10 10 4 3 2 4 2 13 12 2 12 4 13 10 13 10 12 4 13 12 4 10 13 13 2 13 2 12 2 13 2 10 13 12 12 10 12 12 12 4 10 ,252.0
2 7 4 7 12 7 12 12 12 4 13 10 10 2 12 2 10 12 13 13 10 4 7 4 2 13 4 12 7 4 13 10 4 7 13 7 10 10 2 4 7 10 4 13 2 4 3 4 2 12 ,232.0
2 10 13 4 7 13 2 10 10 7 12 4 10 13 2 2 12 7 7 13 12 13 12 13 2 7 4 10 13 12 13 2 7 12 10 4 7 12 13 13 10 10 4 7 4 12 10 13 4 2 ,245.0
2 4 4 10 2 13 4 12 12 12 2 4 4 12 13 7 13 4 12 7 12 13 2 2 7 13 4 7 2 12 13 4 3 2 12 4 10 13 12 12 4 12 13 4 7 7 7 10 12 2 ,244.0
2 10 12 7 13 7 2 4 4 2 12 4 2 12 12 2 2 2 10 12 4 13 10 13 7 13 7 4 12 10 10 13 12 13 10 2 10 13 12 2 12 13 7 4 4 4 3 12 4 12 ,247.0
12 2 2 2 4 13 4 10 2 2 2 4 13 12 12 4 4 10 4 10 13 13 2 2 2 2 12 4 4 7 10 7 2 13 13 7 12 13 10 12 12 4 4 12 2 10 12 13 12 2 ,238.0
12 4 12 4 13 7 13 12 13 10 10 7 10 12 4 2 12 12 2 4 7 2 12 4 4 4 7 4 2 4 4 10 10 10 10 12 13 12 10 7 12 13 13 12 4 4 12 4 12 13 ,241.0
4 12 10 12 12 2 2 4 4 2 4 2 12 4 13 3 4 12 12 2 7 12 10 2 12 7 4 10 13 13 12 4 12 13 4 13 4 12 12 4 13 12 12 7 4 12 10 12 13 13 ,242.0
4 2 2 13 12 13 13 4 2 12 12 4 4 4 10 7 4 4 10 10 4 13 10 2 2 12 13 10 4 13 13 12 2 2 12 13 10 2 7 2 4 2 12 12 2 13 7 13 13 7 ,262.0
2 13 4 12 13 7 4 13 3 12 10 12 7 4 13 4 2 7 12 13 10 10 3 4 2 12 10 12 4 7 4 2 13 2 2 13 12 13 7 7 4 2 2 7 2 10 13 4 10 10 ,239.0
12 10 7 12 12 12 12 7 12 10 13 2 4 13 2 4 10 4 2 4 4 4 4 2 12 4 4 10 13 4 10 2 4 7 10 12 12 12 13 7 2 4 10 12 13 13 4 7 7 13 ,226.0
2 10 2 10 4 13 12 2 4 13 12 10 13 4 10 13 13 10 7 2 2 13 12 12 10 2 7 4 13 10 2 12 4 12 12 12 2 12 10 2 4 2 2 13 13 13 12 2 13 2 ,269.0
10 13 12 12 12 13 13 12 2 4 13 12 2 2 2 13 2 2 7 10 10 13 4 12 2 13 7 12 12 13 4 13 4 10 4 7 10 2 4 13 10 12 4 7 12 2 13 4 7 13 ,253.0
2 12 13 4 2 10 13 13 10 13 13 4 13 2 4 4 4 7 2 2 2 12 13 10 4 4 10 13 13 12 2 4 12 13 13 13 2 12 10 12 4 7 10 2 4 12 13 10 12 7 ,258.0
4 4 12 2 13 12 4 2 4 10 4 4 12 10 12 12 12 4 4 10 2 4 12 2 2 7 7 2 13 4 4 7 3 12 13 10 2 2 7 12 10 12 2 13 12 13 2 4 13 12 ,246.0
4 12 4 7 10 13 13 4 12 2 10 10 12 4 4 10 12 12 7 4 10 12 7 12 7 12 13 13 10 4 4 4 10 12 2 7 12 7 2 2 2 10 2 12 2 7 2 7 13 7 ,224.0
4 7 7 7 13 13 13 2 13 2 4 4 4 2 10 13 2 13 10 10 4 4 2 4 10 4 4 12 13 7 2 4 12 4 2 12 2 4 2 4 13 7 2 4 13 12 12 13 10 7 ,241.0
2 4 10 2 12 12 4 12 12 2 4 12 4 4 4 12 2 12 12 2 10 13 13 4 10 13 4 13 4 4 10 2 10 13 2 10 13 12 13 12 12 4 4 12 13 2 12 13 10 7 ,239.0
13 4 7 2 4 4 10 4 10 4 13 7 10 4 13 12 13 13 12 2 4 13 13 4 4 4 2 4 2 12 13 2 4 4 10 10 2 2 12 13 10 13 13 10 12 10 4 7 4 4 ,247.0
4 4 7 12 4 4 10 2 10 12 7 2 10 7 10 13 2 7 10 13 2 2 4 12 12 13 2 2 7 13 7 10 13 4 10 13 2 4 2 4 10 10 7 7 10 10 13 4 4 2 ,237.0
12 13 12 13 2 10 10 2 12 12 10 13 7 4 4 4 7 4 12 4 10 13 12 2 10 7 13 2 12 12 12 12 4 4 13 12 7 12 2 4 7 2 12 10 13 7 7 12 7 13 ,248.0
10 2 2 4 2 12 4 12 13 10 12 2 7 12 4 12 4 4 2 4 2 12 12 12 4 10 13 4 4 10 2 7 7 4 10 12 12 13 4 13 7 2 7 2 13 2 13 4 2 2 ,245.0
2 10 4 2 4 7 4 2 13 4 4 2 12 2 12 13 4 4 4 13 12 10 12 12 13 4 10 10 2 12 13 3 13 2 7 2 10 2 4 2 4 4 13 4 13 2 10 10 13 13 ,233.0
7 13 4 10 10 13 10 10 2 2 4 12 2 2 13 12 12 2 10 2 7 4 12 10 12 2 12 10 13 12 4 7 4 7 12 13 12 2 12 13 12 3 12 12 2 7 13 12 4 4 ,250.0
7 10 4 4 10 7 7 2 10 10 7 2 13 7 10 3 7 13 2 10 4 13 7 13 4 2 7 12 7 10 7 13 4 4 2 2 12 2 2 2 4 2 2 12 4 2 3 10 12 10 ,224.0
2 4 10 12 13 2 10 2 10 12 4 10 4 10 13 12 13 12 12 13 2 2 10 4 10 12 2 12 13 12 4 13 12 10 2 2 4 10 12 4 4 12 7 2 12 4 13 4 12 13 ,253.0
4 2 2 13 4 7 10 10 2 12 4 13 13 10 4 13 2 12 10 2 3 2 12 10 12 10 10 4 13 13 7 10 2 10 4 13 10 2 4 4 10 4 2 12 12 13 12 12 7 2 ,232.0
12 12 12 7 12 4 4 2 13 10 12 10 13 12 7 10 2 13 7 13 7 2 4 2 10 13 2 13 2 7 2 12 4 10 4 10 4 12 2 2 12 4 4 4 7 4 10 10 4 4 ,247.0
2 4 13 12 7 10 2 13 2 13 10 13 10 2 10 2 7 4 4 13 13 2 7 12 13 10 12 10 12 13 2 4 13 7 10 4 2 10 2 12 13 4 10 10 4 4 12 4 12 12 ,242.0
4 7 7 4 2 10 10 7 2 4 7 2 2 10 12 13 2 10 12 7 2 7 10 4 2 13 4 10 12 12 7 2 2 13 2 7 13 2 10 13 10 2 2 12 7 13 13 7 12 2 ,238.0
2 13 12 10 12 13 4 4 10 13 13 2 7 7 10 2 12 2 4 4 12 2 2 10 10 2 7 2 7 4 13 4 2 13 4 7 7 2 12 2 12 12 2 4 10 13 2 10 4 10 ,233.0
13 2 13 13 12 2 4 4 2 12 10 13 13 12 13 13 13 12 10 12 4 7 2 3 4 2 4 10 2 13 10 13 12 7 10 12 12 4 13 13 2 7 10 10 10 2 10 2 10 4 ,267.0
4 12 10 12 10 2 4 13 12 10 7 4 3 2 7 2 7 7 2 13 12 13 12 2 10 10 13 7 2 10 10 13 4 7 2 13 2 13 4 12 12 10 4 10 4 4 12 10 7 10 ,234.0
10 4 12 7 7 2 13 12 2 10 4 12 2 2 2 2 7 2 10 2 10 2 7 12 7 2 4 13 10 13 10 4 13 7 7 7 4 12 2 13 13 7 7 2 12 7 13 10 2 10 ,226.0
13 4 13 4 13 4 10 12 12 4 13 4 2 12 13 7 13 4 2 4 4 4 4 2 13 4 12 4 10 10 2 7 3 7 13 4 2 4 2 4 10 2 7 10 12 10 13 2 12 2 ,233.0
12 10 4 2 13 7 2 4 12 7 13 12 10 13 10 12 13 4 12 4 2 2 7 10 13 4 12 7 12 4 4 10 10 10 7 4 7 2 4 7 13 13 12 12 12 4 7 7 13 4 ,232.0
10 13 10 12 10 13 2 13 10 10 13 2 2 2 12 12 10 12 4 2 4 13 4 4 12 4 3 2 4 13 13 4 12 12 4 4 13 12 4 10 4 4 2 2 13 13 2 12 12 4 ,244.0
4 10 4 12 7 4 10 10 2 3 4 10 2 2 4 7 7 10 12 7 2 7 13 13 10 7 10 2 2 10 2 4 12 2 12 7 2 12 13 2 4 2 2 2 4 13 4 7 2 7 ,227.0
7 12 4 13 2 4 4 4 12 10 13 12 7 2 7 10 10 7 13 10 13 2 13 7 7 2 13 4 13 4 4 13 10 2 4 13 12 10 10 4 4 4 4 2 2 12 7 10 12 10 ,246.0
12 13 4 13 2 13 2 4 12 4 12 13 2 12 12 3 10 2 7 12 13 4 2 2 10 2 10 10 2 4 12 7 4 4 7 4 2 4 13 3 10 10 10 12 13 2 12 13 4 7 ,279.0
2 13 13 12 10 12 12 2 10 12 10 13 13 2 4 13 10 4 10 4 2 13 10 12 12 12 2 10 4 12 4 4 7 10 12 2 10 2 2 2 13 4 12 2 7 2 12 2 12 4 ,246.0
12 4 10 13 12 7 10 13 4 12 4 12 12 4 13 4 2 4 12 12 12 7 2 10 12 4 10 12 12 12 4 2 13 12 13 12 7 4 4 13 10 4 4 2 13 4 2 12 13 4 ,255.0
4 13 10 10 13 13 12 3 12 2 13 2 7 13 4 2 12 2 4 13 10 13 2 4 12 13 12 10 12 2 10 4 12 12 10 12 2 4 4 13 10 13 10 4 2 10 10 12 13 10 ,233.0
12 10 12 3 7 13 2 12 13 10 13 3 10 10 12 12 13 2 12 12 12 4 12 10 12 10 13 13 4 7 7 12 13 2 10 7 4 2 4 13 4 2 12 13 10 4 13 4 2 13 ,240.0
2 13 4 12 3 2 4 7 12 10 10 12 13 12 7 2 10 2 4 10 4 13 12 10 10 10 13 7 12 2 13 13 7 4 12 7 4 13 2 10 13 2 4 13 10 10 2 4 12 4 ,228.0
7 2 12 13 12 12 7 12 4 13 12 13 2 10 12 2 13 12 12 2 13 7 13 13 13 12 4 2 12 10 2 4 12 4 2 10 2 10 4 2 12 10 2 2 7 4 7 2 12 10 ,245.0
7 7 12 7 2 7 4 13 10 7 4 4 13 2 10 10 7 4 2 10 2 12 7 10 13 2 13 10 2 10 2 12 12 7 7 4 2 7 3 12 12 12 13 4 12 10 2 13 10 7 ,222.0
13 7 12 13 12 13 7 2 4 4 12 7 10 12 12 13 7 12 3 7 4 2 13 4 10 4 4 12 7 10 7 10 12 4 12 10 4 4 7 10 13 13 4 13 4 12 10 10 4 4 ,230.0
13 12 13 2 12 12 4 10 12 2 13 2 2 13 10 4 12 2 13 13 4 4 12 2 4 2 7 4 12 2 13 13 4 13 13 2 4 10 12 4 2 4 10 10 13 7 7 12 2 7 ,243.0
4 2 7 2 13 4 10 7 12 12 7 10 10 13 13 10 2 12 4 4 12 4 2 4 13 12 12 2 12 4 12 4 13 12 4 4 13 2 4 10 10 7 12 2 4 10 10 2 10 12 ,239.0
13 12 12 2 2 10 7 12 10 10 13 4 2 12 13 2 12 13 12 2 10 4 7 10 7 10 10 2 13 12 2 10 12 7 2 10 2 4 12 12 12 10 13 13 4 2 10 10 10 7 ,236.0
2 2 13 4 2 4 4 13 2 12 13 10 12 10 4 12 12 13 4 2 7 12 12 4 7 12 7 7 10 10 12 12 10 7 4 12 13 12 10 4 4 4 7 4 12 4 12 12 12 12 ,237.0
4 13 2 12 10 12 12 10 4 12 7 2 7 7 4 2 13 12 2 12 12 2 7 13 7 10 2 4 4 7 10 2 13 4 4 2 4 2 13 10 13 10 3 2 4 12 12 10 10 2 ,237.0
13 12 2 12 12 2 13 2 4 7 10 13 13 12 13 7 7 2 7 2 4 7 4 4 13 10 12 2 4 4 10 4 13 12 7 10 4 2 10 4 10 10 2 13 12 12 7 2 12 12 ,236.0
4 2 4 10 2 10 2 7 13 2 12 12 2 12 2 10 12 10 13 7 13 12 7 13 10 12 10 12 10 2 4 13 7 12 13 7 13 2 7 12 13 13 2 7 2 7 13 12 4 13 ,242.0
7 4 10 13 7 10 12 13 10 2 4 4 4 4 10 4 10 13 2 12 4 12 12 2 10 7 7 7 12 10 10 12 13 7 13 12 12 10 7 12 4 13 12 2 2 3 13 2 12 2 ,229.0
12 4 7 13 3 12 2 12 2 10 10 4 2 4 4 10 12 13 2 12 7 4 2 2 2 2 4 10 12 4 12 13 4 13 4 10 12 13 10 2 2 4 10 13 2 4 2 12 4 2 ,230.0
2 12 10 12 4 7 10 4 13 2 13 4 12 2 4 4 2 2 2 7 3 4 2 12 13 4 2 13 7 13 4 13 13 7 4 2 4 4 2 13 2 10 13 13 7 2 7 7 7 2 ,248.0
7 10 4 4 7 7 7 2 4 12 13 10 4 12 2 4 4 2 10 13 7 4 13 12 4 13 2 10 4 12 7 7 13 3 4 12 13 12 2 12 2 12 10 2 12 12 4 10 12 13 ,236.0
2 2 10 2 2 13 4 4 13 10 13 13 2 10 2 2 12 10 13 13 7 7 2 7 13 4 10 4 2 10 7 2 13 13 12 10 10 2 3 12 13 10 2 10 10 2 10 4 12 4 ,231.0
12 13 12 12 2 4 12 13 4 2 13 13 12 7 12 2 10 2 13 12 2 13 2 12 2 2 13 2 4 4 12 7 4 4 7 12 4 13 2 12 13 12 2 4 7 13 13 12 4 10 ,263.0
4 10 2 13 2 4 2 12 7 12 4 4 2 13 4 12 13 12 7 4 10 4 4 2 7 2 13 2 4 13 2 4 7 13 12 12 2 12 7 4 13 12 10 4 2 12 12 13 10 12 ,244.0
3 10 10 2 7 2 2 2 4 2 2 13 13 4 13 2 7 4 4 7 12 12 2 7 12 4 12 13 4 7 2 12 10 7 2 13 13 4 4 2 4 10 2 13 7 13 2 4 7 2 ,236.0
13 12 10 2 7 10 4 12 12 13 7 12 4 2 12 13 12 4 10 2 7 12 10 2 2 4 12 7 4 4 13 13 7 13 12 12 12 13 13 4 13 4 2 2 2 4 7 2 7 12 ,238.0
4 2 12 13 13 4 13 2 2 12 10 13 4 2 4 2 13 7 4 4 4 10 13 7 10 2 10 13 12 7 4 12 12 2 12 4 7 13 10 12 4 10 4 13 4 13 7 4 4 10 ,239.0
2 10 10 4 2 12 4 4 2 13 2 4 4 4 12 4 12 3 12 10 2 4 13 10 4 12 10 2 13 10 4 10 12 4 2 10 13 2 13 2 10 4 7 4 2 4 13 12 13 13 ,255.0
13 13 13 4 13 10 12 10 2 10 13 10 2 10 7 13 2 13 12 2 12 4 13 2 4 12 2 13 7 12 13 2 7 7 10 4 4 10 12 10 10 13 7 12 13 12 12 7 10 12 ,259.0
2 12 7 4 4 12 7 4 4 4 12 12 2 13 13 4 10 13 13 4 13 12 2 12 7 10 13 12 12 2 4 13 4 2 10 3 12 4 2 12 10 2 12 4 4 12 2 7 13 13 ,270.0
7 12 12 10 2 2 2 4 10 4 12 10 2 7 10 12 13 4 4 7 13 7 2 12 2 4 13 4 10 10 12 13 4 3 10 7 2 4 10 12 12 7 12 13 7 4 2 4 12 10 ,217.0
4 4 13 4 4 2 4 2 13 4 12 13 2 10 13 4 12 7 12 10 10 2 13 10 12 7 4 13 2 2 7 4 2 4 4 2 3 4 10 4 3 7 12 10 2 13 2 4 12 12 ,259.0
4 4 4 10 2 12 3 12 7 12 10 12 10 12 13 4 12 2 4 12 4 10 4 7 13 10 2 12 4 2 2 7 12 4 13 2 13 10 13 10 13 4 4 12 2 10 2 2 12 2 ,246.0
10 2 2 7 12 12 12 12 4 4 7 4 12 13 2 2 12 12 2 10 10 13 13 12 13 10 10 12 12 13 2 12 12 10 10 10 4 7 13 12 13 7 4 13 2 2 4 7 12 13 ,238.0
12 4 13 12 2 12 13 12 12 7 4 10 13 2 10 13 12 4 13 4 2 4 4 13 10 4 12 7 4 13 10 12 2 4 10 10 10 10 2 13 4 4 12 2 13 7 10 7 2 7 ,235.0
4 2 2 13 10 7 4 13 12 4 4 7 12 10 12 4 2 10 12 3 7 13 7 2 10 10 13 10 13 4 7 12 12 13 2 7 10 12 2 7 10 10 7 2 2 12 7 12 10 12 ,238.0
4 10 2 13 12 12 13 2 4 4 12 13 2 13 10 4 4 12 12 10 4 12 10 4 2 13 12 13 7 4 13 12 4 12 7 2 10 12 2 7 13 12 7 4 13 2 10 2 13 13 ,262.0
10 10 12 2 10 7 4 4 10 12 2 2 10 4 7 13 4 4 10 2 13 13 13 4 4 12 4 4 4 13 10 3 4 13 4 12 13 2 13 12 2 10 2 7 10 4 12 4 4 2 ,246.0
4 2 12 12 4 7 13 12 13 12 12 4 2 2 4 7 4 12 4 4 3 13 13 12 12 12 10 10 13 10 13 2 2 12 4 7 13 4 7 2 10 2 4 7 13 13 2 10 13 4 ,259.0
12 4 4 2 12 13 12 13 4 2 10 4 13 12 12 12 4 7 7 4 4 13 13 2 13 4 10 13 7 12 10 12 13 10 4 13 7 3 2 10 13 13 10 10 12 4 2 12 4 7 ,257.0
13 10 13 12 10 2 10 4 13 4 2 12 12 4 13 12 4 4 4 10 13 4 12 12 12 2 12 10 7 4 12 10 2 7 2 12 2 10 7 12 2 7 2 7 13 13 4 13 12 12 ,258.0
4 13 4 13 12 13 4 12 2 7 4 13 13 13 2 4 2 12 4 7 4 10 10 12 12 12 4 12 4 13 7 7 12 12 2 10 12 12 4 2 10 4 4 4 4 4 13 2 12 7 ,251.0
13 12 13 4 7 12 13 7 2 4 4 2 13 4 4 2 2 10 13 12 4 2 12 2 12 4 7 10 4 12 2 2 10 4 7 13 2 7 4 10 7 4 10 2 4 4 10 12 7 12 ,231.0
12 13 2 2 13 4 12 12 4 12 10 2 4 13 4 10 4 13 4 4 12 13 4 2 2 12 13 4 12 12 4 12 2 13 4 4 12 12 7 13 10 12 7 12 10 10 4 13 12 13 ,265.0
7 10 13 10 7 10 3 12 2 12 10 2 2 4 12 7 2 10 2 4 7 13 7 7 13 4 2 10 10 4 2 10 4 4 4 12 4 12 4 10 13 4 3 7 13 2 10 7 4 2 ,229.0
12 10 3 10 7 2 13 4 12 7 4 2 2 2 10 2 12 7 2 7 10 2 13 2 7 7 13 4 10 7 4 12 12 7 12 10 13 2 2 10 13 13 13 4 2 7 12 12 2 2 ,238.0
12 12 7 10 7 4 4 2 7 12 2 7 4 10 4 7 2 10 13 10 2 2 12 4 13 2 10 4 2 13 12 7 13 12 12 4 2 13 3 10 12 10 10 4 10 2 10 10 7 12 ,239.0
13 13 10 7 10 12 12 7 3 2 13 12 10 7 2 13 4 13 12 12 10 13 4 4 12 13 12 13 4 7 12 13 10 7 2 10 13 2 2 2 7 2 7 2 4 13 2 10 7 7 ,229.0
13 2 13 13 12 13 7 4 12 7 7 10 2 4 12 10 12 7 12 7 2 4 13 10 2 10 13 4 12 12 10 10 7 12 7 13 13 13 10 10 13 2 13 10 4 4 7 12 4 4 ,249.0
3 12 13 13 10 12 13 4 12 7 12 4 4 4 2 4 12 13 12 7 7 10 10 7 10 13 2 13 2 7 7 10 13 4 12 2 13 10 7 7 4 2 2 12 2 7 4 2 13 13 ,231.0
4 7 2 10 10 10 10 2 2 12 4 4 10 10 2 12 13 10 13 2 13 4 7 7 13 4 7 2 4 2 4 13 7 13 12 4 7 12 12 4 7 12 13 3 12 13 12 2 12 13 ,218.0
13 12 2 4 2 2 10 4 4 13 4 13 10 4 12 13 3 12 4 12 4 2 10 4 12 7 4 10 4 7 2 7 12 13 13 4 7 7 4 2 4 13 12 10 13 10 2 12 10 13 ,241.0
13 12 4 4 4 4 2 12 13 12 10 4 13 12 13 2 13 2 10 12 13 4 13 4 13 13 2 12 13 2 10 4 10 13 4 2 12 12 2 4 7 13 3 12 10 4 7 12 7 2 ,267.0
2 4 7 4 10 2 12 12 13 4 10 2 13 7 12 10 7 13 12 4 10 2 7 2 12 10 7 7 7 13 12 7 13 13 7 10 7 10 4 10 7 10 13 13 12 12 4 7 7 4 ,248.0
10 13 4 4 13 10 2 4 2 2 13 13 10 12 10 12 12 13 7 4 2 13 12 13 2 10 12 13 12 12 2 12 2 7 13 12 12 12 12 2 4 2 13 2 12 13 12 10 2 2 ,245.0
12 4 2 10 12 13 10 10 13 2 12 13 4 7 10 12 4 4 13 4 10 13 2 2 2 13 13 4 2 12 10 12 10 13 2 2 12 4 10 10 4 2 13 13 4 10 13 2 2 2 ,259.0
13 12 4 12 4 13 4 2 12 4 2 13 12 12 12 13 2 12 4 13 13 4 2 12 4 10 13 10 12 13 2 12 2 13 2 4 13 4 4 12 13 2 13 7 10 7 4 7 4 13 ,249.0
13 4 2 10 2 10 13 4 12 13 2 4 10 7 2 12 7 4 2 2 12 4 7 12 13 2 4 10 2 12 2 13 13 4 10 13 2 13 2 4 4 13 2 4 13 2 13 10 12 7 ,248.0
13 13 3 3 4 7 4 4 12 12 13 4 10 4 4 4 10 10 2 7 13 12 13 2 2 4 2 12 10 2 13 12 10 10 10 4 12 10 13 4 4 13 4 13 13 10 12 4 13 10 ,229.0
2 4 7 13 13 4 12 10 4 4 13 4 13 4 13 12 13 2 4 12 2 13 7 2 10 13 10 2 10 10 4 2 12 10 2 4 7 10 10 4 4 4 13 10 12 13 10 13 13 10 ,250.0
12 4 12 12 10 13 4 4 13 2 4 10 2 2 2 2 4 12 4 13 4 13 2 7 4 12 13 13 13 12 4 4 2 2 13 7 4 4 13 4 4 10 4 12 10 13 12 4 12 7 ,259.0
2 12 7 10 13 13 2 2 10 13 12 2 4 13 13 4 2 10 10 12 2 7 13 2 4 4 4 7 2 10 10 10 7 12 12 10 7 7 10 4 4 10 13 12 12 12 13 13 12 4 ,246.0
10 2 4 3 12 4 10 4 12 7 13 2 12 4 12 13 12 4 4 10 13 12 13 4 2 4 2 2 13 10 2 4 10 12 7 10 7 2 13 12 12 4 2 12 12 2 13 7 10 12 ,271.0
12 3 12 13 12 12 7 12 13 2 13 12 4 10 10 10 12 4 2 13 13 7 13 13 13 2 4 2 2 12 4 2 7 13 2 13 12 12 7 2 7 7 10 13 12 2 7 7 10 2 ,242.0
4 10 13 13 2 12 13 4 4 7 13 10 12 12 2 12 10 12 2 2 7 7 10 4 13 13 12 12 10 2 12 2 13 12 2 10 2 2 13 4 13 2 4 4 2 10 4 12 13 2 ,261.0
10 2 13 10 10 12 10 2 4 4 7 13 7 12 10 4 10 10 13 12 12 7 4 12 10 2 12 13 2 7 2 4 4 12 7 7 4 13 10 13 12 4 7 7 13 2 4 4 2 7 ,235.0
2 12 7 2 10 10 10 13 13 2 2 4 4 7 4 12 13 7 7 2 13 4 10 2 4 12 13 13 7 12 13 7 2 2 4 12 12 4 10 7 2 12 4 2 4 12 7 4 12 10 ,223.0
4 13 12 12 2 13 4 13 13 4 2 10 4 2 10 13 10 13 2 2 4 2 13 10 13 4 10 4 4 10 13 12 2 10 10 12 2 13 10 2 7 4 7 10 2 10 3 12 12 12 ,229.0
12 13 2 4 4 12 12 13 13 13 4 2 7 2 10 4 2 13 7 2 2 10 4 7 12 13 2 12 2 4 2 10 2 4 7 2 4 7 2 13 13 10 2 10 10 7 13 2 4 13 ,222.0
4 13 2 4 10 12 4 4 4 10 7 10 12 2 12 10 13 10 10 4 13 12 12 12 13 4 7 2 7 2 10 13 10 2 10 7 10 10 12 12 2 4 13 12 13 7 10 10 10 10 ,235.0
4 12 4 12 13 2 12 4 4 12 12 4 7 4 2 12 3 2 7 7 4 2 10 10 13 13 2 12 12 2 4 12 7 13 2 13 13 4 13 13 4 10 12 7 12 4 4 4 12 12 ,260.0
4 10 12 13 7 2 7 13 7 13 10 2 10 10 2 13 4 7 4 4 2 2 13 4 2 2 2 2 2 4 10 4 7 4 7 12 13 4 10 12 7 10 2 4 7 7 10 12 12 13 ,229.0
10 13 2 10 7 12 12 13 10 13 13 4 4 2 13 4 4 2 13 10 12 10 7 2 2 7 4 2 2 4 10 12 12 10 12 4 7 13 12 13 7 10 3 4 12 2 2 13 2 12 ,249.0
13 12 13 3 4 13 13 2 4 10 2 2 2 10 13 12 13 2 10 12 10 13 2 10 13 13 2 12 13 2 4 2 12 10 4 2 2 12 4 4 2 2 13 4 3 13 12 12 4 13 ,257.0
13 13 12 2 12 12 13 10 13 13 2 2 7 13 12 2 12 7 2 4 10 10 7 4 13 4 12 13 2 13 10 12 12 13 4 10 2 4 4 12 13 2 13 10 10 12 3 10 2 12 ,243.0
4 13 12 4 13 13 2 2 10 10 13 10 12 2 4 13 2 12 4 2 13 13 7 4 4 4 13 2 13 12 10 2 12 12 7 2 13 7 12 4 13 7 3 4 13 10 4 4 4 2 ,254.0
7 4 12 10 13 10 4 12 13 2 10 7 2 7 12 13 4 2 10 2 2 2 2 7 13 4 12 7 7 7 7 4 2 10 7 7 13 4 12 10 7 12 7 12 12 4 2 12 2 13 ,231.0
2 2 10 7 10 2 12 2 4 10 13 4 13 13 7 13 12 10 12 4 7 7 12 2 2 13 7 2 4 12 4 10 12 12 4 13 2 10 2 4 12 10 12 10 10 2 12 12 12 4 ,230.0
10 4 4 4 2 2 4 13 7 2 2 2 7 10 13 12 10 12 4 10 4 12 2 2 4 12 4 4 4 12 13 10 12 12 2 13 3 7 7 12 4 12 2 13 4 12 4 2 13 13 ,230.0
2 12 4 10 2 10 4 7 13 3 2 4 13 4 10 4 4 2 2 10 7 12 13 10 4 12 12 4 2 2 13 3 2 13 7 12 13 10 4 10 13 12 12 4 4 2 4 2 12 13 ,245.0
13 2 2 7 12 13 10 12 10 12 13 10 4 13 10 10 10 2 4 4 12 12 4 12 13 4 12 2 7 13 12 13 7 2 13 10 4 12 2 13 7 4 7 7 4 4 13 13 12 4 ,233.0
2 4 2 12 12 2 4 10 13 12 12 10 4 13 7 13 13 4 2 3 12 13 4 2 13 12 4 3 13 13 7 10 2 4 7 7 7 13 12 2 2 13 7 2 13 4 2 13 2 12 ,245.0
12 7 4 12 12 10 2 2 4 10 10 2 2 2 13 2 4 12 13 12 2 4 7 2 2 4 12 4 10 12 10 13 10 10 12 10 4 12 13 2 13 10 7 10 2 4 10 10 12 10 ,238.0
7 7 12 4 4 4 4 10 4 2 2 13 10 2 13 12 13 7 2 13 4 4 7 10 12 13 13 10 13 2 10 13 12 2 10 12 2 2 2 7 10 3 10 2 7 7 7 12 4 4 ,236.0
4 12 2 4 10 12 7 13 10 2 2 12 2 12 12 4 10 10 7 2 4 2 7 12 13 2 7 2 12 2 13 2 2 4 2 12 13 2 13 3 7 2 12 12 2 13 10 12 13 4 ,239.0
12 12 2 13 2 10 2 10 7 10 10 12 10 13 12 7 7 13 12 13 10 2 10 2 7 2 12 10 2 4 12 12 12 4 4 13 4 12 13 7 10 10 13 12 12 4 4 7 13 10 ,242.0
4 10 7 10 4 13 12 2 13 7 4 10 12 4 4 10 7 13 10 12 13 12 12 10 2 7 13 4 4 7 7 4 4 13 13 10 2 4 4 2 4 10 7 10 4 2 7 2 4 2 ,216.0
4 4 12 4 13 2 13 7 13 2 2 2 2 12 7 2 12 10 4 4 2 12 13 12 12 4 13 13 4 4 2 12 2 7 10 12 4 4 7 13 4 10 2 12 12 2 12 4 13 12 ,276.0
4 7 10 7 4 4 10 10 13 12 10 4 2 10 12 12 10 13 13 4 2 13 10 7 2 13 7 4 12 4 10 10 13 7 2 10 12 4 2 7 4 2 12 10 12 2 12 4 2 7 ,236.0
12 13 10 13 2 13 13 7 2 13 12 13 2 2 7 13 13 2 13 4 2 4 10 4 13 10 13 7 2 13 10 13 2 7 12 10 4 3 4 10 13 7 12 12 12 4 4 13 10 13 ,231.0
4 12 12 10 7 10 12 4 13 2 12 4 13 12 4 12 13 10 13 2 12 4 13 7 2 4 10 7 7 7 12 10 12 12 7 12 4 12 2 13 4 12 2 2 2 7 4 12 2 7 ,256.0
7 13 4 2 7 4 2 7 4 12 12 13 10 7 4 13 2 7 13 2 2 2 10 10 12 10 7 3 10 10 12 4 2 4 12 4 4 10 4 2 4 13 10 13 13 13 4 2 4 10 ,237.0
10 10 12 7 12 7 13 10 7 4 4 10 7 7 2 13 4 12 4 10 10 12 4 7 12 7 12 2 2 10 2 2 2 7 12 4 13 10 2 2 10 2 13 10 4 4 2 13 7 13 ,226.0
2 13 2 2 13 2 7 2 4 13 2 13 2 13 2 4 3 12 2 10 2 13 7 4 4 12 12 7 4 4 2 12 4 13 13 10 4 10 10 13 10 10 13 12 10 13 12 10 4 2 ,259.0
10 7 12 4 4 13 13 4 10 12 13 10 13 10 13 2 2 7 7 12 2 13 2 4 4 2 2 7 2 12 12 13 13 10 4 12 2 13 4 4 12 12 13 2 13 10 10 13 7 13 ,232.0
12 2 13 10 13 10 2 12 12 4 13 10 7 13 4 13 12 4 12 12 13 4 12 12 2 2 2 2 2 2 2 7 4 13 10 10 13 12 4 12 2 12 4 12 10 12 12 13 2 12 ,253.0
2 12 4 13 13 2 7 10 10 12 7 12 2 10 10 10 10 4 13 7 2 4 2 10 13 7 10 10 10 4 12 12 12 2 4 4 4 10 12 12 10 3 7 12 10 4 4 4 4 4 ,237.0
12 2 12 7 12 13 13 10 2 12 10 13 4 2 13 10 7 12 13 2 12 7 12 13 4 4 7 2 4 2 4 4 13 13 10 12 4 4 2 4 13 2 12 13 7 12 13 2 13 4 ,241.0
7 12 12 12 12 13 2 4 4 12 7 13 12 12 2 10 10 2 2 4 10 12 2 7 10 13 7 7 12 13 4 2 4 10 2 13 4 4 4 10 4 4 2 12 10 10 10 4 10 13 ,227.0
7 2 7 4 2 7 10 3 4 2 7 4 10 4 12 13 2 13 12 13 12 7 10 2 4 4 13 13 2 2 10 7 13 7 13 10 10 4 12 4 13 2 10 13 12 4 2 10 13 10 ,237.0
2 7 7 7 12 13 10 7 4 13 12 10 7 13 10 7 7 12 2 13 7 10 10 10 12 4 13 10 4 4 4 2 4 12 12 4 13 7 12 13 4 12 10 2 10 4 3 2 3 4 ,223.0
2 12 2 2 13 7 13 7 10 10 4 3 13 4 10 3 4 4 13 12 10 12 13 4 10 13 13 10 2 7 12 4 12 13 12 13 7 13 4 10 2 7 13 7 12 12 13 12 4 12 ,233.0
13 2 10 12 12 4 10 4 10 12 12 12 13 2 2 4 12 7 12 2 13 12 13 10 10 4 4 10 7 13 7 10 13 12 4 7 13 7 2 12 10 2 2 10 2 4 4 13 4 4 ,256.0
10 2 2 12 12 10 12 4 4 13 2 10 13 12 2 12 13 4 12 13 13 12 13 7 4 2 10 13 13 13 12 2 4 2 10 4 13 12 2 13 13 4 12 10 10 10 12 2 12 10 ,283.0
7 2 2 2 13 13 3 13 4 2 10 2 2 10 7 10 12 2 7 12 2 12 12 12 4 12 4 10 12 13 7 10 2 4 7 10 2 7 13 4 4 13 2 7 12 2 10 10 7 2 ,244.0
10 10 13 10 2 7 2 12 10 2 10 13 4 10 12 12 2 13 4 4 10 2 4 7 7 2 13 10 10 10 2 4 13 4 12 12 13 12 7 7 4 12 4 2 13 4 13 4 13 7 ,238.0
10 12 10 12 10 12 2 10 12 12 12 12 10 4 4 13 13 4 10 13 13 2 7 12 2 7 12 12 4 13 13 4 13 12 13 2 7 12 2 13 12 2 12 13 12 10 12 2 4 7 ,282.0
13 13 13 2 4 7 12 13 2 7 2 7 2 10 4 4 10 13 10 3 4 13 2 2 7 2 13 7 4 7 4 10 10 2 12 7 4 4 13 7 4 10 12 12 12 7 10 2 10 10 ,239.0
2 3 10 2 2 7 10 10 7 2 2 13 13 2 2 3 10 13 13 10 7 10 12 12 13 13 4 7 2 10 7 12 13 13 4 12 10 12 12 2 12 4 2 7 12 4 13 13 7 2 ,245.0
2 4 4 12 10 2 7 7 13 2 12 12 12 13 4 10 13 7 2 12 4 4 7 12 13 4 12 4 10 4 2 13 10 13 7 12 4 4 2 12 7 12 4 12 2 10 12 13 4 13 ,230.0
12 13 12 2 2 10 12 10 12 13 12 13 4 10 4 10 12 4 7 13 2 10 12 13 12 12 13 12 10 4 13 10 13 12 12 4 4 4 12 4 13 2 2 13 10 4 2 7 2 10 ,256.0
10 12 7 2 2 7 4 4 13 4 2 2 10 7 7 7 12 2 4 13 4 10 7 4 7 10 2 7 12 7 13 13 2 2 12 12 4 10 4 2 4 12 10 3 10 12 10 2 10 12 ,237.0
2 13 7 4 4 13 13 4 10 2 10 4 12 2 4 7 4 13 4 12 2 13 10 2 2 12 2 2 4 4 13 7 4 4 2 4 4 10 4 4 7 7 4 13 4 13 7 10 13 7 ,229.0
12 12 4 13 13 2 4 13 2 10 10 10 7 7 4 13 10 7 7 12 12 10 7 12 7 10 3 10 10 12 4 10 12 12 7 7 12 13 4 4 12 7 10 13 2 10 13 2 12 4 ,225.0
2 7 2 13 3 4 12 2 2 7 7 10 7 7 12 2 4 4 2 12 4 13 13 2 12 2 12 12 4 13 7 2 12 13 10 12 12 12 7 12 7 7 4 7 7 2 4 4 2 7 ,214.0
2 13 13 13 12 12 7 10 2 4 7 2 4 12 10 4 12 13 12 10 12 10 2 7 10 4 10 10 10 4 12 12 13 4 4 10 7 10 12 12 13 7 10 7 4 10 13 10 12 12 ,220.0
2 12 2 4 13 2 2 10 3 12 10 4 13 13 2 12 4 10 2 13 12 12 12 4 2 2 13 4 4 2 13 3 2 13 13 13 13 10 12 2 12 12 10 2 13 13 2 7 10 12 ,270.0
13 13 4 2 4 2 4 4 13 10 10 10 13 2 2 4 7 13 10 13 13 7 12 12 13 3 13 4 4 4 13 12 7 2 12 2 13 7 2 13 4 12 10 4 12 4 12 7 4 13 ,239.0
13 4 2 4 13 13 4 4 13 10 13 12 2 12 10 7 10 4 12 4 7 3 2 13 2 7 4 12 4 10 4 13 7 7 2 12 4 4 2 12 12 7 7 13 2 13 2 12 12 12 ,247.0
13 12 12 4 12 4 3 12 7 4 2 7 13 12 12 13 12 13 13 12 2 2 13 10 4 4 13 12 4 2 12 10 7 13 2 13 3 4 2 13 2 2 4 2 12 4 13 13 2 10 ,255.0
2 4 4 2 12 12 12 12 2 2 7 2 4 4 3 10 2 4 2 2 13 7 2 12 12 2 13 12 13 4 13 10 12 4 10 4 12 4 13 7 4 12 2 13 7 12 13 10 12 10 ,247.0
3 2 4 13 3 2 4 12 13 2 7 2 4 7 7 7 13 10 7 4 7 2 4 12 4 13 2 2 4 4 4 12 13 13 2 10 10 13 10 4 4 10 7 4 12 12 2 12 13 10 ,238.0
7 12 4 7 10 2 4 7 13 13 13 4 2 4 2 2 13 4 10 4 7 4 12 12 12 7 13 7 12 4 7 2 13 13 10 13 4 4 10 4 4 12 10 10 12 12 10 2 2 7 ,234.0
13 7 12 13 7 12 2 13 2 4 4 2 13 10 12 12 13 13 12 7 12 12 10 10 13 2 4 7 4 3 10 4 12 12 13 2 12 12 2 10 2 12 2 7 12 2 2 7 12 7 ,242.0
13 2 13 12 2 13 4 4 2 10 4 10 3 13 2 10 2 13 4 7 13 12 12 4 12 10 12 3 10 12 4 4 12 7 12 13 12 2 12 13 12 2 2 10 13 13 13 10 2 4 ,261.0
10 2 4 4 12 12 2 13 13 4 13 2 12 12 4 12 12 2 10 4 10 4 7 12 4 2 4 4 2 2 13 10 2 3 13 2 10 4 7 12 13 4 7 13 4 12 7 10 2 2 ,243.0
2 2 4 10 12 10 4 4 12 10 13 13 13 12 10 13 10 7 12 7 2 2 13 4 7 13 4 7 2 7 12 10 4 12 4 4 2 4 7 2 7 4 10 12 10 4 2 13 7 13 ,230.0
13 2 4 12 10 4 2 12 10 4 13 13 2 13 10 2 4 12 4 2 12 2 10 4 4 10 13 13 4 4 12 2 4 13 12 13 12 2 7 12 2 13 3 7 10 13 4 2 12 4 ,243.0
4 2 12 13 13 7 2 13 12 12 13 13 13 4 4 4 12 13 4 4 2 7 4 4 2 10 12 13 12 4 7 2 4 13 12 10 13 12 12 2 4 2 12 13 4 7 7 12 13 3 ,262.0
2 2 4 4 4 12 12 12 7 7 4 7 10 4 10 2 10 10 10 13 4 4 4 10 4 7 10 12 7 12 3 7 10 13 12 13 13 4 7 4 4 13 4 2 2 7 4 7 7 12 ,225.0
7 12 12 4 13 4 2 4 13 4 13 13 2 13 4 4 2 7 10 4 4 4 13 10 13 7 13 12 4 2 4 2 13 12 10 2 2 7 4 13 12 12 13 2 10 13 4 12 12 10 ,247.0
10 2 2 2 12 7 2 4 7 4 2 4 12 12 7 2 4 2 10 10 13 7 4 13 7 12 2 2 7 13 4 7 13 12 4 2 4 2 10 2 7 10 13 2 7 12 12 12 12 10 ,230.0
4 10 10 12 7 7 2 4 4 10 2 13 2 13 4 13 7 13 10 2 12 13 12 7 12 12 4 4 12 2 4 12 13 7 2 7 2 2 10 13 2 12 13 12 13 2 4 7 4 10 ,235.0
4 10 4 4 2 13 10 2 10 12 7 12 12 13 13 12 2 12 4 13 7 7 4 2 13 2 12 7 7 2 7 10 4 12 4 10 4 10 4 12 13 7 13 4 4 10 13 7 4 12 ,234.0
12 10 13 2 2 12 4 4 10 12 12 2 10 12 4 2 4 12 12 2 10 7 4 12 13 10 4 4 2 4 2 10 2 2 2 12 12 2 4 10 4 4 2 4 13 4 7 4 12 13 ,239.0
