12 12 4 12 4 2 12 10 4 13 10 7 4 12 12 4 13 13 12 2 13 10 2 4 7 7 10 4 4 4 2 12 10 10 4 4 4 10 12 10 10 13 4 12 7 10 10 4 4 12 ,586.0
2 4 2 10 10 4 2 3 12 12 4 13 2 12 4 4 10 4 4 4 7 13 10 7 2 13 10 2 4 12 4 4 2 12 7 4 10 10 7 4 13 4 13 12 7 10 10 3 4 12 ,576.0
12 4 12 2 2 2 13 10 3 12 2 13 12 2 13 12 10 4 10 2 2 12 12 7 4 7 4 10 12 10 2 13 10 10 7 12 4 2 4 13 7 2 3 4 12 4 4 7 4 2 ,589.0
2 12 12 13 12 2 7 13 7 13 4 4 4 4 4 10 4 2 2 10 7 4 7 13 7 13 10 3 4 10 12 2 13 7 7 10 2 4 4 13 3 4 4 4 13 10 2 13 2 2 ,581.0
12 4 13 7 4 12 7 10 12 2 4 2 12 12 4 2 13 4 4 10 13 10 7 10 12 2 4 2 12 4 4 2 4 10 4 4 12 2 10 10 2 10 10 4 4 4 13 2 4 13 ,581.0
10 4 10 4 12 4 12 4 2 10 7 12 13 2 13 10 4 12 7 2 2 4 10 12 12 2 4 2 2 4 7 4 7 12 4 2 7 13 12 2 10 12 4 7 13 13 4 4 10 2 ,588.0
12 2 2 4 3 7 7 12 12 2 13 12 12 4 10 4 2 7 10 12 12 4 4 10 7 4 4 2 10 4 7 12 2 12 12 4 2 4 7 2 10 2 13 3 13 13 4 4 10 12 ,585.0
12 12 12 10 7 12 7 13 12 10 13 4 10 4 12 2 12 13 13 13 10 4 13 3 12 7 12 2 4 13 7 12 4 12 13 10 4 7 7 4 7 2 12 12 2 13 4 12 4 4 ,600.0
13 2 10 13 12 7 4 4 12 4 12 13 12 12 4 12 2 4 4 7 12 2 2 7 12 10 12 12 13 13 4 10 2 13 2 7 2 2 10 12 12 4 13 12 10 2 10 13 2 13 ,606.0
10 13 10 4 4 7 4 13 12 12 4 10 13 4 12 12 4 7 7 2 4 3 4 4 12 2 13 13 10 4 13 10 4 7 4 10 12 4 7 2 2 4 10 2 7 13 4 4 4 4 ,574.0
7 13 2 12 4 3 10 2 10 4 12 4 2 2 4 2 7 2 12 10 4 12 4 4 7 4 2 12 10 10 4 2 3 12 13 4 13 7 13 13 12 7 4 7 4 2 4 2 4 4 ,576.0
7 2 12 13 2 10 12 2 13 4 2 4 2 12 4 2 10 12 2 12 4 2 2 4 4 2 4 12 13 13 4 10 13 4 13 13 2 2 12 10 13 4 4 10 7 4 12 2 4 12 ,591.0
2 4 7 4 13 12 4 4 13 10 10 10 10 2 10 2 7 7 4 12 4 3 4 12 7 4 4 2 12 3 10 12 2 12 2 10 13 2 4 4 10 12 2 2 7 2 12 2 2 4 ,581.0
4 13 13 2 7 13 4 2 13 2 4 4 13 4 10 4 4 4 7 12 4 13 2 13 4 4 7 13 4 2 2 4 10 2 4 10 7 10 4 12 4 4 2 7 2 7 12 13 7 4 ,576.0
3 13 4 4 7 4 13 13 2 4 12 10 13 13 7 13 13 13 3 10 12 4 12 7 10 13 4 2 13 12 12 4 7 2 10 13 4 4 2 4 2 10 7 12 2 12 4 13 12 4 ,590.0
4 2 13 4 4 4 13 13 7 12 2 12 4 2 10 4 2 4 12 10 7 4 10 2 12 7 10 7 12 10 2 4 10 4 7 2 13 13 7 2 4 10 4 2 4 4 7 12 10 4 ,581.0
4 10 10 4 10 4 4 4 7 4 7 2 2 2 10 13 10 7 13 12 10 2 4 7 2 13 10 2 4 3 12 4 10 13 7 4 4 12 13 13 4 10 10 10 12 4 12 7 7 4 ,580.0
4 2 4 10 10 4 10 13 12 13 4 2 7 2 12 12 2 12 4 13 10 4 13 13 4 12 2 12 3 4 10 4 4 2 4 13 7 13 4 2 12 12 2 4 13 4 2 7 2 7 ,585.0
10 4 10 4 4 10 13 4 4 4 4 10 12 12 12 12 7 12 2 2 10 13 12 12 10 12 2 4 2 12 2 12 12 2 7 13 12 2 10 12 13 13 13 2 2 13 13 13 13 4 ,605.0
7 12 4 13 2 10 2 13 4 3 4 13 4 4 2 13 2 4 10 4 12 13 10 10 10 2 4 12 4 2 13 12 10 2 7 2 13 4 2 4 4 12 4 10 12 10 12 10 12 7 ,586.0
4 13 4 13 10 13 10 12 10 2 2 10 7 4 12 4 4 12 10 12 2 13 10 13 13 13 4 7 10 7 12 4 12 4 13 12 10 13 12 4 2 4 13 2 2 2 4 2 10 12 ,597.0
12 4 13 4 13 2 13 2 4 4 4 4 4 2 7 2 4 2 12 10 4 13 4 10 12 2 13 2 3 13 10 10 10 4 7 12 12 7 13 13 13 2 13 13 2 13 2 10 12 4 ,591.0
13 2 12 4 2 4 4 7 2 12 2 2 12 4 12 13 2 4 10 10 10 10 4 4 12 12 4 4 7 2 4 13 12 2 13 2 13 12 12 4 2 7 7 12 13 4 7 7 4 13 ,591.0
4 4 10 13 7 12 4 2 13 12 12 12 13 2 13 2 2 12 10 3 2 7 13 2 13 7 12 4 12 4 2 2 13 13 12 10 12 10 10 10 7 10 12 4 4 12 2 13 2 2 ,603.0
4 7 12 10 4 4 4 12 10 12 13 2 7 4 10 4 7 7 2 12 10 13 13 12 2 4 4 2 2 12 12 2 4 12 13 4 13 2 12 12 4 2 12 7 12 2 2 10 4 7 ,593.0
13 12 13 2 10 4 10 13 10 13 10 4 12 4 13 4 2 2 12 2 12 2 10 4 12 10 10 4 2 4 2 4 12 2 4 10 13 7 13 10 7 4 7 12 12 10 4 2 2 4 ,591.0
4 10 2 2 10 13 2 13 13 4 10 7 10 12 4 4 13 12 2 12 2 7 12 13 4 2 7 7 4 10 4 12 13 2 13 7 13 4 12 13 12 10 13 2 10 2 2 7 2 4 ,599.0
10 2 4 13 4 4 2 12 12 13 4 10 12 7 10 2 4 13 4 13 13 4 13 4 12 13 4 13 4 12 13 12 2 7 12 4 2 2 13 2 4 10 2 2 3 12 2 2 7 13 ,592.0
7 4 4 4 2 4 4 13 10 2 2 4 13 4 13 7 4 10 4 2 10 12 13 7 7 7 4 13 4 7 2 10 2 4 4 2 7 12 7 2 3 10 13 10 13 13 2 13 12 7 ,583.0
12 2 10 10 12 2 2 13 13 4 12 10 12 2 4 13 12 13 12 2 2 13 10 12 7 12 4 2 10 2 2 4 10 10 2 12 4 13 12 13 2 4 7 2 4 10 12 4 4 4 ,598.0
12 13 12 4 2 2 4 4 12 12 7 12 4 13 13 2 2 7 13 4 10 13 4 12 7 13 2 13 2 13 12 4 13 13 4 10 2 10 12 10 13 4 12 10 10 12 12 4 12 2 ,603.0
4 12 2 13 12 2 12 12 13 4 7 13 13 4 12 10 7 12 2 2 4 4 4 4 12 13 4 12 10 2 2 2 2 13 12 7 7 2 10 12 13 4 10 13 4 12 12 3 13 2 ,598.0
4 13 4 12 2 4 2 10 7 4 7 2 10 2 12 10 13 2 4 4 13 2 4 2 10 2 2 7 13 4 4 7 10 2 4 4 4 7 2 4 7 4 4 7 7 13 10 7 13 4 ,576.0
12 13 3 4 12 10 12 12 13 13 2 13 4 4 4 13 12 12 2 7 4 12 10 2 2 7 7 4 2 12 7 12 10 13 12 2 13 13 12 10 12 2 7 2 13 2 4 7 12 13 ,606.0
2 10 2 4 2 12 4 4 4 12 12 3 13 10 10 2 12 4 13 12 12 7 4 12 2 10 4 2 12 13 4 12 13 4 10 10 13 12 4 12 13 10 13 7 13 13 10 13 4 12 ,597.0
2 7 2 10 4 13 4 10 2 2 4 10 4 4 13 12 10 10 10 12 4 12 12 2 2 2 13 13 12 2 2 12 13 2 4 2 10 10 2 12 12 12 12 12 4 4 4 13 4 4 ,593.0
10 12 12 3 7 4 2 7 13 7 12 10 7 12 10 4 2 7 12 13 10 4 13 2 2 4 12 2 4 2 4 7 2 10 7 10 2 13 4 4 10 7 10 7 7 4 10 10 12 3 ,587.0
4 12 4 2 12 10 7 2 12 13 13 2 12 4 13 7 13 2 10 2 13 12 12 12 13 2 3 12 10 12 13 10 2 13 10 2 12 4 10 13 10 7 4 2 10 12 10 13 2 2 ,608.0
10 13 7 10 4 4 4 12 4 2 4 7 12 4 3 13 13 7 4 4 2 4 2 7 13 12 12 7 10 2 4 13 4 2 4 7 10 12 12 10 4 2 13 12 7 10 13 4 10 2 ,583.0
3 12 4 4 4 4 10 10 4 4 12 2 10 10 4 2 7 13 7 10 4 7 7 13 4 7 12 10 2 10 10 12 10 13 10 13 12 4 2 2 4 4 10 7 10 4 2 12 2 2 ,581.0
4 4 4 10 2 12 12 2 13 4 7 12 2 12 12 7 10 10 13 4 4 4 13 2 12 12 10 4 12 4 4 10 4 13 3 13 10 4 2 2 2 12 10 10 10 12 7 10 12 2 ,589.0
7 4 7 12 13 13 4 4 4 7 7 12 2 12 13 4 13 4 10 2 2 4 4 4 12 3 2 4 10 10 3 12 10 4 12 12 10 13 10 4 10 10 2 10 4 10 4 10 7 7 ,578.0
2 4 2 4 10 13 7 10 13 2 13 12 12 12 2 12 7 3 2 2 4 13 12 2 13 3 13 2 2 2 13 13 4 10 2 10 4 4 4 13 4 7 4 13 12 7 2 4 7 12 ,591.0
7 10 12 4 4 13 13 2 12 4 4 4 2 10 2 10 13 4 2 3 7 4 12 10 12 4 7 12 10 2 2 7 4 13 13 13 10 4 13 10 2 13 2 4 4 4 4 2 12 12 ,584.0
2 13 4 12 4 2 7 4 2 7 2 3 13 2 2 4 10 7 10 7 4 7 2 12 2 13 2 12 2 7 2 2 10 4 10 10 12 2 13 12 12 10 2 4 2 13 12 12 4 13 ,595.0
13 13 4 4 4 4 13 4 7 2 2 7 2 4 10 13 12 10 4 7 2 2 4 10 4 4 7 10 3 7 12 13 2 2 2 12 7 10 4 12 2 4 2 2 10 10 4 4 4 7 ,576.0
12 2 13 7 7 13 10 2 10 12 4 2 10 4 4 13 4 4 13 4 13 12 4 12 12 4 13 10 10 13 4 7 4 2 2 12 4 10 2 2 10 3 4 12 12 4 4 10 4 2 ,582.0
4 4 7 4 13 12 4 7 2 2 4 2 12 7 10 4 4 4 4 13 7 10 4 7 4 4 13 2 7 4 2 7 4 2 12 12 4 13 4 10 12 12 4 13 10 4 12 10 10 13 ,577.0
7 4 10 2 3 12 4 13 2 2 10 7 12 12 13 13 4 10 2 2 13 13 4 4 10 13 4 13 13 4 13 2 13 12 13 4 2 7 10 13 4 4 4 13 7 10 2 4 4 2 ,588.0
12 2 4 7 10 10 4 10 4 13 7 4 13 3 4 4 4 10 10 4 10 4 4 10 7 13 7 13 4 13 2 2 13 2 4 12 3 4 2 12 13 10 13 4 12 10 4 2 13 4 ,575.0
4 10 4 7 13 10 2 4 4 4 12 10 12 2 2 4 2 2 2 7 12 7 10 10 12 4 4 10 7 10 12 4 7 13 7 4 13 12 2 10 4 12 10 12 7 13 13 4 13 13 ,591.0
13 4 7 10 7 4 4 2 4 4 10 10 2 4 10 13 4 2 4 3 2 4 7 4 7 4 2 10 13 13 10 4 2 10 7 12 10 12 4 4 4 10 2 4 13 2 13 13 2 12 ,575.0
2 12 13 2 13 4 13 13 7 12 3 12 2 12 12 13 4 2 7 10 2 7 12 2 4 10 2 2 2 3 4 13 12 13 12 13 10 2 4 13 2 13 4 4 4 10 12 12 10 7 ,598.0
13 12 12 10 10 12 2 12 12 4 4 7 4 13 7 12 10 4 12 12 2 4 7 2 7 12 3 12 12 2 12 10 4 10 13 10 13 4 2 12 2 7 2 3 2 4 2 2 2 2 ,595.0
13 4 4 4 13 7 10 13 3 12 7 7 13 13 13 4 2 13 7 13 4 4 13 12 4 10 3 7 2 2 7 2 12 10 4 4 10 10 10 10 7 12 4 10 4 4 10 12 13 12 ,586.0
2 4 4 13 2 2 12 10 7 12 2 4 10 2 10 10 2 10 4 13 2 10 12 12 10 12 7 4 10 12 4 7 2 10 10 4 13 2 4 10 13 10 4 12 12 12 13 12 4 4 ,593.0
2 13 4 4 4 13 13 13 7 13 2 3 12 4 4 13 13 4 12 4 12 12 10 10 4 13 2 10 2 10 2 13 13 10 4 4 4 12 2 7 2 10 2 4 10 10 10 10 13 7 ,589.0
4 4 10 13 4 4 12 13 13 4 2 2 2 12 10 10 2 4 10 7 2 4 10 4 4 7 13 10 12 4 12 4 4 7 2 13 12 12 10 12 2 2 13 7 4 12 10 2 2 4 ,586.0
2 4 10 2 4 7 10 12 10 4 2 7 7 10 4 4 2 13 4 2 2 10 12 2 2 3 4 13 12 10 2 2 10 13 2 2 7 3 2 4 4 4 2 12 10 13 7 4 13 13 ,582.0
10 13 12 4 4 13 4 2 7 13 2 4 4 10 7 4 2 4 10 13 2 2 4 10 4 7 4 2 12 12 12 10 2 12 13 2 4 4 7 10 2 12 12 13 12 13 2 12 7 4 ,590.0
2 13 2 2 2 13 4 2 2 13 4 2 4 10 7 7 2 4 4 4 10 4 12 4 13 4 4 10 4 4 4 13 12 10 2 7 4 12 7 2 4 13 12 7 10 13 2 13 4 12 ,581.0
7 2 4 10 10 13 7 4 4 2 2 13 13 13 10 4 4 13 12 2 7 12 12 4 2 12 10 4 7 10 12 4 4 13 12 4 4 12 12 2 4 4 12 12 2 4 4 13 12 12 ,589.0
4 2 2 4 2 2 13 13 2 13 4 2 3 3 13 2 4 2 10 12 13 2 4 2 12 2 13 12 10 12 4 12 10 4 2 7 13 13 12 2 10 4 13 13 2 2 13 13 4 4 ,592.0
2 10 4 7 7 12 7 7 4 2 4 12 10 13 4 10 3 10 13 7 2 4 10 3 4 10 4 4 12 13 13 12 7 4 4 4 7 7 4 7 7 2 2 10 4 7 4 2 2 10 ,574.0
4 13 2 12 12 12 13 4 2 2 2 12 10 10 13 12 12 4 4 3 13 7 12 10 4 7 4 13 12 10 13 10 12 7 10 13 10 4 13 12 10 2 7 7 7 4 2 4 7 4 ,595.0
4 10 3 4 4 4 13 2 2 2 4 12 4 13 7 2 4 4 12 13 7 12 4 10 12 4 4 13 7 2 12 13 7 2 12 13 10 7 4 10 2 4 4 7 2 12 4 4 2 12 ,579.0
10 4 10 7 4 10 4 12 4 10 13 4 13 13 10 4 2 13 2 2 4 7 4 12 4 2 2 10 12 10 2 13 13 12 13 4 7 12 2 4 4 7 13 12 13 12 4 2 2 4 ,588.0
10 4 4 13 13 7 10 2 12 12 4 12 13 2 4 4 4 10 10 4 2 2 2 13 12 12 4 10 10 4 12 2 10 2 2 4 4 13 13 3 12 12 2 4 12 4 4 4 13 10 ,583.0
4 2 10 12 7 3 4 7 4 4 7 12 7 12 13 4 10 7 12 4 4 2 7 12 10 7 2 12 2 2 10 13 4 4 13 4 4 4 4 2 4 4 13 10 2 4 13 2 12 2 ,577.0
4 4 4 4 4 13 2 13 12 2 2 13 2 2 4 4 4 10 2 10 4 13 10 2 13 4 2 2 2 2 10 7 13 7 3 4 13 2 12 2 12 13 12 4 10 4 2 10 13 13 ,585.0
13 13 13 13 2 2 4 7 12 4 2 7 12 7 13 4 7 7 2 13 10 4 12 7 4 10 12 12 13 4 2 12 4 10 2 2 12 4 2 12 4 4 2 13 13 13 12 12 13 4 ,599.0
7 4 4 10 13 2 12 4 12 2 12 13 10 2 2 10 12 2 13 4 4 10 4 2 7 12 12 4 2 12 4 10 13 4 4 12 4 10 12 10 13 4 7 7 4 12 12 3 12 2 ,588.0
4 13 4 2 4 4 4 12 10 2 4 2 2 4 4 12 12 7 4 12 13 13 10 13 12 13 2 13 12 12 4 7 4 10 10 13 12 2 7 13 7 4 10 13 2 7 4 2 7 13 ,592.0
4 12 13 4 4 4 10 12 12 4 2 4 13 12 2 10 12 10 7 13 4 7 12 13 10 4 13 12 12 13 12 4 13 10 10 12 2 13 10 13 2 4 7 12 2 4 13 2 10 7 ,599.0
7 4 12 2 2 4 12 4 12 12 12 2 12 2 12 10 13 2 4 13 13 12 4 7 2 4 2 2 2 12 4 2 4 4 2 10 7 13 2 4 13 4 10 7 13 12 2 7 4 7 ,592.0
4 4 7 12 10 10 7 12 2 10 12 10 4 12 13 13 4 12 4 12 4 12 4 2 13 13 7 12 4 12 13 4 2 13 4 12 12 12 2 10 2 12 7 12 2 2 13 13 12 2 ,603.0
4 4 4 12 7 4 2 4 13 10 2 7 4 10 13 3 10 4 4 2 12 10 4 4 13 10 2 10 2 13 7 10 12 12 7 13 2 10 10 4 2 7 4 12 2 4 4 12 12 2 ,581.0
13 2 4 12 2 4 4 13 2 7 10 2 10 4 2 4 2 2 4 4 13 7 10 4 13 13 4 10 7 10 4 10 12 2 4 7 2 12 3 12 12 13 10 4 7 10 4 4 13 7 ,581.0
4 7 2 4 4 4 4 10 12 13 4 2 4 2 12 10 4 4 10 13 13 12 13 12 7 2 12 4 2 12 4 7 12 4 12 13 12 7 2 2 2 4 13 4 4 4 4 10 4 4 ,577.0
12 2 12 12 4 12 4 4 12 2 4 13 2 10 10 7 7 2 4 12 4 4 4 2 2 13 12 4 10 4 12 12 4 2 7 7 2 13 13 10 10 2 2 4 10 10 12 12 12 2 ,592.0
13 4 12 13 4 2 10 4 13 2 13 2 4 12 4 4 13 4 2 12 10 4 12 2 13 13 4 2 10 4 4 12 4 12 10 13 12 2 10 2 2 10 2 12 12 2 12 4 12 2 ,593.0
13 12 2 13 3 4 2 13 7 10 2 2 12 10 12 7 13 10 2 7 13 7 12 12 7 10 12 12 12 13 4 10 4 10 2 12 2 2 4 7 2 2 10 13 4 4 4 4 10 4 ,595.0
3 4 7 12 13 2 2 12 13 13 2 4 2 13 4 4 4 13 4 13 2 10 2 7 4 4 10 13 12 4 2 2 12 4 2 4 12 12 13 12 12 4 4 2 7 13 12 2 13 2 ,590.0
10 2 10 13 12 13 4 4 2 12 4 2 10 2 2 10 4 2 4 4 4 7 10 7 10 2 12 10 12 4 2 7 12 13 4 4 2 4 13 12 10 4 13 4 7 12 10 4 7 13 ,585.0
2 10 4 4 4 2 13 12 4 10 2 4 10 2 2 2 4 4 2 7 4 4 7 13 7 12 7 2 2 4 2 2 12 12 12 10 7 2 4 3 10 4 2 2 7 13 12 4 2 7 ,580.0
4 13 12 12 4 7 4 12 10 10 4 7 7 4 2 2 3 10 4 2 4 4 7 4 7 7 7 2 13 12 12 12 4 4 4 10 10 10 10 4 10 7 7 10 2 2 10 12 13 13 ,582.0
7 12 7 4 10 12 13 13 7 13 4 7 12 4 4 7 4 10 7 12 7 2 13 10 2 2 4 4 2 10 2 2 12 13 2 12 4 2 4 10 2 4 2 4 4 4 12 4 13 13 ,586.0
4 2 2 10 13 4 13 4 4 10 2 2 2 2 12 4 4 4 4 2 13 12 12 12 13 12 10 10 12 12 4 12 13 2 3 2 12 2 4 12 7 13 13 2 12 13 2 13 7 12 ,598.0
4 2 4 4 4 4 10 7 7 4 2 12 7 2 4 4 10 7 4 4 10 4 10 12 7 7 2 4 4 4 2 13 12 10 7 2 13 7 12 12 12 12 2 4 4 7 10 4 12 10 ,576.0
3 4 7 10 13 4 12 2 7 4 10 2 12 2 4 2 4 12 4 4 10 7 13 2 2 12 4 12 7 7 4 13 12 13 12 4 2 13 10 4 7 10 2 7 7 12 4 13 7 10 ,587.0
7 4 13 2 12 7 12 10 13 4 2 13 4 13 2 2 4 4 7 2 7 4 13 7 7 13 10 2 13 13 12 7 12 4 4 13 10 2 10 10 4 10 13 3 4 4 10 13 4 12 ,589.0
4 7 2 7 4 4 10 13 10 10 13 4 3 7 4 12 10 13 2 7 12 12 4 10 2 13 10 13 4 7 13 13 12 2 2 4 10 4 10 2 4 7 13 7 2 12 2 4 2 13 ,589.0
4 12 13 4 4 4 4 13 13 12 4 2 2 4 12 10 12 7 12 4 4 4 7 2 10 4 13 4 13 10 13 2 13 10 10 2 12 4 2 12 7 3 13 7 2 4 10 4 2 12 ,583.0
10 2 2 13 2 10 13 2 4 2 13 12 4 2 4 12 13 4 12 4 4 2 4 12 4 4 4 13 4 10 3 10 2 7 2 10 10 4 2 4 12 12 4 2 7 10 10 4 2 12 ,579.0
4 2 4 10 2 12 4 4 13 4 13 2 7 7 4 4 13 13 12 12 2 13 4 7 4 10 2 4 12 4 12 10 2 12 10 7 13 2 2 4 10 13 13 13 12 12 4 4 2 10 ,589.0
4 13 4 10 12 13 7 4 10 4 4 7 10 7 10 10 10 4 7 7 4 3 2 4 12 10 12 4 2 10 13 7 13 4 12 13 13 2 13 2 12 4 13 13 2 13 4 13 3 7 ,586.0
2 10 13 13 4 12 7 10 10 4 4 2 7 13 4 4 13 4 4 4 13 7 13 2 10 4 7 4 13 7 12 10 12 4 7 7 4 2 3 12 4 7 10 2 2 7 4 13 7 2 ,581.0
13 10 2 10 7 7 12 12 10 12 12 4 4 2 4 10 4 4 4 4 10 2 2 7 4 7 10 4 10 12 10 2 2 10 2 4 13 2 4 2 4 7 3 4 13 10 12 2 13 4 ,579.0
10 4 4 4 12 4 4 10 4 2 2 10 10 7 4 2 13 4 3 4 4 13 13 4 13 10 13 13 12 12 12 7 2 4 4 12 13 13 2 12 10 13 13 12 12 12 7 4 7 13 ,589.0
10 10 7 2 10 2 4 12 10 4 4 13 12 7 2 13 10 10 3 4 4 13 2 10 2 10 13 7 4 13 12 10 4 13 2 12 2 2 2 7 4 13 7 2 4 10 13 4 7 4 ,587.0
10 10 7 13 12 2 4 2 2 4 4 2 10 7 4 4 4 2 2 12 4 13 13 13 3 12 13 13 7 2 2 2 7 4 7 4 10 2 12 2 10 4 4 13 2 2 4 10 10 4 ,582.0
4 10 3 10 7 4 12 10 13 4 10 4 10 2 12 13 2 7 2 4 4 12 7 4 7 10 2 4 10 2 13 13 10 12 12 4 12 10 12 4 12 2 12 2 2 13 10 2 10 2 ,591.0
2 10 13 10 2 7 4 13 2 13 4 2 4 2 12 4 3 13 2 2 2 2 4 4 4 10 2 7 10 13 4 10 12 13 13 10 2 7 2 13 7 2 4 13 12 2 4 2 10 2 ,589.0
13 2 13 4 2 12 7 4 10 10 12 2 12 12 4 12 2 12 10 13 12 13 2 10 4 2 7 10 2 4 4 7 2 4 12 2 7 2 4 7 13 12 12 7 4 12 4 7 4 2 ,594.0
2 4 10 13 2 2 13 13 4 2 13 12 4 13 2 4 2 12 10 12 7 10 12 10 4 7 4 13 4 13 12 12 7 13 12 2 2 4 13 2 4 12 4 13 10 4 10 12 12 12 ,599.0
10 4 3 7 10 4 4 2 13 10 13 10 7 2 2 4 4 2 13 4 2 4 4 13 7 2 4 4 7 2 2 12 4 4 2 12 12 4 10 2 10 7 12 13 10 10 7 7 12 7 ,581.0
13 10 2 13 2 2 12 12 12 4 13 13 2 4 2 4 13 4 7 10 4 10 2 7 7 13 4 7 10 12 10 12 13 7 2 3 12 2 10 12 7 4 4 4 12 7 13 4 2 4 ,591.0
4 7 4 13 7 4 13 2 10 2 7 4 2 4 2 2 7 4 13 10 4 12 2 4 12 2 4 3 2 4 7 13 2 12 4 10 4 12 7 4 10 4 2 7 2 7 4 4 10 10 ,573.0
4 12 7 12 4 7 4 10 4 7 7 12 2 3 2 4 12 10 4 2 13 12 4 12 13 12 4 4 10 10 7 4 4 13 13 4 2 4 4 4 4 10 13 10 12 4 4 12 7 13 ,576.0
7 4 4 4 2 10 4 2 7 7 4 13 2 7 7 4 4 10 4 4 4 4 4 2 4 12 7 2 12 10 2 10 7 2 7 10 13 2 13 4 2 13 10 7 10 10 2 10 3 3 ,572.0
7 13 12 13 12 13 7 2 2 13 4 2 4 4 4 2 4 4 12 4 12 10 7 12 12 2 2 12 10 4 13 10 3 2 10 13 2 10 4 12 7 10 4 4 2 4 4 4 2 13 ,584.0
7 7 2 13 4 12 4 4 4 7 4 13 2 2 4 2 13 12 4 4 13 4 7 10 7 10 10 13 10 2 2 10 12 10 13 4 7 2 2 2 10 2 7 12 10 2 4 2 10 12 ,589.0
4 4 4 2 12 10 4 7 10 2 13 4 13 2 10 2 4 4 13 4 10 10 4 4 4 3 10 4 4 12 7 10 13 3 4 10 13 7 2 4 13 12 10 13 12 12 13 7 12 10 ,578.0
2 13 10 12 4 12 13 10 10 4 13 2 2 4 4 13 3 13 7 12 10 13 12 13 13 12 4 7 2 7 4 4 12 12 10 4 12 2 13 4 2 4 2 4 4 2 10 12 12 13 ,593.0
10 2 12 7 4 4 10 4 4 12 12 13 4 10 13 12 13 12 4 4 7 4 4 10 2 2 12 4 4 4 7 13 12 3 10 10 4 13 10 10 2 12 10 7 4 13 7 7 4 7 ,581.0
2 4 3 4 12 4 13 10 13 4 12 12 4 7 2 10 2 13 10 4 4 12 4 4 13 13 2 2 7 13 10 13 7 2 7 10 7 12 2 12 12 13 7 13 4 12 13 12 2 4 ,594.0
13 12 4 12 4 13 4 13 4 12 7 4 12 12 12 2 4 12 13 13 12 2 13 13 4 10 12 10 7 2 4 3 12 2 10 2 10 7 2 4 4 12 2 4 4 2 12 2 12 10 ,593.0
13 12 10 4 4 4 4 12 10 10 12 10 4 10 13 12 12 12 2 10 2 10 4 2 10 13 10 4 4 13 12 4 10 12 2 13 10 4 12 12 13 12 10 2 13 10 4 10 2 4 ,594.0
13 7 4 2 10 4 2 4 10 13 2 13 7 4 2 10 12 13 4 13 2 10 12 12 12 13 10 4 13 10 4 2 2 4 4 3 12 4 4 12 10 10 4 7 2 4 7 2 12 7 ,585.0
2 13 12 4 4 2 2 10 12 4 10 10 12 10 4 4 4 2 12 13 2 10 2 7 12 10 12 13 2 2 4 2 4 2 4 12 2 4 10 4 4 7 4 13 2 4 13 10 10 12 ,585.0
3 4 4 4 10 10 7 13 12 13 10 7 2 4 2 4 7 12 10 13 4 4 4 12 7 4 10 2 10 2 13 4 7 2 10 2 7 2 4 2 13 7 7 10 13 12 4 12 7 10 ,584.0
4 7 12 13 12 4 10 10 10 10 12 4 4 4 7 10 4 7 4 12 2 4 13 4 7 10 4 2 2 7 7 13 2 4 13 2 4 4 4 10 4 12 3 13 12 10 4 2 10 4 ,574.0
12 4 4 13 10 4 12 2 7 13 7 2 7 2 10 13 7 12 4 13 4 4 2 13 4 4 7 2 4 7 4 2 2 4 10 10 10 7 10 4 7 4 12 2 4 12 12 2 2 4 ,581.0
12 4 4 4 2 2 13 10 13 4 12 13 12 2 4 2 7 2 4 2 13 2 2 4 7 13 7 4 12 7 13 4 4 12 12 12 2 2 7 13 12 2 13 4 13 4 10 10 13 7 ,594.0
13 4 12 13 7 12 10 2 12 4 12 4 4 13 10 13 10 2 4 7 12 10 10 2 4 2 12 4 10 10 13 4 7 13 2 10 12 4 13 3 12 2 13 12 4 10 12 12 2 2 ,596.0
10 4 10 2 4 13 12 13 4 4 13 7 12 4 10 4 4 12 4 12 12 2 2 12 7 4 10 13 2 2 13 10 2 4 10 13 7 4 13 4 3 4 13 2 13 10 12 10 4 10 ,585.0
13 10 7 2 10 10 2 4 12 12 10 4 4 12 4 2 13 4 2 10 3 4 4 13 12 12 4 4 4 4 2 12 13 2 13 2 2 10 4 7 7 7 2 13 2 13 2 13 2 12 ,588.0
4 13 12 2 4 4 10 4 12 12 13 7 4 12 4 7 10 2 12 4 4 2 2 13 4 10 4 12 12 12 4 10 3 10 2 12 4 3 4 10 10 13 12 12 12 13 10 7 13 2 ,586.0
4 4 2 3 2 10 2 2 12 10 10 10 7 2 10 13 7 10 10 2 12 10 2 12 4 4 10 10 4 4 2 2 2 4 7 4 10 2 13 4 7 7 12 10 2 12 2 7 12 4 ,585.0
13 2 4 13 4 13 2 4 12 12 10 13 10 2 12 12 10 12 12 2 4 4 12 4 4 10 10 12 2 12 4 2 12 2 4 4 13 7 10 10 4 10 2 10 4 2 12 2 2 4 ,590.0
3 4 2 10 2 4 2 4 7 12 4 12 12 2 7 12 2 10 10 12 10 4 4 12 4 13 4 2 13 2 12 2 4 13 2 4 13 4 13 7 7 13 7 13 10 12 4 2 4 12 ,587.0
4 12 10 12 7 4 4 4 7 2 4 12 2 4 10 2 7 4 7 4 4 13 13 13 10 13 10 2 2 4 2 2 4 10 10 4 4 2 12 10 10 4 10 12 2 2 4 2 7 4 ,577.0
12 4 4 10 7 13 13 10 3 7 2 4 13 2 4 4 10 4 13 2 2 10 4 4 4 4 12 10 4 7 2 12 12 4 10 4 12 7 13 4 12 4 7 12 10 10 12 10 13 10 ,581.0
3 2 13 4 13 10 10 4 7 10 10 13 7 12 2 4 4 10 4 4 4 2 13 2 7 10 10 10 10 2 10 2 4 4 13 10 2 4 2 2 10 10 4 4 10 4 7 13 7 12 ,579.0
2 10 2 12 4 4 4 12 7 2 4 13 13 2 10 4 4 13 13 7 13 10 12 2 4 2 7 12 12 4 13 13 10 4 10 13 13 7 3 13 2 10 4 13 4 4 13 12 10 2 ,591.0
4 10 4 2 4 12 4 12 10 10 4 7 13 2 12 4 4 12 4 7 12 2 7 2 13 2 4 10 13 12 7 13 12 13 10 3 13 4 13 12 12 13 13 13 2 4 4 13 2 2 ,593.0
12 2 12 13 12 4 13 12 3 2 2 4 13 4 4 4 4 12 12 4 4 12 10 2 4 2 2 10 2 2 4 7 13 7 12 10 13 13 13 10 4 2 3 4 7 4 2 13 4 4 ,580.0
2 7 3 10 4 7 12 10 2 4 2 12 3 12 4 10 7 2 4 10 7 13 4 10 4 4 4 2 4 7 2 10 12 10 13 10 13 7 2 10 10 10 4 10 2 2 12 12 13 7 ,584.0
4 2 4 4 4 2 4 7 4 4 10 7 10 13 2 4 10 10 12 4 2 10 7 10 2 4 4 10 10 12 7 4 7 2 10 13 7 2 13 2 4 4 12 7 2 2 13 4 7 2 ,577.0
4 4 12 2 4 13 4 12 10 4 13 4 4 10 13 2 12 13 4 4 3 7 13 4 13 2 4 4 10 12 2 7 10 3 2 10 4 4 13 2 10 2 13 4 12 4 12 12 10 4 ,575.0
10 2 7 7 4 10 4 13 12 10 12 10 2 4 13 4 13 13 12 10 10 4 12 4 2 10 13 2 2 13 13 13 2 13 4 13 7 4 2 10 2 12 12 10 13 13 13 10 12 10 ,604.0
4 7 2 7 4 2 4 3 10 10 10 4 7 13 4 4 4 4 10 3 2 2 7 4 7 2 4 4 12 13 2 4 12 10 4 10 7 4 7 4 2 2 10 7 13 4 10 12 4 2 ,566.0
10 4 2 13 4 2 13 4 4 10 12 4 13 10 10 12 4 13 4 4 2 3 10 13 12 4 10 4 10 12 13 2 2 2 4 13 4 12 13 10 3 10 12 4 12 12 7 2 7 12 ,585.0
2 2 7 7 7 2 4 13 4 4 2 10 10 7 4 2 7 4 2 10 12 10 3 2 2 4 13 2 7 13 10 4 7 12 7 12 4 12 10 10 12 4 4 13 4 12 4 4 4 4 ,577.0
4 7 12 10 4 2 12 12 13 13 4 4 4 12 10 13 4 7 4 4 7 7 4 12 10 2 4 2 7 13 2 4 13 2 4 12 12 4 2 2 4 2 12 13 10 10 7 4 3 10 ,581.0
13 2 12 4 4 4 10 4 4 7 7 2 2 10 10 13 13 7 10 4 4 10 2 2 4 12 2 2 4 12 13 3 10 4 2 13 10 2 2 4 4 12 4 7 13 2 7 7 12 2 ,582.0
7 12 10 10 7 4 13 2 12 13 4 7 2 13 13 12 13 2 12 3 10 2 13 4 13 12 2 10 12 10 10 2 4 4 12 4 13 13 12 12 10 2 2 4 2 4 12 2 7 12 ,601.0
7 12 12 2 4 2 4 2 13 2 2 2 12 4 4 2 13 2 7 2 13 7 4 3 10 4 4 4 13 4 2 13 7 7 4 13 10 2 4 7 2 13 12 2 4 10 4 10 2 4 ,580.0
4 10 12 7 4 12 12 4 2 12 4 7 12 10 2 3 13 13 4 7 2 7 7 10 13 7 4 10 2 3 2 13 4 4 10 2 4 7 10 10 2 13 4 2 7 12 13 2 4 10 ,584.0
2 10 10 10 12 4 7 12 13 2 4 4 4 10 13 4 13 12 2 12 4 4 2 13 13 10 13 2 4 4 4 2 10 7 12 3 10 7 4 10 10 12 13 7 4 12 4 4 4 13 ,582.0
4 4 7 2 12 12 2 4 4 4 10 2 13 4 10 2 4 7 4 10 4 13 4 2 13 10 12 10 12 4 13 12 12 10 12 12 7 13 2 4 12 2 2 4 10 4 12 12 4 10 ,586.0
2 2 4 4 4 2 2 7 10 4 12 4 13 4 10 2 12 7 12 2 10 7 4 2 13 10 7 13 7 13 2 13 4 13 13 13 13 12 10 10 12 2 2 4 4 13 7 10 4 12 ,594.0
7 12 4 4 7 13 4 10 4 12 10 12 4 2 4 4 13 13 2 2 4 10 12 7 4 12 10 2 2 7 4 2 2 4 7 7 13 10 10 2 13 7 12 12 7 4 2 4 12 2 ,587.0
13 2 4 7 4 2 7 13 12 2 12 10 4 10 10 12 13 10 12 12 2 12 4 7 2 4 12 10 10 13 7 2 13 2 13 10 4 13 2 10 4 4 2 2 4 10 10 12 4 4 ,593.0
10 7 10 2 2 4 10 7 4 4 13 12 13 4 12 2 2 12 4 4 4 7 13 4 13 12 4 13 10 13 2 2 2 4 10 7 13 4 10 13 10 13 12 12 12 13 4 7 13 10 ,594.0
4 13 4 10 7 4 4 13 4 2 2 12 10 2 13 10 10 12 7 2 2 4 13 2 12 13 7 12 12 13 4 13 10 10 13 4 2 2 4 12 4 2 12 10 13 2 12 12 4 13 ,597.0
2 12 12 4 2 4 7 4 13 13 4 2 13 10 10 2 13 13 12 13 10 13 4 12 3 2 4 10 4 13 4 2 2 13 2 13 4 13 4 4 13 2 7 7 10 4 4 12 10 13 ,589.0
3 12 7 10 12 13 10 12 10 4 13 10 2 10 4 2 2 10 4 4 4 13 10 4 7 12 4 12 12 4 10 4 7 4 4 13 12 12 10 2 2 2 2 2 12 12 10 13 4 2 ,588.0
2 2 4 13 10 7 12 4 12 4 2 4 2 7 13 3 4 13 13 13 13 12 2 2 12 13 13 7 12 4 4 13 12 2 7 2 10 4 13 13 4 10 4 12 4 12 7 2 2 2 ,594.0
12 12 10 4 13 12 4 2 4 7 4 4 13 4 13 10 4 2 7 4 10 4 3 10 2 4 2 13 7 10 4 4 4 10 7 13 10 7 4 10 7 13 7 10 10 13 4 4 10 10 ,575.0
2 7 3 2 13 10 4 2 4 12 2 4 2 10 7 12 4 12 4 10 4 13 10 12 4 10 2 4 7 4 7 12 10 4 7 7 4 12 13 2 13 4 13 10 4 13 13 10 4 4 ,580.0
2 13 12 4 4 4 7 4 4 4 2 13 4 7 12 4 2 13 12 4 2 4 4 12 4 10 2 2 4 13 2 2 10 13 7 7 2 13 12 10 4 13 12 2 10 4 4 12 7 10 ,582.0
13 13 10 10 10 12 4 4 4 2 12 12 7 10 4 13 2 13 13 7 2 13 2 10 2 13 12 7 12 12 13 13 12 12 2 12 4 10 12 2 13 13 13 13 12 7 2 10 7 7 ,614.0
3 10 4 13 12 10 4 2 2 10 12 12 2 2 4 13 12 13 4 2 4 12 10 12 4 13 2 2 7 2 7 12 10 12 13 13 13 10 12 2 4 4 2 12 4 10 4 7 2 7 ,594.0
7 10 7 2 13 2 4 13 10 12 7 4 4 10 2 4 4 10 2 12 13 7 4 10 13 2 2 10 13 13 12 12 2 13 2 7 10 13 10 12 13 4 12 2 13 2 2 12 3 10 ,600.0
2 2 4 7 4 12 4 2 4 2 4 4 2 7 10 10 2 4 13 4 12 4 13 12 4 10 4 2 10 2 12 12 13 13 7 13 10 12 4 2 12 3 4 13 10 10 4 7 2 4 ,580.0
10 10 7 10 2 2 2 4 4 13 10 13 4 7 4 2 4 4 13 2 2 12 10 4 7 2 2 3 4 4 12 12 7 10 12 4 4 10 7 2 2 12 10 13 3 4 7 4 10 4 ,575.0
4 4 7 4 4 7 13 4 2 10 12 12 2 4 3 10 12 13 4 4 2 12 10 10 10 2 4 2 13 4 2 10 4 10 4 13 13 4 7 4 12 4 4 2 12 13 13 12 10 12 ,580.0
2 13 13 13 7 4 12 2 4 12 12 10 10 4 2 12 10 13 7 13 13 3 12 2 4 7 12 4 10 12 4 4 7 12 12 2 4 7 10 13 4 13 10 4 2 13 12 12 7 13 ,598.0
13 3 4 10 7 4 10 4 4 7 13 10 2 13 12 4 10 7 7 7 7 4 4 4 4 13 10 4 7 10 12 13 2 13 7 7 4 13 2 2 3 13 7 13 12 10 2 4 10 13 ,583.0
2 2 3 7 10 4 12 10 12 2 10 2 10 13 4 10 4 4 2 13 4 4 2 2 12 4 4 4 13 10 4 4 4 10 13 10 13 7 4 4 13 7 2 10 3 2 2 12 10 13 ,577.0
13 13 12 2 7 3 7 13 12 10 2 4 12 12 4 12 2 4 10 12 13 13 12 12 12 2 12 2 13 2 2 10 4 2 4 13 2 12 10 4 12 2 10 13 12 2 12 2 2 10 ,607.0
10 10 13 12 7 2 12 4 4 2 12 13 2 12 12 10 13 12 13 4 13 13 12 13 13 2 4 4 2 13 13 10 2 4 4 12 7 7 2 13 7 12 12 4 2 12 12 4 10 10 ,605.0
10 2 12 12 4 10 13 13 12 13 7 12 2 2 7 4 4 4 2 13 13 13 7 10 12 2 13 4 13 12 4 13 4 13 4 2 13 10 2 2 12 4 4 2 12 13 2 4 4 12 ,597.0
12 2 12 10 10 2 2 13 12 2 12 12 12 4 12 12 12 2 10 13 2 2 4 13 2 10 13 4 13 12 12 4 13 2 12 13 12 13 10 12 12 7 10 7 10 12 7 7 13 10 ,617.0
13 7 4 7 12 4 4 7 4 13 13 10 10 13 4 12 7 10 3 12 2 12 2 4 13 13 12 4 7 2 10 2 4 4 10 7 2 4 12 12 10 4 4 4 2 4 10 12 13 2 ,584.0
4 10 13 7 4 13 13 12 2 2 13 12 2 2 13 12 7 2 2 13 12 4 4 13 2 13 7 10 2 2 10 4 4 4 13 7 13 2 12 10 10 4 2 2 10 4 10 2 2 12 ,598.0
13 13 7 4 4 4 10 4 7 10 10 13 2 4 4 10 4 4 13 2 4 12 13 2 7 3 2 7 2 12 2 10 4 4 12 10 12 4 13 4 13 12 4 4 4 4 4 4 10 2 ,571.0
2 13 4 7 13 4 10 10 7 10 12 12 2 2 12 10 12 13 12 2 2 12 12 13 4 3 12 4 12 4 4 7 7 10 2 10 4 13 10 10 7 4 12 4 7 13 13 12 13 4 ,596.0
4 12 13 2 4 4 4 2 4 4 12 7 4 10 13 12 2 4 12 4 10 4 13 2 12 4 10 4 10 13 3 12 4 2 7 2 10 10 10 12 12 7 10 2 2 4 7 13 13 12 ,584.0
10 12 13 12 13 13 10 4 4 12 4 12 2 3 4 13 13 4 12 2 4 2 12 13 2 12 10 13 12 4 10 12 4 13 13 7 2 4 2 2 7 2 13 7 12 13 4 4 2 4 ,594.0
7 13 2 2 4 4 4 7 3 4 12 2 13 7 10 4 4 12 4 4 12 12 13 2 12 13 2 7 12 2 12 2 7 4 12 4 7 12 2 13 2 4 4 2 10 7 12 2 13 4 ,587.0
13 10 10 13 4 4 7 4 2 10 7 13 4 4 10 13 13 10 4 13 13 12 12 12 4 2 4 4 7 10 10 4 12 10 2 4 10 13 2 12 2 2 2 13 4 2 2 4 4 10 ,586.0
7 4 12 10 7 4 10 2 2 4 7 4 2 4 10 13 10 12 2 4 10 10 4 2 4 7 10 2 4 12 4 2 10 13 4 4 4 12 4 2 7 12 10 13 4 10 4 2 4 13 ,575.0
2 4 12 2 10 10 7 12 7 2 12 10 13 4 4 13 2 2 12 12 4 10 2 4 4 13 4 13 2 13 13 13 4 4 4 10 13 4 2 3 4 7 12 4 4 2 12 4 13 4 ,581.0
4 10 12 13 13 4 2 4 13 2 10 4 12 13 7 4 4 12 12 4 13 13 2 4 4 4 12 12 4 4 4 13 12 12 2 4 13 7 4 13 12 4 4 2 4 12 7 4 4 2 ,579.0
12 2 12 2 2 2 4 10 4 2 10 4 4 7 4 13 4 4 10 13 2 12 10 12 12 13 10 13 4 12 4 13 10 10 12 13 2 2 12 7 4 7 7 10 4 4 12 4 13 2 ,590.0
10 4 7 13 13 4 7 2 4 2 12 4 13 13 2 13 4 3 4 2 10 12 7 2 12 10 12 12 7 2 4 7 13 12 10 2 7 2 13 13 2 13 4 7 2 4 4 13 12 4 ,592.0
4 13 10 7 7 13 4 10 4 12 10 4 13 10 4 4 4 2 10 10 4 10 13 2 12 4 2 13 7 10 4 2 12 2 3 12 4 4 2 13 2 4 2 2 4 4 13 2 10 13 ,579.0
12 4 13 12 2 10 2 13 12 4 12 7 13 12 12 7 10 2 2 13 2 4 10 2 7 13 13 2 4 12 2 13 12 7 12 13 12 4 4 4 2 2 13 4 4 4 4 12 12 12 ,600.0
4 7 13 2 2 4 2 2 10 7 2 13 2 4 7 2 4 4 12 2 7 13 2 2 10 7 10 7 12 4 10 2 4 4 2 2 3 4 2 4 3 10 12 10 2 7 4 4 10 10 ,576.0
12 2 13 4 13 4 13 4 10 4 7 2 4 2 7 10 4 10 12 10 2 4 13 2 12 12 10 13 4 10 4 10 10 10 12 2 10 13 7 12 13 4 13 4 4 10 7 12 4 13 ,590.0
4 12 10 12 7 4 4 2 2 7 10 12 4 2 2 13 7 10 13 13 2 2 4 10 12 12 13 4 2 13 2 10 2 4 2 2 12 2 4 4 13 13 12 4 12 7 13 12 4 12 ,596.0
4 2 13 2 13 7 13 13 12 4 4 4 10 12 4 4 4 4 10 4 4 12 4 12 10 7 10 2 4 7 13 12 2 4 4 4 4 13 4 10 3 7 13 7 10 12 4 13 13 7 ,576.0
2 4 7 4 12 4 10 4 12 2 4 12 4 13 12 2 7 4 10 12 4 13 12 13 2 12 2 10 10 13 2 13 4 12 2 4 2 10 10 4 4 13 12 4 13 2 12 7 13 10 ,592.0
2 12 12 4 12 10 2 2 7 13 10 12 13 3 4 2 13 2 4 7 2 4 4 13 10 10 4 2 2 4 13 10 13 10 2 7 12 4 4 2 7 2 13 2 4 2 13 4 7 10 ,588.0
10 4 2 4 4 2 4 12 12 4 4 12 12 12 12 12 12 2 2 12 13 13 2 4 4 2 13 7 12 13 7 7 13 4 12 10 13 4 13 10 2 12 13 2 4 13 2 12 7 10 ,600.0
12 12 10 4 3 4 12 13 13 4 13 4 12 13 4 4 12 4 10 2 10 12 7 4 10 13 4 7 7 13 10 2 2 12 2 13 2 4 7 4 4 10 7 13 13 4 10 4 12 4 ,584.0
4 4 10 10 2 7 12 13 13 7 4 2 4 12 7 4 7 10 10 2 4 4 12 2 4 2 12 13 10 10 2 4 2 10 10 4 10 2 13 4 13 13 2 10 4 12 13 7 3 4 ,583.0
2 10 12 2 4 10 4 13 4 7 10 2 4 13 10 4 7 7 4 7 4 4 7 13 12 3 12 4 4 10 12 7 4 13 13 7 13 10 12 10 4 2 7 4 2 4 7 7 4 7 ,578.0
10 3 13 2 7 12 7 12 4 7 2 2 4 4 4 2 12 12 12 4 13 10 4 4 4 10 4 12 7 12 13 2 12 10 12 10 4 4 7 13 13 13 4 2 4 7 3 10 2 2 ,583.0
2 12 12 4 4 2 4 10 4 2 13 10 7 12 13 12 12 10 4 2 7 2 4 13 10 13 13 12 13 13 10 4 12 10 4 12 12 3 2 2 10 13 7 12 12 4 7 2 12 2 ,599.0
2 7 10 4 2 10 10 12 7 13 4 10 4 13 4 2 2 12 2 4 12 4 7 13 2 7 12 4 12 4 7 10 10 12 13 2 13 4 4 2 12 7 10 4 2 4 2 12 10 10 ,589.0
13 12 12 10 12 2 12 10 4 2 12 7 2 7 2 10 12 12 12 13 13 10 13 13 2 2 2 7 13 2 2 2 12 7 7 4 4 13 12 2 2 13 12 4 12 13 13 4 7 2 ,612.0
2 7 10 4 4 4 10 10 2 2 10 12 2 12 7 13 4 4 13 12 4 4 2 12 10 12 12 12 2 2 12 7 12 12 13 2 4 4 10 2 13 13 13 2 12 10 10 13 4 13 ,599.0
13 13 10 10 12 2 2 7 2 10 4 2 13 4 4 10 13 4 4 12 12 13 7 10 12 2 12 10 2 12 2 7 12 4 13 2 7 3 13 4 4 10 10 10 7 12 12 10 2 2 ,597.0
10 12 12 7 13 12 2 13 4 13 3 4 12 4 7 12 4 2 12 7 10 4 12 4 13 4 4 2 4 4 4 13 13 12 10 2 4 4 10 7 2 12 3 2 2 2 12 13 12 12 ,587.0
10 2 4 4 4 4 13 13 13 4 10 2 7 4 10 7 4 13 7 2 4 4 4 12 12 7 10 13 4 4 12 10 7 4 13 13 10 2 12 7 4 2 4 7 10 7 7 2 7 4 ,579.0
12 4 12 4 12 4 12 2 4 13 13 2 2 4 7 4 4 13 12 12 4 4 2 7 13 7 12 4 2 2 4 4 4 2 13 10 13 7 13 12 7 7 2 10 4 4 12 2 4 12 ,585.0
10 4 12 4 4 4 2 12 10 7 13 4 4 2 10 12 7 13 4 4 10 7 10 3 4 12 13 10 4 12 7 2 12 12 12 12 12 2 2 13 4 4 4 2 10 4 13 7 4 13 ,583.0
7 12 12 4 12 4 13 13 4 4 12 10 2 12 2 12 2 2 10 2 13 10 12 2 12 12 12 7 13 2 2 10 2 10 2 13 10 10 12 2 4 2 2 12 4 13 10 13 13 2 ,608.0
4 12 2 10 2 2 2 7 7 4 7 13 13 7 4 4 2 12 13 2 12 4 12 4 12 4 12 2 4 12 7 2 7 12 4 4 12 2 13 4 10 7 4 7 4 4 4 7 12 13 ,585.0
7 2 4 4 4 4 7 10 2 7 12 12 4 4 7 10 3 10 10 4 2 4 4 4 12 2 4 4 7 13 10 12 10 13 10 4 12 13 10 13 2 2 13 7 10 7 4 2 10 4 ,577.0
2 7 4 4 12 4 13 4 10 4 10 13 10 10 7 13 4 12 2 12 4 13 2 12 4 3 2 7 10 12 13 2 4 13 13 7 10 10 10 4 4 4 12 4 12 12 10 2 2 12 ,587.0
2 12 4 7 10 10 2 13 7 13 10 4 7 10 4 2 2 4 13 4 10 13 2 7 12 12 10 7 4 10 12 7 13 4 10 7 2 13 4 7 10 4 2 4 4 4 7 7 10 10 ,586.0
4 12 12 12 2 4 7 2 10 2 4 13 13 2 4 2 13 13 2 4 7 12 3 10 12 4 2 7 13 7 13 2 13 4 4 2 2 10 4 10 2 12 10 10 4 2 7 10 12 4 ,589.0
10 2 12 10 4 13 4 2 2 2 3 7 10 13 2 7 13 3 4 13 4 10 2 7 4 13 13 13 2 4 4 4 4 7 4 4 12 2 12 4 4 13 4 10 4 12 13 2 7 2 ,577.0
4 2 7 4 12 2 13 4 2 12 10 10 4 10 10 7 2 2 4 4 12 4 7 2 7 4 4 10 13 13 12 4 4 13 4 12 2 4 2 4 12 2 2 2 12 10 2 4 4 7 ,579.0
13 12 3 13 4 7 10 12 13 12 2 13 4 13 12 12 13 13 4 13 13 12 7 13 2 10 7 2 12 12 2 13 13 2 13 2 4 13 12 2 2 13 4 4 10 12 12 10 2 10 ,611.0
10 4 2 4 2 4 2 7 2 4 4 13 10 12 2 13 4 12 12 13 13 12 10 2 13 2 2 10 4 4 7 10 12 12 2 10 2 2 13 4 12 2 13 4 2 12 2 13 10 7 ,596.0
10 12 3 2 10 2 2 2 4 12 12 2 2 10 4 2 10 13 4 12 4 2 12 12 4 13 13 13 7 13 13 12 12 13 10 4 13 4 12 12 4 4 2 2 4 4 7 12 10 10 ,594.0
10 4 4 12 4 2 2 2 3 2 4 4 13 2 12 10 2 4 10 7 4 7 4 7 10 7 4 4 10 4 10 7 2 12 4 4 7 7 12 7 13 13 13 4 2 10 2 13 7 13 ,579.0
4 2 7 12 2 4 4 2 4 2 10 10 4 12 10 4 4 13 10 4 12 13 2 2 4 7 12 4 13 10 10 7 4 7 4 12 4 2 13 13 4 2 4 2 2 12 7 4 7 4 ,577.0
2 2 4 12 4 2 10 4 2 13 4 4 10 10 10 2 10 13 7 2 4 4 10 7 13 4 12 13 2 2 10 7 10 4 12 2 4 12 10 4 4 4 4 4 12 4 13 12 7 10 ,579.0
7 4 10 2 10 4 7 4 12 12 2 4 12 2 13 10 2 10 2 4 12 4 4 4 2 2 2 13 4 12 4 7 2 12 4 4 12 10 13 13 10 13 3 4 12 12 13 2 13 2 ,587.0
10 12 10 4 4 2 4 7 13 4 13 12 13 12 13 13 12 4 12 4 12 4 13 12 4 12 12 7 4 10 7 13 7 4 12 2 10 2 4 13 10 4 12 13 10 2 10 2 12 10 ,597.0
4 3 2 12 4 12 10 2 13 12 2 12 4 4 7 4 10 13 7 12 2 12 2 12 13 10 12 13 4 10 2 13 12 2 4 10 2 12 13 12 12 4 2 4 2 2 10 13 2 7 ,598.0
4 2 4 2 12 13 10 4 4 4 13 7 3 13 3 13 2 12 10 12 12 12 2 2 4 2 7 2 2 7 13 13 12 4 7 7 7 12 2 10 12 12 2 7 13 13 4 4 13 10 ,594.0
13 2 13 10 3 13 10 4 2 7 10 12 7 10 12 2 2 4 10 12 13 13 12 10 10 4 12 4 13 2 4 13 12 10 2 7 12 13 4 12 13 2 4 13 13 12 12 4 7 13 ,603.0
4 12 13 12 4 10 2 13 4 4 4 13 2 2 3 7 4 10 2 12 10 10 12 12 10 2 10 4 12 10 10 10 13 13 13 10 2 7 2 4 13 4 13 7 13 4 4 4 2 2 ,588.0
4 2 2 13 10 2 4 2 12 13 2 7 13 4 2 13 13 2 10 10 2 12 13 13 12 2 7 4 4 12 4 4 4 4 7 2 13 7 13 4 13 7 10 2 10 7 12 2 12 4 ,594.0
7 7 4 7 4 4 12 13 13 4 4 2 10 12 2 2 12 3 10 2 13 4 12 10 13 13 13 2 12 4 3 2 4 7 4 12 12 10 2 2 4 4 10 7 7 4 2 2 13 13 ,585.0
4 7 4 10 10 10 2 13 4 12 10 10 7 2 4 4 10 2 7 13 10 4 12 10 2 10 12 7 2 4 7 13 2 12 4 4 4 7 10 4 2 7 13 10 4 2 4 10 3 12 ,580.0
13 2 12 10 7 10 13 2 4 13 4 10 10 2 13 10 4 12 4 4 10 12 13 12 12 12 4 4 4 12 10 10 2 12 2 7 2 10 13 13 4 10 10 4 4 10 12 4 13 7 ,593.0
12 12 12 2 2 13 4 4 10 2 12 12 4 10 10 13 4 2 4 7 2 4 13 10 4 3 13 13 12 2 4 4 2 13 4 4 13 10 10 4 10 12 13 2 4 13 4 2 13 4 ,584.0
10 4 13 2 12 2 7 4 2 12 10 4 12 10 13 12 13 13 12 10 13 2 12 4 12 4 2 4 2 4 7 4 2 13 10 12 10 10 4 3 3 13 4 7 4 10 4 13 4 12 ,585.0
4 4 7 4 13 13 2 10 4 2 4 10 4 4 13 2 12 4 2 4 4 7 12 13 4 4 2 10 13 3 2 10 4 13 7 10 10 10 13 12 4 4 7 12 13 12 13 7 2 7 ,581.0
12 12 4 2 4 2 12 12 7 13 7 4 12 7 10 4 4 7 7 2 4 7 7 10 4 10 12 7 7 13 13 10 7 4 12 2 2 7 13 2 7 7 12 4 4 10 10 3 4 7 ,587.0
10 4 4 4 7 4 13 13 13 10 10 12 2 7 4 3 10 4 4 12 4 4 10 13 4 12 12 10 4 7 2 10 12 12 2 2 4 12 10 12 12 4 2 7 4 13 2 4 12 2 ,582.0
2 12 3 13 2 3 4 4 13 2 7 10 12 4 2 4 2 12 7 10 7 12 12 2 4 4 7 10 4 10 4 4 10 7 4 2 12 4 2 2 4 4 7 2 7 13 4 10 10 12 ,576.0
10 10 4 13 4 2 4 4 10 7 2 13 4 10 10 12 2 12 13 2 4 4 2 4 4 10 4 10 10 12 2 10 4 7 2 12 10 4 10 13 4 4 3 10 4 4 10 12 4 7 ,572.0
12 4 4 12 12 4 4 4 4 12 12 7 12 10 4 2 3 13 4 4 4 4 12 4 13 13 12 10 12 2 7 4 13 10 12 2 7 13 4 12 2 10 2 4 4 2 4 2 2 4 ,577.0
4 2 2 12 2 4 2 4 10 10 2 13 4 13 10 7 7 10 4 13 7 7 4 10 7 4 7 13 10 12 13 12 2 2 13 2 4 2 4 10 4 4 2 10 13 12 2 10 4 12 ,588.0
12 4 4 7 12 2 2 4 10 4 12 13 13 13 10 10 4 12 12 10 2 7 7 12 2 13 13 12 12 13 4 12 4 12 2 13 2 2 13 2 12 10 10 13 4 4 10 2 12 2 ,603.0
4 10 4 10 2 2 4 4 3 4 12 4 7 12 13 12 12 2 13 2 10 7 4 10 12 2 12 4 2 13 7 7 12 4 10 7 4 12 7 10 10 2 12 7 12 13 2 4 4 4 ,585.0
7 13 4 10 4 13 2 4 4 10 7 4 13 13 12 4 4 4 2 4 4 10 4 2 4 10 4 10 12 13 12 7 4 7 12 7 4 13 12 2 2 12 4 4 13 10 10 12 13 4 ,579.0
4 2 7 12 7 12 4 13 12 4 10 2 13 10 12 4 2 4 12 13 4 4 2 10 13 12 4 10 10 2 10 2 4 7 4 13 13 10 13 12 7 12 12 13 4 2 4 12 12 13 ,596.0
13 2 4 13 4 4 10 12 4 2 10 13 2 12 13 2 13 12 7 2 10 10 3 2 2 4 10 4 13 10 10 13 10 12 2 4 13 2 13 13 12 4 7 4 4 4 4 3 2 4 ,583.0
4 10 13 4 7 4 2 13 10 13 4 4 4 12 4 7 4 4 4 7 2 10 4 2 12 4 2 10 4 7 10 12 13 4 13 13 13 2 7 10 2 12 10 12 10 12 4 13 13 4 ,583.0
13 7 7 2 4 4 10 7 4 4 4 2 4 12 10 4 2 13 13 12 12 12 7 13 10 13 13 4 12 2 7 10 4 13 4 2 12 13 12 12 10 12 2 4 4 2 12 10 4 4 ,590.0
12 4 4 13 4 7 13 13 13 4 4 12 12 4 4 4 7 10 13 12 7 7 4 4 12 2 10 12 10 13 7 10 7 4 13 13 2 4 2 2 12 4 13 2 10 4 2 7 12 10 ,589.0
12 13 4 7 4 4 4 2 2 2 12 10 4 2 4 13 4 2 13 13 7 4 7 10 10 12 7 3 2 4 4 13 2 4 4 12 13 13 4 2 13 10 13 13 12 4 2 4 4 10 ,580.0
10 4 13 13 10 4 12 12 13 7 2 13 4 4 2 13 4 4 2 7 4 7 4 4 4 13 12 4 2 13 10 3 2 13 4 2 10 7 7 4 10 2 12 10 4 13 2 2 4 4 ,578.0
4 12 13 4 12 4 4 2 4 4 4 4 13 13 2 10 4 2 12 7 13 12 10 4 10 4 10 7 10 7 10 10 2 13 13 7 12 4 4 4 12 7 4 13 10 12 3 4 2 7 ,579.0
4 7 4 4 10 4 4 12 12 13 2 7 2 10 4 13 7 10 13 10 4 10 2 12 13 4 4 4 2 10 12 10 4 13 4 4 2 4 4 10 13 12 2 12 12 2 10 2 4 3 ,578.0
7 4 13 7 4 4 4 7 2 2 4 7 2 7 3 4 7 10 10 7 2 12 13 12 4 7 2 2 10 12 12 4 12 12 13 13 3 4 4 4 4 13 4 4 13 4 4 10 10 13 ,575.0
2 7 7 7 10 2 4 3 2 12 4 4 4 7 13 10 10 4 13 7 2 10 13 10 12 4 2 12 10 13 2 12 13 2 2 10 12 4 2 7 4 4 2 10 13 7 10 2 10 4 ,588.0
2 13 12 4 12 12 4 4 10 4 7 7 2 4 10 12 2 4 7 12 7 10 4 12 10 12 4 2 12 2 10 2 4 12 4 12 12 7 2 13 4 12 4 2 10 4 12 10 7 13 ,590.0
10 2 4 13 4 4 13 12 12 2 2 12 4 7 13 4 4 10 4 10 12 4 7 2 7 13 7 7 2 3 4 12 4 4 7 13 12 13 12 7 4 10 12 4 12 7 4 2 13 12 ,586.0
2 13 12 2 2 2 12 7 4 12 10 12 2 12 4 4 12 12 12 4 4 12 12 12 4 2 10 2 4 7 2 13 10 4 13 4 10 13 12 2 12 4 2 13 4 12 13 12 2 4 ,597.0
4 4 4 4 12 7 13 4 10 2 2 2 10 4 2 2 4 10 2 4 4 4 4 2 13 13 7 10 13 13 2 4 13 4 4 13 7 13 10 4 2 2 13 10 13 12 13 4 3 2 ,578.0
13 4 2 4 13 2 13 13 2 7 4 4 10 10 2 3 7 4 2 4 13 4 3 13 10 4 13 2 13 12 4 7 10 12 7 4 2 2 12 13 7 13 13 10 13 7 4 13 10 4 ,586.0
12 7 7 4 13 13 2 4 13 13 12 12 2 4 10 10 4 12 2 7 13 13 2 10 2 4 2 12 12 4 2 2 10 4 12 13 13 4 13 10 3 12 2 7 7 4 10 2 13 4 ,595.0
4 10 12 4 4 10 2 10 7 2 4 13 2 4 13 13 4 13 10 3 10 12 7 10 10 4 2 10 2 7 4 4 4 2 4 12 2 10 7 4 4 4 2 7 2 4 10 4 7 2 ,572.0
2 7 4 4 12 7 7 4 7 4 7 4 4 2 2 10 4 7 4 10 12 13 2 2 2 7 4 3 12 4 13 4 13 4 4 10 4 4 10 10 2 12 10 7 7 13 13 10 4 13 ,575.0
10 4 2 4 4 2 7 10 4 13 7 4 7 4 4 4 2 2 2 13 4 2 4 10 13 10 7 2 13 4 2 12 13 4 12 2 2 10 4 7 13 4 12 4 2 7 13 2 7 12 ,581.0
4 7 12 13 2 2 2 2 10 4 13 10 13 10 10 4 7 4 10 4 2 4 10 13 3 4 2 10 4 10 7 12 4 12 12 4 4 7 4 13 13 13 13 12 4 13 2 2 4 12 ,584.0
2 13 12 2 12 13 13 4 10 12 2 13 4 4 13 13 13 7 12 3 2 7 4 12 4 2 13 13 13 4 2 2 2 2 13 4 7 12 12 10 4 12 12 2 2 12 4 13 13 4 ,600.0
7 2 10 4 2 7 2 4 13 13 4 4 2 12 4 10 7 12 7 12 12 12 10 4 12 7 13 4 13 4 10 4 10 4 10 4 2 3 2 13 13 12 13 4 7 12 7 13 13 12 ,591.0
13 4 10 4 2 2 7 13 4 4 4 2 12 7 13 4 10 2 10 3 13 4 7 10 4 13 10 12 7 4 2 2 7 4 2 4 13 13 10 2 10 13 7 4 4 4 7 2 3 2 ,576.0
4 4 2 10 12 7 7 13 10 12 4 10 4 4 2 4 2 4 4 2 10 2 13 10 13 4 10 13 2 2 7 12 4 12 7 4 4 4 7 4 10 13 12 7 13 7 7 7 13 10 ,584.0
2 12 13 2 7 4 4 4 12 12 4 13 2 2 2 7 10 13 4 2 10 7 4 12 4 2 4 2 12 10 4 4 10 4 12 13 2 12 10 4 13 2 12 7 13 2 12 10 13 4 ,590.0
2 12 10 2 2 10 7 4 12 4 13 13 12 12 4 4 2 12 10 4 2 2 4 4 12 2 4 7 13 4 12 2 13 4 10 13 12 7 3 10 12 10 12 10 10 7 12 12 12 12 ,596.0
2 13 13 12 13 4 4 13 10 12 13 10 12 7 12 4 4 12 2 13 2 4 2 2 13 7 7 2 13 12 4 12 2 2 12 2 13 10 2 13 7 10 2 12 3 13 10 10 2 2 ,605.0
2 2 12 12 7 4 7 4 12 10 13 13 3 2 4 12 10 13 10 12 7 2 7 2 2 4 13 12 4 13 2 12 2 12 2 12 10 4 4 13 12 4 13 12 4 13 10 13 13 4 ,598.0
12 7 4 4 4 13 10 13 2 13 4 2 3 10 13 4 2 7 13 12 2 2 13 4 12 4 4 12 10 13 4 7 10 2 13 4 12 13 2 4 4 4 2 10 7 10 4 10 13 4 ,582.0
13 2 2 12 4 13 13 2 2 4 10 12 10 4 2 4 13 10 13 4 13 12 4 10 10 4 10 2 7 3 2 3 12 10 13 13 7 12 2 4 7 13 13 4 2 2 4 4 10 4 ,585.0
10 10 4 10 13 13 13 13 4 4 10 4 13 12 4 4 12 2 2 13 10 12 10 4 13 12 10 12 2 13 13 13 7 10 4 12 2 10 13 13 4 13 2 2 13 2 7 4 10 10 ,600.0
13 12 13 13 10 4 2 12 13 4 10 4 4 2 4 12 2 2 4 13 7 7 10 12 13 10 4 4 13 2 7 12 12 2 2 12 2 12 12 13 13 7 2 4 2 10 7 2 13 13 ,602.0
4 7 4 4 2 2 2 2 13 4 13 4 4 7 10 2 2 10 4 13 13 4 2 10 2 4 10 4 12 2 2 10 10 13 10 13 2 10 4 2 7 4 4 4 7 4 7 3 2 2 ,574.0
7 4 13 4 7 13 12 10 4 13 2 12 10 3 4 10 2 4 2 4 12 2 2 4 10 7 10 10 10 4 13 13 12 10 4 12 10 2 2 10 2 4 12 10 10 4 12 4 4 2 ,583.0
3 2 12 12 4 10 12 4 4 2 4 2 2 13 7 4 4 7 12 2 7 4 4 7 10 10 12 10 12 2 4 4 2 12 7 4 4 4 2 10 2 10 10 4 10 4 13 4 12 7 ,575.0
4 13 4 12 4 10 13 2 10 13 12 2 3 7 10 10 2 13 12 13 4 2 4 10 2 7 10 10 12 4 4 4 2 4 7 12 12 4 4 10 4 7 4 13 10 2 10 4 12 4 ,580.0
12 4 13 13 12 13 4 12 2 2 13 10 2 13 10 13 12 7 7 12 4 4 12 4 4 2 12 7 4 2 4 12 13 2 4 2 10 2 4 2 10 13 13 13 2 7 7 12 2 12 ,600.0
7 2 7 7 12 4 7 10 13 12 4 10 2 4 10 10 12 2 4 10 7 4 13 13 10 7 12 4 4 12 4 2 4 12 13 13 13 12 7 2 2 4 10 13 3 2 12 13 12 4 ,592.0
12 12 12 10 2 12 12 12 12 13 13 13 7 12 4 4 13 7 10 4 10 13 4 2 4 2 4 2 12 2 10 4 13 10 12 4 7 2 4 13 13 12 4 7 2 4 13 13 12 3 ,597.0
12 7 2 12 13 13 4 7 12 10 13 2 4 2 10 2 3 10 12 7 4 7 10 4 4 4 2 2 2 2 7 3 10 4 2 7 4 10 13 12 13 12 13 4 12 10 10 13 4 10 ,588.0
10 10 12 4 4 10 4 12 2 12 2 4 4 10 10 13 13 10 12 12 4 13 2 2 13 2 12 4 2 12 12 4 10 12 13 2 4 7 13 2 12 7 7 7 4 12 12 13 10 10 ,599.0
4 7 10 3 2 4 2 2 4 4 12 7 7 12 7 7 4 10 4 4 10 12 12 12 4 4 4 4 4 13 4 7 4 2 2 2 10 4 10 2 2 12 4 12 12 2 12 12 13 10 ,577.0
7 7 4 3 10 4 7 4 10 4 13 2 2 4 2 13 13 10 3 10 13 2 13 13 2 4 12 7 12 2 12 7 12 4 13 4 10 13 12 13 7 13 7 10 10 12 4 4 12 4 ,589.0
13 4 10 10 7 13 13 7 4 10 10 12 10 4 4 12 4 7 2 2 13 12 10 2 4 10 4 12 13 2 7 13 13 2 12 4 4 2 13 12 4 2 10 7 2 2 2 2 12 2 ,595.0
10 4 13 12 10 4 13 2 12 7 2 4 12 12 10 2 3 10 10 4 4 7 2 4 12 13 10 12 4 13 4 10 4 2 10 2 4 13 7 7 7 2 2 4 13 4 12 4 13 2 ,585.0
10 4 4 12 12 10 4 4 4 10 12 10 12 7 12 7 4 4 2 13 13 4 2 4 2 4 4 10 4 12 13 13 13 13 13 2 4 7 7 2 2 12 4 4 3 2 12 10 12 3 ,580.0
2 2 2 4 2 2 2 13 2 2 12 4 10 12 13 4 7 2 7 4 12 10 10 13 13 2 13 7 12 12 13 10 2 12 10 12 13 4 4 13 13 13 2 4 4 2 4 4 2 10 ,597.0
2 12 7 3 2 2 10 4 12 4 13 4 10 4 7 2 12 7 13 4 4 12 10 10 4 10 2 7 10 2 10 4 2 4 10 2 7 4 2 10 4 7 2 7 12 4 4 2 4 7 ,576.0
12 2 4 4 12 4 2 4 12 13 13 12 13 3 2 13 10 10 2 12 7 13 10 2 10 12 12 10 2 7 13 4 2 7 7 7 2 2 13 12 4 12 4 4 10 10 4 13 4 10 ,594.0
12 2 10 12 2 2 10 7 4 12 12 10 2 10 10 2 4 10 7 4 7 12 2 4 12 12 12 10 4 13 7 7 4 10 2 4 13 10 10 4 12 4 13 2 3 10 2 13 7 2 ,592.0
7 2 7 3 10 4 12 4 4 10 4 4 7 4 10 10 4 13 4 7 10 2 2 4 7 12 3 10 7 4 2 4 12 13 13 2 13 12 12 7 12 12 13 12 13 10 4 12 7 12 ,586.0
4 12 2 10 2 10 13 7 4 4 4 13 2 2 7 12 10 4 10 4 12 10 10 13 7 7 4 13 12 7 4 4 13 4 4 7 4 13 10 13 13 4 10 2 13 13 13 2 2 3 ,586.0
4 10 7 4 7 2 13 4 4 4 7 4 10 4 2 4 4 13 10 7 7 4 4 2 13 4 2 4 10 7 2 12 7 10 13 12 12 4 10 7 4 4 13 4 7 13 12 13 13 2 ,578.0
7 13 7 2 2 2 2 4 10 12 10 13 4 2 4 13 3 12 4 2 10 4 13 2 10 12 4 13 13 2 7 12 4 7 12 2 4 12 2 4 2 4 12 4 10 7 4 2 10 2 ,586.0
13 2 12 4 4 12 13 13 4 7 10 7 12 2 10 3 4 10 12 4 4 2 4 7 2 13 13 13 10 12 4 4 12 12 12 13 12 4 10 7 2 12 12 2 12 10 4 10 12 4 ,593.0
12 4 7 10 4 2 10 4 2 4 12 12 4 10 12 2 12 13 7 3 10 13 12 2 13 2 7 4 12 7 4 4 10 2 4 13 4 12 13 4 4 10 7 4 4 2 2 7 10 10 ,582.0
13 2 2 10 12 2 4 4 10 13 2 10 4 2 10 7 13 4 13 2 13 13 2 7 12 13 4 12 2 12 4 12 4 4 2 10 4 13 2 12 12 10 2 12 12 7 7 4 2 13 ,598.0
13 2 10 12 4 4 4 10 12 2 12 4 2 4 4 4 12 4 2 4 13 10 4 4 7 13 10 10 10 10 2 4 4 4 12 12 7 10 12 4 2 4 13 10 2 2 2 7 7 4 ,577.0
12 4 4 12 4 13 12 13 12 3 13 10 4 13 13 13 4 12 13 13 10 4 7 2 3 4 12 4 10 13 10 4 10 13 7 2 13 10 13 13 13 4 12 4 12 4 4 4 12 10 ,589.0
2 13 13 13 13 2 4 13 4 10 4 2 12 13 13 3 4 2 4 13 12 12 10 10 4 10 2 12 10 4 10 13 10 4 4 13 3 13 12 12 13 2 13 13 10 12 12 13 12 10 ,600.0
2 12 2 4 12 13 2 7 2 13 12 4 10 4 12 4 4 4 13 2 7 7 10 4 10 4 7 4 10 4 13 13 4 10 2 13 13 7 3 2 13 4 4 2 13 12 4 4 10 7 ,581.0
4 12 13 13 2 10 10 4 13 10 12 7 3 4 4 13 13 4 4 12 12 12 2 12 13 10 4 12 2 2 2 7 2 2 2 2 12 13 4 4 12 13 7 13 12 2 10 2 7 13 ,599.0
4 2 2 10 10 4 2 4 12 10 7 12 10 12 4 12 10 2 13 13 2 13 7 13 13 4 4 7 13 10 7 4 13 12 4 12 12 12 2 2 2 13 10 4 4 4 10 4 13 13 ,594.0
12 4 4 12 12 4 12 4 2 12 2 13 4 2 4 2 2 13 10 7 7 4 4 12 13 12 13 2 13 2 4 13 7 7 13 4 10 10 4 4 10 10 13 10 3 2 13 12 13 12 ,592.0
13 13 2 2 4 4 7 2 13 4 4 10 2 12 2 10 4 7 12 12 2 13 13 13 12 4 7 10 2 13 13 7 2 4 10 7 3 4 4 4 2 2 12 13 2 4 2 3 7 10 ,586.0
13 3 7 4 12 4 13 2 2 12 10 10 4 4 10 4 7 12 13 2 13 13 2 12 13 13 4 4 7 13 4 10 12 2 7 4 7 10 2 4 4 4 12 12 10 4 13 2 10 7 ,587.0
4 2 3 4 4 4 10 4 4 13 10 2 2 10 4 13 12 4 13 12 2 4 2 7 12 4 7 2 7 4 4 12 4 4 7 2 10 13 2 2 12 4 2 10 4 7 10 12 4 10 ,573.0
12 10 2 4 12 10 4 10 4 4 3 10 2 12 10 13 13 2 13 13 4 4 2 7 12 2 4 7 12 2 3 12 12 2 10 4 2 2 10 13 13 4 4 13 7 4 12 4 12 12 ,587.0
7 4 2 7 4 4 4 2 2 2 7 4 3 7 13 13 4 4 12 13 12 4 13 13 7 10 13 2 7 13 7 10 7 12 4 13 7 2 13 4 4 12 12 4 7 13 12 7 12 4 ,588.0
2 7 4 2 4 4 4 4 7 2 4 4 10 12 10 7 4 10 13 2 13 2 10 10 10 2 13 4 4 12 4 10 12 13 4 2 13 2 4 10 4 2 4 2 4 10 3 4 13 12 ,573.0
13 7 2 4 12 10 2 10 10 2 12 4 12 12 4 13 2 7 12 10 13 2 2 12 12 2 2 7 12 4 2 13 13 13 2 2 4 13 13 12 10 10 10 7 4 4 2 7 10 2 ,603.0
4 12 4 3 10 12 2 3 13 10 4 4 13 2 13 4 13 2 4 10 4 2 4 2 12 12 13 12 10 13 10 10 12 2 10 4 13 4 7 2 2 12 2 7 10 2 4 4 4 12 ,583.0
13 2 4 2 7 7 2 12 4 10 4 12 10 13 4 4 12 12 12 4 12 7 7 4 4 2 12 12 12 13 4 10 10 13 13 12 4 4 13 2 12 13 13 2 2 4 4 4 13 12 ,593.0
13 12 2 13 4 4 2 4 12 12 12 2 2 2 4 12 12 4 12 12 3 10 10 13 4 2 2 4 13 12 4 10 2 13 13 4 13 7 2 2 12 7 4 12 13 12 13 7 2 4 ,596.0
12 2 4 4 7 12 10 4 13 7 12 12 13 13 7 10 12 13 12 12 10 12 7 12 10 12 4 4 13 4 10 4 10 4 12 2 7 7 4 4 2 4 2 4 7 4 10 4 2 10 ,588.0
4 12 12 10 10 13 2 4 12 4 4 13 12 7 13 12 4 7 12 13 4 2 13 2 2 2 12 4 12 7 12 10 2 12 7 4 4 4 10 4 4 10 4 12 4 4 2 12 4 4 ,583.0
2 4 2 13 2 4 2 10 13 4 2 2 13 12 2 12 13 13 12 10 12 13 13 13 13 10 13 10 12 10 4 7 7 10 2 7 4 4 4 2 7 10 13 12 2 12 7 12 2 4 ,603.0
4 2 4 10 2 10 4 10 4 12 13 10 10 4 12 13 10 2 4 2 10 7 13 13 10 10 2 13 12 4 13 4 12 2 10 2 3 2 13 13 2 12 4 13 13 12 4 2 13 12 ,595.0
4 13 13 10 4 4 7 2 13 7 13 10 2 4 12 4 4 4 12 10 4 2 13 12 4 12 2 13 4 4 4 4 7 2 10 2 4 7 12 7 2 10 10 12 10 13 7 2 13 4 ,584.0
4 12 4 2 2 2 4 12 4 7 2 12 10 13 7 10 2 10 13 4 4 4 4 2 2 4 13 4 4 7 10 4 12 7 2 13 2 4 10 13 12 2 2 13 7 7 4 13 4 12 ,583.0
13 10 4 12 4 10 4 13 10 12 4 2 12 10 10 4 4 13 4 13 7 4 13 2 12 4 2 7 2 10 10 2 10 4 10 3 10 4 10 12 4 4 4 2 12 13 12 7 2 13 ,583.0
4 13 7 12 13 7 7 12 7 4 12 12 2 13 4 4 12 2 4 7 2 13 13 12 4 10 4 4 12 7 4 3 4 2 7 13 13 2 12 7 7 13 12 2 12 4 4 12 10 12 ,593.0
2 12 10 12 2 13 4 10 2 2 10 7 13 12 4 10 7 4 13 12 10 13 4 4 4 10 4 4 7 2 7 12 2 4 13 3 12 2 2 12 10 2 4 2 12 10 4 12 13 4 ,588.0
4 4 7 12 4 10 4 12 2 12 13 10 12 13 2 7 4 2 10 4 13 4 13 7 4 4 12 10 10 2 13 2 13 10 10 13 12 2 12 12 2 7 2 12 4 12 12 12 4 13 ,598.0
12 4 12 4 4 13 12 2 7 10 13 10 4 13 7 13 4 10 10 12 13 13 10 7 12 12 4 13 4 4 12 4 12 10 13 4 7 13 2 2 4 13 4 10 2 12 2 10 12 4 ,594.0
10 4 10 2 13 12 4 2 2 10 4 4 13 12 7 13 4 2 7 12 2 4 13 4 2 12 12 12 12 2 7 12 4 3 12 2 2 13 3 4 13 2 2 4 7 7 4 7 4 10 ,585.0
4 7 4 2 12 4 4 13 4 13 13 10 2 2 4 2 13 7 7 13 10 12 13 4 4 12 13 2 12 2 13 4 13 12 12 10 12 10 4 4 7 4 2 12 3 13 10 12 12 2 ,593.0
2 2 2 7 4 13 4 13 7 10 4 4 4 2 10 10 12 10 7 12 10 7 12 4 10 7 13 4 4 13 4 7 12 13 4 12 10 7 2 2 2 4 12 7 10 4 4 13 4 4 ,582.0
12 4 12 2 4 12 4 2 4 10 13 4 10 3 13 7 4 4 10 4 13 4 13 4 13 2 2 4 4 2 7 4 10 12 2 13 4 10 2 10 7 2 4 12 12 4 4 10 4 4 ,571.0
7 13 12 4 4 12 2 2 2 4 12 10 13 7 4 10 12 2 4 10 4 4 10 7 4 4 7 4 7 10 4 4 2 3 12 13 7 10 12 7 13 13 12 4 2 2 4 4 4 7 ,577.0
2 12 10 4 4 3 12 2 7 13 2 13 10 4 2 12 4 12 4 10 2 7 2 12 12 13 2 13 12 4 4 10 10 7 12 12 12 4 7 7 4 13 4 13 10 12 4 12 2 4 ,591.0
10 7 7 4 2 2 4 2 7 12 13 4 12 2 7 13 7 10 4 4 4 7 4 4 13 2 2 13 7 4 4 13 2 4 12 4 10 10 13 4 7 12 7 13 10 4 10 2 10 13 ,584.0
10 4 4 10 13 4 7 4 7 7 2 4 7 12 7 7 4 4 7 13 10 10 7 7 10 2 4 4 4 2 2 7 2 12 10 13 7 10 13 13 7 4 7 7 4 10 10 2 10 4 ,581.0
13 7 4 7 13 2 12 4 4 4 7 2 12 10 2 2 7 2 10 4 13 4 12 12 10 4 10 2 2 13 4 7 4 12 2 10 4 10 2 13 2 10 10 10 2 2 10 7 4 7 ,588.0
4 12 7 13 12 13 2 4 4 2 13 7 7 4 10 4 7 2 10 2 12 4 4 12 4 2 12 10 2 2 4 13 12 2 13 12 13 4 4 13 7 2 10 13 2 12 13 12 12 10 ,597.0
2 10 10 10 2 7 12 4 10 10 4 2 2 3 2 7 2 12 2 2 4 4 13 10 4 12 10 7 4 13 10 7 3 12 12 12 12 10 4 12 13 4 4 4 10 13 4 2 4 4 ,580.0
13 2 10 4 7 12 4 10 12 2 7 2 13 4 4 4 4 12 4 12 2 2 13 4 10 12 12 10 13 13 10 4 2 12 10 4 7 2 12 10 4 10 10 2 2 2 7 4 10 4 ,587.0
4 4 4 10 2 4 7 13 12 4 10 2 2 2 12 2 13 2 7 4 4 4 4 10 4 10 12 7 4 2 12 7 2 2 12 4 12 2 10 4 12 7 12 4 10 7 13 4 7 12 ,582.0
3 12 12 4 4 2 4 12 10 4 13 12 7 2 4 12 2 2 12 13 2 10 13 13 2 4 2 10 4 2 10 2 10 2 2 13 10 10 10 2 12 12 7 2 2 10 12 2 12 2 ,598.0
2 13 12 2 4 13 10 4 2 7 7 2 10 2 4 12 4 4 13 2 2 7 4 12 12 13 12 13 7 13 13 13 4 2 2 4 2 4 12 12 10 10 2 12 4 2 10 12 10 12 ,598.0
2 2 10 2 12 4 12 4 4 12 4 13 7 2 4 10 2 12 10 4 4 10 3 2 10 12 2 12 7 2 4 2 12 12 4 10 7 7 13 10 12 10 4 12 13 13 4 4 2 12 ,588.0
4 4 7 4 10 4 10 7 7 12 7 10 12 10 4 13 2 10 3 7 4 13 4 7 12 3 2 2 13 10 7 13 7 13 2 12 10 13 2 2 4 13 10 10 4 4 10 4 4 7 ,581.0
2 2 4 2 2 13 10 4 2 7 4 7 10 12 4 7 4 13 13 10 2 4 4 2 13 13 4 10 2 12 7 7 13 12 10 12 2 4 13 4 2 4 2 4 7 4 10 2 2 12 ,586.0
2 12 4 12 13 4 4 12 10 10 4 4 12 13 13 13 2 4 13 4 2 4 4 4 10 12 13 12 7 2 4 13 2 12 4 13 4 13 2 4 4 12 10 10 4 12 4 10 10 7 ,584.0
10 12 12 12 10 2 10 4 4 4 4 12 2 2 4 12 10 2 4 4 13 13 12 2 4 4 4 10 10 12 12 13 13 13 4 12 12 7 10 10 12 7 4 13 2 10 10 13 2 12 ,595.0
12 10 10 13 10 13 13 12 10 13 12 4 10 13 4 12 7 7 12 12 10 2 13 13 4 13 4 7 12 4 4 2 12 13 4 13 10 4 10 12 3 12 10 4 10 2 10 7 2 7 ,599.0
10 4 4 4 2 13 12 4 3 13 12 10 7 13 10 2 7 7 10 13 7 4 4 7 7 10 13 7 2 2 10 13 4 4 7 2 4 2 4 4 2 2 2 7 4 7 10 4 10 4 ,577.0
4 13 4 12 7 10 4 13 4 13 12 4 4 2 4 13 2 4 7 2 2 7 4 7 4 12 7 4 2 12 4 7 10 10 12 2 13 10 4 4 13 2 10 4 12 2 7 2 10 13 ,583.0
4 10 7 13 4 7 7 2 10 2 13 3 2 7 13 7 13 12 10 2 4 13 10 4 10 4 10 10 7 7 4 2 2 7 4 4 12 12 7 2 12 4 7 4 13 10 13 7 4 12 ,587.0
7 10 2 4 7 2 7 7 4 2 12 4 7 10 10 7 10 4 12 4 10 2 13 2 4 4 10 4 12 4 4 4 7 10 10 7 10 4 10 2 4 13 13 10 2 13 4 4 4 2 ,575.0
2 4 10 10 4 4 4 2 10 4 12 7 12 13 7 13 4 13 12 7 2 10 13 2 13 4 2 12 4 7 10 10 4 4 13 2 4 2 10 4 12 12 13 2 7 10 2 13 4 3 ,585.0
2 10 12 4 4 4 2 4 4 13 4 4 4 2 12 2 10 13 2 12 10 4 2 2 2 10 10 10 12 2 4 2 4 12 7 10 13 7 12 13 10 4 2 12 2 2 4 4 2 12 ,584.0
12 12 4 2 4 12 4 10 12 4 13 12 4 10 4 2 10 4 2 2 2 4 12 13 2 7 12 13 2 4 13 12 2 2 13 2 12 2 7 4 4 4 13 4 2 7 10 4 13 13 ,589.0
10 7 13 4 4 4 4 10 4 2 10 12 12 12 2 2 12 4 4 2 2 2 3 4 7 13 4 2 4 2 4 10 4 7 7 2 12 7 2 12 12 4 2 12 2 13 13 4 13 7 ,582.0
12 12 10 2 4 3 4 4 7 12 2 10 4 13 2 7 4 12 13 4 12 13 2 4 4 12 4 7 7 2 10 4 12 10 2 12 13 13 12 7 7 4 2 2 2 7 13 13 13 4 ,590.0
4 4 13 12 2 13 4 4 12 12 4 4 4 13 4 4 2 13 4 2 10 13 12 2 2 2 2 13 4 7 12 2 2 4 4 12 13 7 2 12 13 2 12 10 4 2 3 13 7 10 ,586.0
10 4 4 13 12 4 2 12 10 4 13 4 4 4 2 2 10 2 4 10 10 10 13 10 4 12 12 10 13 4 12 10 13 4 13 4 10 12 7 7 2 10 2 4 13 4 13 4 4 4 ,580.0
4 10 4 3 12 2 10 10 2 7 10 7 13 4 13 12 12 10 12 4 4 4 7 12 2 4 2 10 13 3 12 12 4 2 4 12 13 4 2 10 10 2 2 10 7 2 4 4 13 12 ,584.0
4 10 4 10 4 2 2 2 13 7 13 4 3 12 13 7 12 13 2 4 2 2 13 4 4 13 4 4 7 4 12 4 3 13 4 13 13 4 7 2 13 2 7 7 7 10 2 13 2 13 ,583.0
10 2 4 7 13 2 4 10 3 2 10 10 7 4 4 7 7 2 2 13 13 2 4 4 13 13 10 7 7 4 12 2 7 4 4 10 7 13 12 4 4 10 4 10 13 10 4 13 2 10 ,581.0
4 10 13 10 12 2 12 10 2 3 13 12 10 2 13 4 7 4 13 4 4 12 12 13 2 2 2 4 4 12 2 10 4 7 10 12 4 10 13 12 2 12 12 4 13 13 2 10 12 7 ,596.0
4 4 4 12 12 4 10 4 13 4 2 2 10 10 3 12 2 4 12 4 10 2 10 13 13 13 10 4 10 4 7 4 13 4 2 13 4 2 4 13 4 7 7 4 4 4 13 10 12 12 ,575.0
2 4 13 4 10 2 12 2 12 12 2 4 13 10 2 10 4 13 13 12 10 12 2 12 12 12 12 13 4 4 2 7 7 4 4 2 12 10 2 12 4 4 12 4 2 12 12 12 2 13 ,599.0
7 13 12 2 2 13 7 10 4 13 10 7 12 2 2 4 4 10 10 4 7 4 3 4 7 4 4 4 13 13 13 4 13 2 12 2 12 7 4 10 4 2 2 12 2 10 4 4 2 2 ,581.0
4 13 4 10 7 10 2 2 2 13 4 10 10 2 12 13 4 4 13 13 7 10 4 10 4 13 2 12 13 13 4 13 4 4 7 12 4 4 10 12 4 10 4 2 12 13 12 7 13 4 ,587.0
10 10 13 12 7 2 10 12 7 7 4 12 10 10 4 13 4 12 3 10 13 7 13 12 10 4 4 10 4 4 12 12 7 4 12 12 2 7 2 4 7 2 12 7 2 4 12 4 13 7 ,591.0
2 12 2 4 3 2 12 7 7 13 10 2 4 7 4 2 13 4 4 13 2 12 12 2 12 2 4 4 4 4 2 10 4 10 10 4 13 12 12 7 12 4 2 12 13 12 7 12 13 13 ,591.0
4 4 4 12 2 12 4 4 13 4 4 2 12 4 12 7 13 2 2 4 2 4 4 7 4 13 13 12 2 13 2 10 4 7 2 7 12 13 2 7 7 7 13 7 2 10 10 7 12 3 ,585.0
2 13 4 4 10 4 10 4 4 2 4 13 2 4 12 4 4 7 4 13 12 7 4 4 2 4 7 10 10 12 2 13 12 2 4 2 10 2 7 4 7 7 12 7 7 2 10 7 7 10 ,579.0
4 7 10 4 4 2 2 7 3 2 13 4 4 2 4 4 10 2 7 12 13 4 2 7 7 4 10 12 13 12 10 10 4 4 4 2 4 13 7 2 12 4 2 7 7 7 4 4 4 12 ,572.0
2 10 13 12 4 10 13 2 13 2 2 10 13 4 12 10 13 10 12 7 2 10 2 4 4 4 2 12 12 10 12 13 4 13 7 4 4 4 13 13 4 2 12 12 12 4 13 12 10 2 ,598.0
12 4 2 4 13 12 4 4 2 7 2 4 7 4 2 10 4 13 13 13 4 4 7 2 7 4 10 12 13 13 7 2 7 2 13 4 4 10 12 13 4 2 4 10 10 4 7 10 13 2 ,583.0
2 2 4 4 2 10 7 10 4 10 12 12 13 4 4 4 12 7 10 4 13 4 4 2 2 12 2 10 12 7 4 10 2 4 10 4 2 13 10 4 12 7 4 7 10 4 7 10 2 13 ,580.0
10 12 10 7 3 13 4 10 4 13 4 4 7 10 2 2 12 7 4 2 7 2 4 2 10 10 13 13 10 10 3 13 13 10 4 4 2 13 7 4 7 4 4 7 4 10 7 4 4 4 ,573.0
4 2 13 2 10 7 12 13 4 10 10 4 13 10 7 2 2 10 12 12 4 3 2 12 13 12 13 4 4 3 12 10 13 4 4 4 2 4 10 4 10 4 10 4 12 2 13 12 12 2 ,584.0
4 4 13 2 4 2 2 10 2 2 4 12 13 4 4 7 3 10 4 13 13 10 4 10 4 12 13 2 13 2 10 7 7 13 2 4 10 12 2 4 12 2 12 12 12 13 12 10 12 2 ,592.0
13 10 10 4 2 13 4 4 4 2 4 4 12 4 10 2 4 12 12 12 12 4 4 2 13 10 2 4 10 4 7 2 13 12 12 10 4 7 2 12 4 12 7 13 13 10 13 4 10 12 ,587.0
7 4 12 13 12 4 4 13 2 7 4 2 12 10 2 4 2 7 12 10 2 7 4 7 12 10 3 12 13 2 2 4 12 4 2 3 13 13 12 4 10 4 13 12 12 7 10 7 2 10 ,590.0
4 12 12 4 4 12 12 7 12 10 7 4 13 12 7 4 12 4 12 10 10 13 12 2 2 13 7 13 12 4 3 12 12 13 10 13 13 2 10 13 13 4 12 10 4 4 4 13 2 10 ,598.0
13 10 4 4 4 12 10 10 12 12 4 4 4 12 13 12 13 4 10 2 4 4 12 13 7 4 10 3 10 7 12 12 12 2 4 10 4 12 4 13 13 13 2 13 4 3 4 2 10 7 ,582.0
7 2 4 7 2 4 13 2 4 12 4 7 4 12 10 3 4 2 12 2 4 2 10 10 13 10 12 4 10 2 7 4 12 13 7 7 4 10 4 4 13 4 3 4 7 2 13 4 2 10 ,574.0
4 13 13 2 12 4 13 10 2 7 12 7 13 10 4 4 4 13 2 4 12 12 7 4 2 4 2 12 4 7 13 4 13 13 2 2 4 2 4 10 10 2 3 12 12 4 12 4 13 12 ,587.0
7 13 12 3 4 2 4 2 2 10 4 12 4 7 2 12 2 4 13 4 4 2 2 4 4 10 13 4 4 2 12 4 13 4 7 12 12 12 7 12 12 10 13 13 10 10 7 2 3 10 ,583.0
12 3 10 13 13 2 7 4 10 2 7 12 10 4 4 2 13 10 12 4 10 4 4 13 4 12 7 10 13 4 12 2 4 12 10 10 12 13 12 4 10 4 4 10 10 2 2 2 4 4 ,583.0
4 13 4 2 13 12 13 12 7 13 4 12 4 13 13 7 12 4 10 7 10 2 2 12 10 12 13 4 12 13 7 13 2 10 2 10 4 4 12 2 10 7 7 13 10 13 3 7 2 10 ,600.0
13 13 4 12 2 2 2 10 4 7 2 4 2 13 10 10 13 4 7 4 12 13 10 2 2 10 12 4 13 12 7 4 4 4 13 4 2 4 4 12 10 12 7 4 4 2 4 10 4 12 ,582.0
7 2 4 10 13 4 3 4 7 2 13 4 7 4 13 7 10 12 2 13 10 12 10 4 7 4 4 7 4 12 2 10 13 13 10 7 12 2 2 2 13 4 7 13 10 2 7 4 2 3 ,584.0
4 2 7 2 4 4 4 4 4 4 7 4 2 4 13 7 7 12 3 13 13 10 7 12 4 4 4 7 12 13 10 13 4 13 13 4 12 7 13 10 12 10 13 10 4 12 4 10 12 2 ,581.0
13 12 7 4 2 7 10 4 4 2 4 4 10 2 2 10 12 4 4 2 12 2 4 7 12 13 10 2 12 2 2 7 13 4 4 13 2 7 10 10 2 2 4 10 7 4 10 7 3 3 ,579.0
13 4 4 2 4 2 10 3 12 4 7 4 7 7 7 7 4 7 2 4 4 2 10 7 2 2 10 10 13 7 4 12 7 4 10 4 10 4 2 2 12 4 13 4 13 10 13 12 12 13 ,580.0
10 4 10 12 13 2 12 12 10 10 2 4 4 4 4 12 13 12 4 2 10 4 2 12 13 13 13 7 10 12 12 12 13 2 4 4 7 12 7 12 4 10 4 10 12 13 4 7 12 12 ,597.0
2 2 13 2 4 13 12 2 13 7 10 4 4 12 7 7 2 4 10 12 3 10 4 4 4 7 10 13 12 13 12 4 12 12 2 2 4 12 2 2 12 7 2 2 10 12 4 2 4 2 ,590.0
10 2 10 10 4 2 7 7 10 7 12 4 7 7 4 13 12 7 12 4 13 13 7 2 4 13 7 10 2 2 4 10 12 13 10 13 4 4 4 4 4 3 4 4 10 4 4 7 10 7 ,577.0
13 10 4 10 2 2 12 12 12 2 4 4 13 4 7 12 4 7 12 10 2 4 2 4 4 12 13 13 4 10 13 2 4 12 4 12 7 13 12 10 13 2 4 12 13 10 10 10 4 10 ,592.0
7 4 12 7 13 7 10 10 10 4 2 10 2 12 10 4 10 7 4 4 10 12 4 7 7 4 10 12 4 12 4 10 13 10 12 4 4 4 7 10 4 4 2 3 12 2 2 4 10 4 ,574.0
12 4 4 7 12 12 12 12 2 13 4 7 7 4 3 2 4 13 4 2 4 10 10 2 7 2 7 13 10 7 7 4 4 10 12 2 12 4 2 4 4 10 4 13 2 12 12 12 13 13 ,587.0
2 10 12 10 2 4 10 4 12 2 13 4 2 12 2 12 12 2 3 4 4 12 4 13 12 2 4 2 2 4 4 4 2 13 13 2 13 4 12 10 12 10 4 10 13 2 13 10 7 12 ,590.0
13 4 7 7 4 13 2 2 12 12 7 13 4 12 2 10 10 4 12 13 4 12 2 4 10 7 13 10 4 13 4 4 4 12 12 4 4 7 13 12 10 10 13 13 2 4 4 10 7 13 ,590.0
4 13 7 7 2 2 4 2 10 12 10 12 12 2 13 10 12 2 2 13 2 4 4 12 4 10 2 13 4 12 4 10 13 13 2 4 10 2 12 12 10 4 4 13 2 4 13 2 2 2 ,594.0
12 13 10 12 2 10 12 2 4 4 10 12 13 2 4 4 12 7 3 12 10 4 4 12 4 7 4 2 4 4 2 4 10 13 4 2 12 4 12 7 12 7 13 4 4 10 12 4 4 2 ,578.0
7 10 2 2 13 4 2 13 13 13 4 4 3 10 12 2 4 4 4 2 13 12 13 13 4 4 4 4 10 10 7 4 2 7 4 2 4 4 2 7 10 4 4 12 7 10 4 7 10 4 ,571.0
10 4 10 2 10 13 10 4 13 12 2 2 2 7 10 4 2 12 10 10 2 10 4 4 2 4 10 4 7 13 4 10 10 2 13 3 10 13 4 4 4 2 4 7 12 10 10 2 4 4 ,577.0
4 13 13 4 12 10 7 13 13 4 12 4 10 13 4 12 12 10 4 12 10 4 10 4 4 7 12 12 10 2 7 2 2 4 12 2 4 4 13 4 7 12 4 7 12 2 4 2 4 2 ,584.0
12 10 4 7 7 4 7 4 4 7 4 2 4 13 7 4 12 13 12 4 10 4 4 12 2 2 2 4 2 2 4 4 10 7 13 12 2 4 2 4 7 12 12 13 4 3 13 4 2 12 ,576.0
7 7 2 12 10 13 4 13 2 2 7 7 4 13 7 2 4 12 4 4 4 4 13 13 2 7 4 2 10 10 12 12 2 13 10 4 10 7 2 13 7 4 4 4 4 2 4 7 4 4 ,579.0
2 2 4 2 12 10 2 2 4 4 4 12 13 3 13 7 4 4 2 4 13 12 2 12 12 10 10 7 7 13 4 2 2 10 10 12 7 12 7 4 2 7 13 10 4 12 10 7 12 4 ,589.0
4 4 12 2 12 12 10 13 12 7 2 12 4 4 4 7 10 4 4 7 7 12 2 2 10 4 7 10 13 10 4 7 4 2 13 2 2 10 2 2 12 2 12 7 13 4 10 4 2 2 ,588.0
4 12 10 2 13 13 13 13 12 2 12 13 10 10 12 7 10 13 10 13 10 3 13 4 12 2 2 13 2 4 10 2 13 4 2 2 12 10 4 10 2 4 2 12 4 4 4 2 12 4 ,595.0
12 2 13 4 4 4 2 12 2 13 7 4 10 13 4 12 10 7 2 10 2 3 13 4 12 12 4 4 12 13 7 13 12 12 2 4 7 2 4 2 12 10 4 7 12 2 4 2 2 13 ,590.0
2 12 2 13 13 13 13 13 4 10 4 7 13 12 13 12 4 10 13 3 2 4 2 4 12 4 10 12 7 13 2 4 4 4 4 13 13 4 4 4 7 10 4 13 12 10 2 7 2 2 ,587.0
13 10 4 4 13 4 10 10 3 3 13 13 13 7 12 2 2 12 4 2 4 10 4 13 4 2 2 10 7 2 12 4 13 2 2 4 12 10 10 4 13 13 4 13 13 4 7 12 7 4 ,584.0
10 10 12 4 7 2 4 13 4 2 2 2 13 10 4 4 4 4 10 13 4 2 13 7 7 7 2 2 12 4 13 4 4 13 12 12 7 4 2 4 4 10 3 10 4 10 2 4 12 7 ,576.0
13 2 4 10 4 4 7 4 7 7 7 10 4 7 2 4 13 2 7 4 4 3 4 3 12 4 7 7 13 13 4 4 4 4 10 2 13 4 4 7 7 2 4 2 12 2 2 12 13 10 ,569.0
4 10 12 13 13 13 10 2 2 4 2 13 2 4 4 2 4 2 10 7 4 10 7 2 4 10 4 4 3 10 7 7 4 10 13 13 13 13 13 4 10 7 7 4 7 10 12 7 4 13 ,583.0
4 4 12 10 4 4 13 2 7 2 13 2 10 12 12 12 2 10 7 10 4 4 4 4 2 12 2 4 7 12 13 4 10 10 13 13 4 10 10 2 10 4 3 2 13 4 2 10 10 7 ,583.0
10 12 12 4 2 12 4 12 4 13 13 10 7 12 2 13 4 10 13 12 2 13 4 4 4 4 13 2 4 13 4 13 4 13 10 2 4 2 7 4 7 4 4 2 10 4 10 7 12 7 ,584.0
12 10 12 2 10 13 4 7 4 4 4 4 4 13 4 10 4 4 10 4 10 10 7 4 7 13 10 7 7 10 13 4 4 7 2 4 2 7 10 10 4 12 4 10 4 13 10 4 12 10 ,573.0
13 4 2 2 10 3 7 2 10 10 4 10 4 12 13 4 12 13 4 2 12 4 10 10 2 10 13 12 12 13 12 4 4 2 4 10 2 2 2 10 4 12 12 12 13 2 13 7 12 2 ,594.0
4 4 10 13 7 10 13 4 10 4 12 4 12 4 4 10 2 4 10 4 4 10 2 12 12 12 10 2 2 7 13 4 2 12 10 10 4 2 13 2 12 2 4 10 10 10 4 10 7 12 ,584.0
10 12 2 10 4 12 10 12 13 4 4 4 10 4 13 4 2 13 10 7 4 4 12 7 4 2 7 10 7 4 7 13 3 7 12 4 7 10 12 2 12 2 7 7 13 2 4 4 12 2 ,584.0
4 13 4 12 10 2 4 12 4 2 10 10 10 7 12 13 4 2 4 12 4 2 12 4 2 2 12 4 12 4 4 2 7 4 12 4 2 4 7 13 4 12 4 10 12 10 4 2 13 7 ,580.0
2 12 4 4 4 12 2 12 4 7 7 4 12 4 7 4 13 13 3 10 10 12 10 7 4 12 4 4 10 12 2 4 4 7 13 2 12 2 2 7 2 10 7 7 4 2 10 2 10 2 ,582.0
10 4 4 7 4 3 10 7 4 2 4 2 4 4 4 4 4 7 13 12 4 10 13 4 7 13 7 2 7 2 10 4 13 4 12 12 13 2 10 2 7 7 4 2 13 12 4 7 7 4 ,573.0
2 2 4 10 12 12 4 7 13 10 13 4 2 2 4 4 13 10 12 7 13 13 10 4 12 4 13 4 4 4 10 4 13 2 4 10 4 4 13 2 2 13 10 7 2 10 2 4 10 2 ,583.0
12 12 2 2 4 12 12 4 12 2 2 2 7 2 13 2 10 12 4 12 13 4 12 10 13 13 2 4 4 4 4 13 2 7 12 7 2 4 13 12 13 4 12 4 4 4 4 4 2 7 ,588.0
2 12 4 13 2 4 2 7 4 2 4 2 3 4 7 10 4 10 10 2 12 13 2 12 4 2 4 7 4 4 2 4 2 13 7 12 12 12 7 10 4 10 13 4 2 7 10 4 2 7 ,579.0
7 2 7 12 2 13 4 4 3 13 7 4 4 2 2 4 13 13 12 2 10 2 12 13 12 10 13 4 4 13 12 7 12 12 13 2 2 7 2 3 10 10 2 4 13 13 10 10 12 13 ,597.0
2 7 10 12 12 10 12 2 13 13 2 2 4 12 4 4 12 12 10 2 7 2 13 4 7 13 2 2 4 4 13 10 2 13 12 12 2 3 10 13 4 10 4 12 13 7 2 2 4 2 ,596.0
4 2 10 12 12 2 4 2 2 7 4 4 10 13 13 10 13 13 2 4 10 12 7 4 10 12 13 2 13 10 13 3 4 4 4 12 12 2 13 7 13 13 4 10 4 2 10 2 3 4 ,586.0
10 2 13 4 4 10 12 4 4 3 10 10 4 7 4 12 12 2 12 13 10 13 12 2 4 2 4 10 2 10 13 4 13 12 10 13 7 13 4 4 10 13 4 4 2 4 2 12 4 7 ,582.0
12 4 10 13 4 4 4 7 2 10 2 4 4 4 4 12 4 4 7 4 4 7 12 10 13 2 13 4 4 13 7 7 10 4 13 13 10 10 10 13 7 12 12 13 4 2 13 4 4 13 ,579.0
2 12 10 4 7 2 12 4 4 4 4 12 12 4 4 4 10 7 12 12 2 7 2 4 4 7 4 4 10 7 13 10 10 13 4 10 10 4 12 2 4 4 2 4 12 12 10 4 7 2 ,575.0
10 2 7 10 4 4 10 2 4 10 7 13 2 12 13 10 2 13 10 12 4 2 4 4 7 2 10 12 4 10 2 7 10 4 4 12 7 7 12 10 4 7 2 13 2 7 13 7 2 13 ,591.0
4 10 4 4 7 13 13 12 2 2 3 2 7 4 10 13 13 2 2 12 10 7 4 12 4 13 4 12 10 4 4 10 7 2 10 4 4 12 2 10 13 10 4 2 12 10 12 13 4 10 ,585.0
2 3 2 13 2 13 13 13 4 4 13 4 13 2 10 4 13 4 7 2 10 4 7 2 2 10 12 7 10 13 12 7 4 7 2 4 10 10 2 10 12 13 4 13 4 2 4 10 4 13 ,587.0
2 13 10 12 10 4 13 4 10 2 13 12 2 13 7 7 2 7 7 7 2 4 7 13 2 4 4 12 3 4 10 2 2 4 13 10 4 4 7 4 7 10 4 2 10 4 7 13 12 4 ,582.0
4 4 4 10 12 10 10 4 4 10 10 2 4 13 4 4 10 12 2 7 12 4 13 7 2 7 7 13 2 2 2 10 2 10 7 10 7 7 10 4 13 2 4 2 4 2 13 4 3 13 ,580.0
4 3 4 13 4 10 7 4 2 4 4 13 2 2 13 2 13 13 13 10 10 12 2 10 10 12 4 13 13 12 10 10 10 12 13 2 4 4 4 12 2 13 7 2 12 4 4 2 2 12 ,590.0
2 4 4 4 13 13 10 10 4 12 12 4 10 10 4 4 2 2 12 2 12 12 4 12 4 12 4 13 12 4 13 3 7 4 10 13 2 4 2 13 12 4 10 4 7 4 2 4 2 2 ,578.0
4 10 13 10 2 4 4 4 3 13 4 4 13 10 7 4 7 10 13 3 12 4 4 2 12 2 2 2 2 4 7 2 4 4 7 2 10 7 12 12 10 10 7 13 2 4 4 7 12 7 ,576.0
10 7 3 2 12 12 12 2 12 2 7 4 12 2 13 12 4 4 2 13 4 10 4 4 13 10 7 13 13 7 2 10 4 10 4 7 12 2 4 12 2 12 2 4 4 4 10 4 13 10 ,586.0
3 12 10 7 13 2 4 2 4 10 2 4 13 13 12 2 12 10 4 4 12 2 4 4 7 2 10 4 2 12 13 13 4 2 4 10 10 7 2 7 4 10 2 2 2 7 4 7 13 12 ,585.0
12 12 4 12 10 12 3 13 12 10 12 10 4 2 10 13 10 13 4 4 2 4 13 13 2 12 13 12 10 7 12 13 13 3 4 2 13 2 13 13 12 4 10 2 4 13 13 2 13 12 ,603.0
12 12 2 10 7 10 4 4 13 13 4 13 7 4 13 2 10 13 12 2 4 4 12 4 13 10 4 4 2 2 12 12 12 4 7 7 10 12 4 4 10 10 4 4 13 12 4 4 7 2 ,584.0
13 10 13 10 13 12 10 4 13 10 13 10 13 4 2 13 4 4 4 13 4 12 7 12 7 2 4 10 13 2 2 12 13 4 12 12 12 4 4 3 12 13 12 2 7 4 2 12 3 13 ,594.0
2 13 12 10 4 2 7 3 12 4 2 4 7 4 12 7 10 4 2 4 7 4 4 10 12 10 2 4 4 4 13 10 10 4 12 4 7 4 4 7 4 12 7 13 2 2 2 13 12 2 ,576.0
7 4 4 12 13 10 13 10 4 4 2 4 2 13 12 12 4 4 12 10 10 4 13 4 13 2 4 7 2 4 13 4 4 4 12 2 13 13 4 4 12 4 7 7 2 7 2 12 7 13 ,582.0
2 10 10 13 10 4 3 10 12 4 12 7 4 10 4 13 12 12 4 4 4 3 4 7 12 4 2 12 7 4 13 13 2 10 12 4 4 10 4 12 12 2 4 2 10 4 4 13 2 12 ,577.0
4 4 10 2 13 2 4 13 4 12 2 13 4 2 12 7 4 13 4 12 2 10 4 12 13 10 2 2 4 4 12 12 13 2 13 10 4 4 10 2 10 12 7 4 7 4 4 12 4 2 ,583.0
3 2 2 4 13 2 10 4 10 12 13 4 13 13 7 12 2 13 4 4 12 4 10 12 12 10 3 12 13 4 10 4 12 10 10 13 7 2 2 10 13 7 12 2 4 4 10 2 2 13 ,591.0
13 4 10 10 4 12 7 7 10 12 12 13 4 2 4 2 4 2 13 7 4 12 4 13 10 2 3 13 4 10 13 13 7 4 10 10 12 13 2 7 4 7 2 2 12 12 4 10 13 7 ,591.0
2 4 13 4 4 4 13 4 4 10 2 2 2 4 10 13 13 4 12 2 2 13 4 4 10 10 7 12 13 7 2 4 10 13 12 12 10 7 13 12 12 12 4 13 4 4 10 7 4 13 ,587.0
10 2 12 2 10 2 2 4 10 7 4 13 13 10 4 13 10 4 13 12 12 10 12 4 10 4 13 2 13 12 2 10 13 4 13 4 12 2 4 4 2 7 2 4 10 4 2 4 3 13 ,586.0
13 2 2 2 10 13 4 12 4 12 4 13 4 2 13 7 4 13 10 4 10 12 10 7 13 10 3 10 4 10 4 4 7 13 2 7 4 12 10 4 4 12 13 4 12 12 7 7 4 10 ,584.0
12 12 12 4 12 2 4 4 7 7 13 2 7 4 10 10 10 12 4 4 2 4 4 2 12 2 2 4 4 7 12 4 7 2 4 4 2 13 4 4 10 12 13 7 4 13 2 13 10 4 ,579.0
4 13 12 3 4 13 2 13 7 4 10 12 12 4 10 4 10 2 4 4 7 12 13 4 4 4 4 12 7 10 7 4 12 4 13 2 4 7 13 12 10 4 4 4 2 12 7 12 2 10 ,578.0
4 4 12 13 2 12 4 12 2 13 4 10 7 7 4 10 7 13 2 4 2 13 13 4 13 12 4 2 4 2 12 13 4 4 4 10 4 4 7 4 7 13 12 10 2 10 4 4 12 10 ,581.0
12 2 12 4 10 2 12 12 2 4 4 4 2 4 2 7 13 7 3 4 2 2 2 10 4 2 4 12 2 4 2 4 4 4 2 4 4 10 4 10 12 12 10 13 13 12 4 13 10 2 ,577.0
13 2 13 4 12 7 10 2 10 4 10 12 7 12 10 2 4 13 13 13 3 4 13 2 4 2 12 2 13 2 7 4 13 13 10 13 3 4 2 7 2 4 10 13 4 12 4 4 2 7 ,588.0
2 3 12 7 4 4 12 4 13 4 2 12 7 2 4 4 7 2 2 4 2 2 13 2 7 10 12 7 4 10 12 4 7 4 4 13 12 10 10 4 10 7 10 10 4 10 12 13 2 4 ,580.0
13 13 12 12 12 2 4 4 4 12 10 2 13 4 7 13 10 2 2 10 7 10 7 12 10 13 13 12 13 2 4 13 7 13 13 4 10 13 2 2 2 4 2 12 4 10 4 13 4 2 ,599.0
2 4 7 12 12 2 4 13 4 10 12 10 13 4 2 2 7 2 4 10 4 7 7 3 13 4 7 12 12 12 4 10 10 4 2 13 4 4 2 13 13 4 7 7 2 12 13 2 4 10 ,585.0
13 10 12 7 2 4 4 2 7 4 2 4 4 10 10 4 7 10 4 7 4 13 2 13 4 13 7 7 10 7 4 4 2 4 10 13 4 10 4 2 7 4 4 12 12 7 13 4 7 13 ,576.0
4 4 12 13 2 12 7 12 4 7 4 2 4 2 7 4 13 4 13 12 12 13 2 2 4 7 2 13 7 2 12 10 2 12 10 7 4 4 12 4 4 7 4 4 4 10 4 12 7 2 ,582.0
2 10 4 10 12 10 2 7 12 13 12 10 2 10 4 4 10 2 12 12 2 12 2 12 12 4 4 4 13 4 4 12 12 2 13 13 12 12 4 10 4 3 2 2 13 10 13 4 2 12 ,594.0
13 4 2 12 4 7 12 13 13 13 12 10 2 7 4 13 2 13 2 10 13 10 2 2 10 13 10 4 4 13 10 12 12 2 4 12 13 4 10 12 7 7 4 4 2 2 3 4 4 13 ,593.0
13 4 10 13 10 12 2 13 3 2 2 7 2 10 12 4 2 7 4 10 12 10 13 4 12 7 12 12 2 2 10 4 4 12 2 2 4 12 12 13 4 12 4 4 13 2 4 10 2 13 ,592.0
4 12 7 12 12 2 4 7 12 2 4 4 10 4 13 12 10 2 13 12 10 13 2 2 2 12 7 4 2 7 4 2 2 12 13 7 12 13 4 4 12 4 13 4 7 12 13 12 10 4 ,595.0
13 10 13 12 2 12 4 12 4 4 12 13 2 13 4 4 4 12 3 12 4 12 2 13 12 13 4 4 10 4 10 2 7 2 12 13 13 13 12 10 7 4 12 7 12 4 10 13 13 12 ,597.0
4 13 10 2 4 10 2 2 2 12 10 2 12 12 12 7 10 13 13 7 4 4 13 13 12 2 2 7 13 12 13 12 4 4 10 2 13 12 4 7 4 12 10 13 2 13 4 4 10 4 ,597.0
4 4 2 7 3 10 12 12 4 4 12 4 13 2 12 4 10 7 7 4 4 13 13 10 10 4 4 13 4 10 12 4 4 4 4 2 10 7 7 12 7 7 7 4 2 12 12 10 12 2 ,578.0
12 12 4 12 12 2 2 4 4 4 4 4 10 13 7 13 2 12 10 12 4 4 4 13 4 13 13 12 10 2 4 4 10 2 12 2 7 2 7 13 2 10 12 10 4 12 12 7 4 4 ,587.0
4 4 4 13 7 4 4 4 4 7 4 13 7 2 4 13 13 10 7 7 2 7 10 2 4 2 3 10 4 4 13 10 10 4 12 7 10 4 4 10 4 13 2 12 12 7 4 2 13 10 ,573.0
7 2 4 13 10 4 7 4 13 2 12 2 2 4 12 10 10 12 4 7 7 7 13 4 10 2 4 2 13 12 13 4 10 7 4 4 7 10 13 12 12 13 12 10 12 10 7 4 7 10 ,593.0
7 10 7 10 12 4 4 4 4 4 2 2 7 4 12 13 10 10 2 2 4 2 10 12 4 7 12 10 12 4 10 7 3 13 10 13 4 7 4 13 2 2 7 10 4 2 7 3 12 2 ,580.0
4 4 2 2 2 2 10 7 13 2 4 7 13 10 13 13 13 7 12 12 12 4 2 4 13 10 4 13 12 12 4 4 7 12 12 12 4 13 2 2 13 13 4 13 4 4 2 4 12 4 ,592.0
12 7 10 2 7 7 2 12 7 3 4 12 2 12 2 2 4 12 4 10 2 13 4 13 10 13 2 7 10 4 7 4 7 13 4 2 4 12 10 13 12 12 12 12 12 10 13 4 10 13 ,597.0
2 4 4 4 7 13 10 12 4 4 13 4 13 13 2 13 4 7 4 10 2 4 4 7 10 13 7 10 2 7 4 12 7 4 4 3 13 4 7 10 4 13 13 12 13 7 13 4 4 7 ,577.0
2 10 2 10 4 4 2 2 7 13 13 13 10 4 12 13 13 4 7 4 4 13 4 12 2 13 2 4 4 10 7 4 2 4 7 13 10 2 12 7 13 4 4 2 12 2 4 2 2 13 ,586.0
12 7 2 2 4 13 7 4 4 2 4 4 13 12 12 2 7 10 2 2 7 4 4 13 10 4 12 4 10 13 13 4 13 4 4 12 7 7 7 2 12 7 13 13 7 13 2 4 12 12 ,591.0
4 4 7 7 4 10 4 2 4 4 12 10 13 12 13 2 12 13 2 4 4 10 10 4 13 10 4 4 10 4 12 10 12 13 12 4 10 10 7 4 2 10 2 10 4 2 2 10 13 4 ,580.0
13 10 4 4 7 4 10 13 10 12 13 7 13 4 3 10 4 13 13 10 3 2 4 7 12 2 2 12 13 12 10 10 4 12 12 2 7 13 2 13 2 4 13 2 12 2 4 10 2 10 ,593.0
7 12 4 4 10 13 7 4 4 12 2 7 2 2 4 4 10 12 7 4 4 4 10 13 2 4 10 13 10 2 2 4 12 13 13 4 12 12 13 4 13 4 4 12 4 10 7 10 4 2 ,580.0
4 7 2 10 13 10 2 2 13 4 12 13 10 12 10 7 4 4 2 4 4 4 12 12 10 4 13 12 4 13 12 2 7 10 2 4 12 13 2 2 3 4 13 4 4 10 2 10 12 13 ,587.0
12 10 2 4 10 4 12 7 10 4 12 7 4 4 12 12 4 2 4 12 2 13 13 13 4 13 2 2 10 4 4 13 10 7 2 13 12 10 4 12 13 12 4 13 13 13 12 4 12 2 ,595.0
4 4 12 2 10 13 3 13 12 2 7 10 2 10 13 10 13 10 7 2 13 4 12 4 12 4 12 12 4 4 12 4 10 10 2 2 10 13 10 2 13 12 2 4 4 4 12 2 12 4 ,590.0
10 10 10 13 4 4 13 2 10 4 12 12 10 13 12 7 2 4 10 4 4 12 4 13 7 2 12 10 10 4 2 4 7 7 12 4 7 12 2 12 13 2 4 2 7 10 10 12 13 2 ,593.0
13 2 12 13 4 7 4 12 12 4 4 4 2 12 4 4 2 4 13 7 7 4 4 13 4 2 4 2 13 10 4 4 2 10 2 13 10 7 2 4 10 4 10 4 7 4 7 13 10 12 ,576.0
2 12 2 2 2 13 2 7 13 2 13 13 4 4 2 4 13 12 4 13 13 2 12 10 12 2 10 12 4 13 7 10 4 7 12 10 13 10 12 2 12 4 12 10 2 12 12 13 4 12 ,606.0
4 13 4 2 2 2 2 12 4 2 12 12 13 4 12 12 13 2 4 4 4 7 4 13 2 10 13 4 10 13 2 2 7 12 12 4 13 4 12 7 7 4 4 10 7 12 7 10 4 12 ,589.0
4 4 4 7 7 4 12 4 2 4 4 10 13 10 4 2 2 4 4 13 4 10 4 2 7 2 13 2 4 2 2 10 13 2 10 4 12 4 7 4 10 4 13 7 12 12 4 12 13 4 ,573.0
4 2 12 2 12 7 4 10 2 12 12 2 4 7 4 2 12 4 12 4 13 7 10 4 4 2 2 12 2 7 7 2 2 10 2 10 12 12 2 4 4 13 13 2 2 13 4 13 4 2 ,590.0
2 10 13 7 3 12 4 12 13 7 10 12 4 12 12 4 2 12 13 13 4 12 4 2 12 4 4 13 4 12 2 4 4 2 13 10 13 2 4 4 12 4 2 13 7 2 2 12 4 12 ,589.0
4 4 7 13 10 13 10 2 7 7 2 2 4 3 13 12 4 10 10 12 7 4 4 4 2 2 2 10 10 13 7 7 4 2 7 12 10 4 2 2 4 4 7 4 7 13 2 2 2 4 ,579.0
4 4 10 10 4 4 13 2 4 7 10 7 2 7 13 10 10 10 2 4 12 2 13 2 4 4 4 4 7 4 4 12 4 4 7 10 13 12 4 7 10 13 7 7 13 2 12 4 10 7 ,578.0
4 7 13 12 2 4 12 10 4 13 10 10 4 7 10 10 7 12 2 4 13 4 7 10 4 2 12 10 10 2 12 4 7 4 4 4 2 10 2 10 2 2 4 2 10 12 10 4 2 13 ,584.0
13 4 2 3 2 12 4 7 12 7 4 2 12 2 4 10 12 4 12 12 2 7 10 13 2 2 13 10 4 12 4 12 2 7 12 7 4 2 4 2 2 4 13 4 10 13 10 12 13 12 ,592.0
3 7 10 13 4 3 2 4 13 12 13 10 13 7 12 4 4 10 4 4 4 7 2 7 4 4 2 2 13 12 10 10 10 2 12 2 12 12 2 4 10 12 4 7 4 2 7 10 12 4 ,581.0
10 12 12 13 12 12 4 2 13 4 12 13 12 2 12 7 13 7 13 12 10 13 2 4 10 13 13 2 13 2 10 4 12 12 12 2 10 12 2 4 4 2 2 10 7 13 4 4 4 4 ,602.0
12 4 4 10 7 10 7 12 13 2 4 12 4 12 2 7 10 12 2 4 12 4 2 13 4 2 13 7 10 4 4 7 4 12 4 2 4 7 4 4 12 4 10 2 13 13 7 2 13 2 ,584.0
10 10 2 2 4 4 7 12 12 4 13 13 7 13 4 12 3 4 13 10 2 13 4 4 12 13 13 13 12 2 10 3 10 13 13 4 4 2 7 13 4 2 4 4 12 10 10 13 13 7 ,589.0
7 2 4 13 13 10 13 12 12 13 12 12 10 2 2 13 13 12 3 4 10 12 2 12 12 10 4 4 12 2 12 2 10 2 4 2 13 10 2 12 10 4 4 2 10 13 2 13 12 2 ,604.0
12 12 13 2 12 2 13 4 4 10 4 2 4 10 7 12 13 4 2 4 13 4 4 13 13 2 4 4 12 2 13 4 4 3 13 12 4 7 7 13 7 4 12 7 12 3 2 4 13 10 ,582.0
10 10 7 12 13 4 10 13 10 2 12 4 12 4 12 2 10 10 13 13 2 2 12 4 13 2 4 4 7 2 4 13 4 12 4 4 2 13 4 2 7 10 4 10 2 4 4 2 12 7 ,586.0
13 2 13 2 13 12 4 7 2 12 10 13 2 7 10 4 4 13 12 12 12 13 2 12 10 13 2 13 13 4 4 4 2 4 12 2 13 13 10 10 12 7 2 12 2 2 10 10 4 4 ,602.0
2 4 4 7 7 4 2 4 12 3 4 4 2 12 10 13 4 4 13 7 13 10 3 2 7 4 10 13 7 12 10 10 2 2 13 2 12 4 10 4 10 4 10 12 7 4 2 4 10 7 ,576.0
